image_path,label
C:/Users/somal/OneDrive/Desktop/Capstone_Model/algae_bloom_dataset\train\algae_bloom_0.png,0
C:/Users/somal/OneDrive/Desktop/Capstone_Model/algae_bloom_dataset\train\algae_bloom_1.png,1
C:/Users/somal/OneDrive/Desktop/Capstone_Model/algae_bloom_dataset\train\algae_bloom_10.png,0
C:/Users/somal/OneDrive/Desktop/Capstone_Model/algae_bloom_dataset\train\algae_bloom_100.png,0
C:/Users/somal/OneDrive/Desktop/Capstone_Model/algae_bloom_dataset\train\algae_bloom_1000.png,0
C:/Users/somal/OneDrive/Desktop/Capstone_Model/algae_bloom_dataset\train\algae_bloom_1001.png,0
C:/Users/somal/OneDrive/Desktop/Capstone_Model/algae_bloom_dataset\train\algae_bloom_1002.png,0
C:/Users/somal/OneDrive/Desktop/Capstone_Model/algae_bloom_dataset\train\algae_bloom_1003.png,1
C:/Users/somal/OneDrive/Desktop/Capstone_Model/algae_bloom_dataset\train\algae_bloom_1004.png,0
C:/Users/somal/OneDrive/Desktop/Capstone_Model/algae_bloom_dataset\train\algae_bloom_1005.png,0
C:/Users/somal/OneDrive/Desktop/Capstone_Model/algae_bloom_dataset\train\algae_bloom_1006.png,1
C:/Users/somal/OneDrive/Desktop/Capstone_Model/algae_bloom_dataset\train\algae_bloom_1007.png,0
C:/Users/somal/OneDrive/Desktop/Capstone_Model/algae_bloom_dataset\train\algae_bloom_1008.png,0
C:/Users/somal/OneDrive/Desktop/Capstone_Model/algae_bloom_dataset\train\algae_bloom_1009.png,0
C:/Users/somal/OneDrive/Desktop/Capstone_Model/algae_bloom_dataset\train\algae_bloom_101.png,0
C:/Users/somal/OneDrive/Desktop/Capstone_Model/algae_bloom_dataset\train\algae_bloom_1010.png,1
C:/Users/somal/OneDrive/Desktop/Capstone_Model/algae_bloom_dataset\train\algae_bloom_1011.png,0
C:/Users/somal/OneDrive/Desktop/Capstone_Model/algae_bloom_dataset\train\algae_bloom_1012.png,0
C:/Users/somal/OneDrive/Desktop/Capstone_Model/algae_bloom_dataset\train\algae_bloom_1013.png,1
C:/Users/somal/OneDrive/Desktop/Capstone_Model/algae_bloom_dataset\train\algae_bloom_1014.png,1
C:/Users/somal/OneDrive/Desktop/Capstone_Model/algae_bloom_dataset\train\algae_bloom_1015.png,1
C:/Users/somal/OneDrive/Desktop/Capstone_Model/algae_bloom_dataset\train\algae_bloom_1016.png,0
C:/Users/somal/OneDrive/Desktop/Capstone_Model/algae_bloom_dataset\train\algae_bloom_1017.png,0
C:/Users/somal/OneDrive/Desktop/Capstone_Model/algae_bloom_dataset\train\algae_bloom_1018.png,1
C:/Users/somal/OneDrive/Desktop/Capstone_Model/algae_bloom_dataset\train\algae_bloom_1019.png,0
C:/Users/somal/OneDrive/Desktop/Capstone_Model/algae_bloom_dataset\train\algae_bloom_102.png,1
C:/Users/somal/OneDrive/Desktop/Capstone_Model/algae_bloom_dataset\train\algae_bloom_1020.png,0
C:/Users/somal/OneDrive/Desktop/Capstone_Model/algae_bloom_dataset\train\algae_bloom_1021.png,0
C:/Users/somal/OneDrive/Desktop/Capstone_Model/algae_bloom_dataset\train\algae_bloom_1022.png,1
C:/Users/somal/OneDrive/Desktop/Capstone_Model/algae_bloom_dataset\train\algae_bloom_1023.png,0
C:/Users/somal/OneDrive/Desktop/Capstone_Model/algae_bloom_dataset\train\algae_bloom_1024.png,1
C:/Users/somal/OneDrive/Desktop/Capstone_Model/algae_bloom_dataset\train\algae_bloom_1025.png,0
C:/Users/somal/OneDrive/Desktop/Capstone_Model/algae_bloom_dataset\train\algae_bloom_1026.png,1
C:/Users/somal/OneDrive/Desktop/Capstone_Model/algae_bloom_dataset\train\algae_bloom_1027.png,0
C:/Users/somal/OneDrive/Desktop/Capstone_Model/algae_bloom_dataset\train\algae_bloom_1028.png,0
C:/Users/somal/OneDrive/Desktop/Capstone_Model/algae_bloom_dataset\train\algae_bloom_1029.png,1
C:/Users/somal/OneDrive/Desktop/Capstone_Model/algae_bloom_dataset\train\algae_bloom_103.png,0
C:/Users/somal/OneDrive/Desktop/Capstone_Model/algae_bloom_dataset\train\algae_bloom_1030.png,0
C:/Users/somal/OneDrive/Desktop/Capstone_Model/algae_bloom_dataset\train\algae_bloom_1031.png,1
C:/Users/somal/OneDrive/Desktop/Capstone_Model/algae_bloom_dataset\train\algae_bloom_1032.png,1
C:/Users/somal/OneDrive/Desktop/Capstone_Model/algae_bloom_dataset\train\algae_bloom_1033.png,1
C:/Users/somal/OneDrive/Desktop/Capstone_Model/algae_bloom_dataset\train\algae_bloom_1034.png,0
C:/Users/somal/OneDrive/Desktop/Capstone_Model/algae_bloom_dataset\train\algae_bloom_1035.png,0
C:/Users/somal/OneDrive/Desktop/Capstone_Model/algae_bloom_dataset\train\algae_bloom_1036.png,0
C:/Users/somal/OneDrive/Desktop/Capstone_Model/algae_bloom_dataset\train\algae_bloom_1037.png,0
C:/Users/somal/OneDrive/Desktop/Capstone_Model/algae_bloom_dataset\train\algae_bloom_1038.png,0
C:/Users/somal/OneDrive/Desktop/Capstone_Model/algae_bloom_dataset\train\algae_bloom_1039.png,1
C:/Users/somal/OneDrive/Desktop/Capstone_Model/algae_bloom_dataset\train\algae_bloom_104.png,0
C:/Users/somal/OneDrive/Desktop/Capstone_Model/algae_bloom_dataset\train\algae_bloom_1040.png,0
C:/Users/somal/OneDrive/Desktop/Capstone_Model/algae_bloom_dataset\train\algae_bloom_1041.png,0
C:/Users/somal/OneDrive/Desktop/Capstone_Model/algae_bloom_dataset\train\algae_bloom_1042.png,1
C:/Users/somal/OneDrive/Desktop/Capstone_Model/algae_bloom_dataset\train\algae_bloom_1043.png,0
C:/Users/somal/OneDrive/Desktop/Capstone_Model/algae_bloom_dataset\train\algae_bloom_1044.png,1
C:/Users/somal/OneDrive/Desktop/Capstone_Model/algae_bloom_dataset\train\algae_bloom_1045.png,0
C:/Users/somal/OneDrive/Desktop/Capstone_Model/algae_bloom_dataset\train\algae_bloom_1046.png,0
C:/Users/somal/OneDrive/Desktop/Capstone_Model/algae_bloom_dataset\train\algae_bloom_1047.png,1
C:/Users/somal/OneDrive/Desktop/Capstone_Model/algae_bloom_dataset\train\algae_bloom_1048.png,0
C:/Users/somal/OneDrive/Desktop/Capstone_Model/algae_bloom_dataset\train\algae_bloom_1049.png,0
C:/Users/somal/OneDrive/Desktop/Capstone_Model/algae_bloom_dataset\train\algae_bloom_105.png,0
C:/Users/somal/OneDrive/Desktop/Capstone_Model/algae_bloom_dataset\train\algae_bloom_1050.png,0
C:/Users/somal/OneDrive/Desktop/Capstone_Model/algae_bloom_dataset\train\algae_bloom_1051.png,0
C:/Users/somal/OneDrive/Desktop/Capstone_Model/algae_bloom_dataset\train\algae_bloom_1052.png,0
C:/Users/somal/OneDrive/Desktop/Capstone_Model/algae_bloom_dataset\train\algae_bloom_1053.png,1
C:/Users/somal/OneDrive/Desktop/Capstone_Model/algae_bloom_dataset\train\algae_bloom_1054.png,1
C:/Users/somal/OneDrive/Desktop/Capstone_Model/algae_bloom_dataset\train\algae_bloom_1055.png,0
C:/Users/somal/OneDrive/Desktop/Capstone_Model/algae_bloom_dataset\train\algae_bloom_1056.png,0
C:/Users/somal/OneDrive/Desktop/Capstone_Model/algae_bloom_dataset\train\algae_bloom_1057.png,0
C:/Users/somal/OneDrive/Desktop/Capstone_Model/algae_bloom_dataset\train\algae_bloom_1058.png,0
C:/Users/somal/OneDrive/Desktop/Capstone_Model/algae_bloom_dataset\train\algae_bloom_1059.png,0
C:/Users/somal/OneDrive/Desktop/Capstone_Model/algae_bloom_dataset\train\algae_bloom_106.png,0
C:/Users/somal/OneDrive/Desktop/Capstone_Model/algae_bloom_dataset\train\algae_bloom_1060.png,0
C:/Users/somal/OneDrive/Desktop/Capstone_Model/algae_bloom_dataset\train\algae_bloom_1061.png,0
C:/Users/somal/OneDrive/Desktop/Capstone_Model/algae_bloom_dataset\train\algae_bloom_1062.png,0
C:/Users/somal/OneDrive/Desktop/Capstone_Model/algae_bloom_dataset\train\algae_bloom_1063.png,0
C:/Users/somal/OneDrive/Desktop/Capstone_Model/algae_bloom_dataset\train\algae_bloom_1064.png,0
C:/Users/somal/OneDrive/Desktop/Capstone_Model/algae_bloom_dataset\train\algae_bloom_1065.png,0
C:/Users/somal/OneDrive/Desktop/Capstone_Model/algae_bloom_dataset\train\algae_bloom_1066.png,1
C:/Users/somal/OneDrive/Desktop/Capstone_Model/algae_bloom_dataset\train\algae_bloom_1067.png,1
C:/Users/somal/OneDrive/Desktop/Capstone_Model/algae_bloom_dataset\train\algae_bloom_1068.png,0
C:/Users/somal/OneDrive/Desktop/Capstone_Model/algae_bloom_dataset\train\algae_bloom_1069.png,1
C:/Users/somal/OneDrive/Desktop/Capstone_Model/algae_bloom_dataset\train\algae_bloom_107.png,1
C:/Users/somal/OneDrive/Desktop/Capstone_Model/algae_bloom_dataset\train\algae_bloom_1070.png,0
C:/Users/somal/OneDrive/Desktop/Capstone_Model/algae_bloom_dataset\train\algae_bloom_1071.png,0
C:/Users/somal/OneDrive/Desktop/Capstone_Model/algae_bloom_dataset\train\algae_bloom_1072.png,1
C:/Users/somal/OneDrive/Desktop/Capstone_Model/algae_bloom_dataset\train\algae_bloom_1073.png,0
C:/Users/somal/OneDrive/Desktop/Capstone_Model/algae_bloom_dataset\train\algae_bloom_1074.png,1
C:/Users/somal/OneDrive/Desktop/Capstone_Model/algae_bloom_dataset\train\algae_bloom_1075.png,1
C:/Users/somal/OneDrive/Desktop/Capstone_Model/algae_bloom_dataset\train\algae_bloom_1076.png,0
C:/Users/somal/OneDrive/Desktop/Capstone_Model/algae_bloom_dataset\train\algae_bloom_1077.png,0
C:/Users/somal/OneDrive/Desktop/Capstone_Model/algae_bloom_dataset\train\algae_bloom_1078.png,1
C:/Users/somal/OneDrive/Desktop/Capstone_Model/algae_bloom_dataset\train\algae_bloom_1079.png,0
C:/Users/somal/OneDrive/Desktop/Capstone_Model/algae_bloom_dataset\train\algae_bloom_108.png,0
C:/Users/somal/OneDrive/Desktop/Capstone_Model/algae_bloom_dataset\train\algae_bloom_1080.png,0
C:/Users/somal/OneDrive/Desktop/Capstone_Model/algae_bloom_dataset\train\algae_bloom_1081.png,1
C:/Users/somal/OneDrive/Desktop/Capstone_Model/algae_bloom_dataset\train\algae_bloom_1082.png,1
C:/Users/somal/OneDrive/Desktop/Capstone_Model/algae_bloom_dataset\train\algae_bloom_1083.png,0
C:/Users/somal/OneDrive/Desktop/Capstone_Model/algae_bloom_dataset\train\algae_bloom_1084.png,0
C:/Users/somal/OneDrive/Desktop/Capstone_Model/algae_bloom_dataset\train\algae_bloom_1085.png,0
C:/Users/somal/OneDrive/Desktop/Capstone_Model/algae_bloom_dataset\train\algae_bloom_1086.png,0
C:/Users/somal/OneDrive/Desktop/Capstone_Model/algae_bloom_dataset\train\algae_bloom_1087.png,0
C:/Users/somal/OneDrive/Desktop/Capstone_Model/algae_bloom_dataset\train\algae_bloom_1088.png,1
C:/Users/somal/OneDrive/Desktop/Capstone_Model/algae_bloom_dataset\train\algae_bloom_1089.png,0
C:/Users/somal/OneDrive/Desktop/Capstone_Model/algae_bloom_dataset\train\algae_bloom_109.png,1
C:/Users/somal/OneDrive/Desktop/Capstone_Model/algae_bloom_dataset\train\algae_bloom_1090.png,0
C:/Users/somal/OneDrive/Desktop/Capstone_Model/algae_bloom_dataset\train\algae_bloom_1091.png,0
C:/Users/somal/OneDrive/Desktop/Capstone_Model/algae_bloom_dataset\train\algae_bloom_1092.png,0
C:/Users/somal/OneDrive/Desktop/Capstone_Model/algae_bloom_dataset\train\algae_bloom_1093.png,1
C:/Users/somal/OneDrive/Desktop/Capstone_Model/algae_bloom_dataset\train\algae_bloom_1094.png,0
C:/Users/somal/OneDrive/Desktop/Capstone_Model/algae_bloom_dataset\train\algae_bloom_1095.png,1
C:/Users/somal/OneDrive/Desktop/Capstone_Model/algae_bloom_dataset\train\algae_bloom_1096.png,1
C:/Users/somal/OneDrive/Desktop/Capstone_Model/algae_bloom_dataset\train\algae_bloom_1097.png,1
C:/Users/somal/OneDrive/Desktop/Capstone_Model/algae_bloom_dataset\train\algae_bloom_1098.png,1
C:/Users/somal/OneDrive/Desktop/Capstone_Model/algae_bloom_dataset\train\algae_bloom_1099.png,0
C:/Users/somal/OneDrive/Desktop/Capstone_Model/algae_bloom_dataset\train\algae_bloom_11.png,0
C:/Users/somal/OneDrive/Desktop/Capstone_Model/algae_bloom_dataset\train\algae_bloom_110.png,1
C:/Users/somal/OneDrive/Desktop/Capstone_Model/algae_bloom_dataset\train\algae_bloom_1100.png,1
C:/Users/somal/OneDrive/Desktop/Capstone_Model/algae_bloom_dataset\train\algae_bloom_1101.png,0
C:/Users/somal/OneDrive/Desktop/Capstone_Model/algae_bloom_dataset\train\algae_bloom_1102.png,0
C:/Users/somal/OneDrive/Desktop/Capstone_Model/algae_bloom_dataset\train\algae_bloom_1103.png,0
C:/Users/somal/OneDrive/Desktop/Capstone_Model/algae_bloom_dataset\train\algae_bloom_1104.png,0
C:/Users/somal/OneDrive/Desktop/Capstone_Model/algae_bloom_dataset\train\algae_bloom_1105.png,0
C:/Users/somal/OneDrive/Desktop/Capstone_Model/algae_bloom_dataset\train\algae_bloom_1106.png,1
C:/Users/somal/OneDrive/Desktop/Capstone_Model/algae_bloom_dataset\train\algae_bloom_1107.png,0
C:/Users/somal/OneDrive/Desktop/Capstone_Model/algae_bloom_dataset\train\algae_bloom_1108.png,0
C:/Users/somal/OneDrive/Desktop/Capstone_Model/algae_bloom_dataset\train\algae_bloom_1109.png,0
C:/Users/somal/OneDrive/Desktop/Capstone_Model/algae_bloom_dataset\train\algae_bloom_111.png,0
C:/Users/somal/OneDrive/Desktop/Capstone_Model/algae_bloom_dataset\train\algae_bloom_1110.png,0
C:/Users/somal/OneDrive/Desktop/Capstone_Model/algae_bloom_dataset\train\algae_bloom_1111.png,0
C:/Users/somal/OneDrive/Desktop/Capstone_Model/algae_bloom_dataset\train\algae_bloom_1112.png,0
C:/Users/somal/OneDrive/Desktop/Capstone_Model/algae_bloom_dataset\train\algae_bloom_1113.png,1
C:/Users/somal/OneDrive/Desktop/Capstone_Model/algae_bloom_dataset\train\algae_bloom_1114.png,0
C:/Users/somal/OneDrive/Desktop/Capstone_Model/algae_bloom_dataset\train\algae_bloom_1115.png,0
C:/Users/somal/OneDrive/Desktop/Capstone_Model/algae_bloom_dataset\train\algae_bloom_1116.png,0
C:/Users/somal/OneDrive/Desktop/Capstone_Model/algae_bloom_dataset\train\algae_bloom_1117.png,0
C:/Users/somal/OneDrive/Desktop/Capstone_Model/algae_bloom_dataset\train\algae_bloom_1118.png,0
C:/Users/somal/OneDrive/Desktop/Capstone_Model/algae_bloom_dataset\train\algae_bloom_1119.png,1
C:/Users/somal/OneDrive/Desktop/Capstone_Model/algae_bloom_dataset\train\algae_bloom_112.png,0
C:/Users/somal/OneDrive/Desktop/Capstone_Model/algae_bloom_dataset\train\algae_bloom_1120.png,0
C:/Users/somal/OneDrive/Desktop/Capstone_Model/algae_bloom_dataset\train\algae_bloom_1121.png,0
C:/Users/somal/OneDrive/Desktop/Capstone_Model/algae_bloom_dataset\train\algae_bloom_1122.png,1
C:/Users/somal/OneDrive/Desktop/Capstone_Model/algae_bloom_dataset\train\algae_bloom_1123.png,0
C:/Users/somal/OneDrive/Desktop/Capstone_Model/algae_bloom_dataset\train\algae_bloom_1124.png,0
C:/Users/somal/OneDrive/Desktop/Capstone_Model/algae_bloom_dataset\train\algae_bloom_1125.png,1
C:/Users/somal/OneDrive/Desktop/Capstone_Model/algae_bloom_dataset\train\algae_bloom_1126.png,0
C:/Users/somal/OneDrive/Desktop/Capstone_Model/algae_bloom_dataset\train\algae_bloom_1127.png,0
C:/Users/somal/OneDrive/Desktop/Capstone_Model/algae_bloom_dataset\train\algae_bloom_1128.png,1
C:/Users/somal/OneDrive/Desktop/Capstone_Model/algae_bloom_dataset\train\algae_bloom_1129.png,1
C:/Users/somal/OneDrive/Desktop/Capstone_Model/algae_bloom_dataset\train\algae_bloom_113.png,1
C:/Users/somal/OneDrive/Desktop/Capstone_Model/algae_bloom_dataset\train\algae_bloom_1130.png,0
C:/Users/somal/OneDrive/Desktop/Capstone_Model/algae_bloom_dataset\train\algae_bloom_1131.png,1
C:/Users/somal/OneDrive/Desktop/Capstone_Model/algae_bloom_dataset\train\algae_bloom_1132.png,1
C:/Users/somal/OneDrive/Desktop/Capstone_Model/algae_bloom_dataset\train\algae_bloom_1133.png,0
C:/Users/somal/OneDrive/Desktop/Capstone_Model/algae_bloom_dataset\train\algae_bloom_1134.png,0
C:/Users/somal/OneDrive/Desktop/Capstone_Model/algae_bloom_dataset\train\algae_bloom_1135.png,1
C:/Users/somal/OneDrive/Desktop/Capstone_Model/algae_bloom_dataset\train\algae_bloom_1136.png,0
C:/Users/somal/OneDrive/Desktop/Capstone_Model/algae_bloom_dataset\train\algae_bloom_1137.png,0
C:/Users/somal/OneDrive/Desktop/Capstone_Model/algae_bloom_dataset\train\algae_bloom_1138.png,0
C:/Users/somal/OneDrive/Desktop/Capstone_Model/algae_bloom_dataset\train\algae_bloom_1139.png,1
C:/Users/somal/OneDrive/Desktop/Capstone_Model/algae_bloom_dataset\train\algae_bloom_114.png,0
C:/Users/somal/OneDrive/Desktop/Capstone_Model/algae_bloom_dataset\train\algae_bloom_1140.png,1
C:/Users/somal/OneDrive/Desktop/Capstone_Model/algae_bloom_dataset\train\algae_bloom_1141.png,0
C:/Users/somal/OneDrive/Desktop/Capstone_Model/algae_bloom_dataset\train\algae_bloom_1142.png,0
C:/Users/somal/OneDrive/Desktop/Capstone_Model/algae_bloom_dataset\train\algae_bloom_1143.png,1
C:/Users/somal/OneDrive/Desktop/Capstone_Model/algae_bloom_dataset\train\algae_bloom_1144.png,0
C:/Users/somal/OneDrive/Desktop/Capstone_Model/algae_bloom_dataset\train\algae_bloom_1145.png,0
C:/Users/somal/OneDrive/Desktop/Capstone_Model/algae_bloom_dataset\train\algae_bloom_1146.png,0
C:/Users/somal/OneDrive/Desktop/Capstone_Model/algae_bloom_dataset\train\algae_bloom_1147.png,0
C:/Users/somal/OneDrive/Desktop/Capstone_Model/algae_bloom_dataset\train\algae_bloom_1148.png,1
C:/Users/somal/OneDrive/Desktop/Capstone_Model/algae_bloom_dataset\train\algae_bloom_1149.png,1
C:/Users/somal/OneDrive/Desktop/Capstone_Model/algae_bloom_dataset\train\algae_bloom_115.png,1
C:/Users/somal/OneDrive/Desktop/Capstone_Model/algae_bloom_dataset\train\algae_bloom_1150.png,0
C:/Users/somal/OneDrive/Desktop/Capstone_Model/algae_bloom_dataset\train\algae_bloom_1151.png,0
C:/Users/somal/OneDrive/Desktop/Capstone_Model/algae_bloom_dataset\train\algae_bloom_1152.png,0
C:/Users/somal/OneDrive/Desktop/Capstone_Model/algae_bloom_dataset\train\algae_bloom_1153.png,0
C:/Users/somal/OneDrive/Desktop/Capstone_Model/algae_bloom_dataset\train\algae_bloom_1154.png,0
C:/Users/somal/OneDrive/Desktop/Capstone_Model/algae_bloom_dataset\train\algae_bloom_1155.png,0
C:/Users/somal/OneDrive/Desktop/Capstone_Model/algae_bloom_dataset\train\algae_bloom_1156.png,0
C:/Users/somal/OneDrive/Desktop/Capstone_Model/algae_bloom_dataset\train\algae_bloom_1157.png,0
C:/Users/somal/OneDrive/Desktop/Capstone_Model/algae_bloom_dataset\train\algae_bloom_1158.png,0
C:/Users/somal/OneDrive/Desktop/Capstone_Model/algae_bloom_dataset\train\algae_bloom_1159.png,0
C:/Users/somal/OneDrive/Desktop/Capstone_Model/algae_bloom_dataset\train\algae_bloom_116.png,0
C:/Users/somal/OneDrive/Desktop/Capstone_Model/algae_bloom_dataset\train\algae_bloom_1160.png,1
C:/Users/somal/OneDrive/Desktop/Capstone_Model/algae_bloom_dataset\train\algae_bloom_1161.png,1
C:/Users/somal/OneDrive/Desktop/Capstone_Model/algae_bloom_dataset\train\algae_bloom_1162.png,0
C:/Users/somal/OneDrive/Desktop/Capstone_Model/algae_bloom_dataset\train\algae_bloom_1163.png,0
C:/Users/somal/OneDrive/Desktop/Capstone_Model/algae_bloom_dataset\train\algae_bloom_1164.png,0
C:/Users/somal/OneDrive/Desktop/Capstone_Model/algae_bloom_dataset\train\algae_bloom_1165.png,0
C:/Users/somal/OneDrive/Desktop/Capstone_Model/algae_bloom_dataset\train\algae_bloom_1166.png,0
C:/Users/somal/OneDrive/Desktop/Capstone_Model/algae_bloom_dataset\train\algae_bloom_1167.png,0
C:/Users/somal/OneDrive/Desktop/Capstone_Model/algae_bloom_dataset\train\algae_bloom_1168.png,0
C:/Users/somal/OneDrive/Desktop/Capstone_Model/algae_bloom_dataset\train\algae_bloom_1169.png,1
C:/Users/somal/OneDrive/Desktop/Capstone_Model/algae_bloom_dataset\train\algae_bloom_117.png,0
C:/Users/somal/OneDrive/Desktop/Capstone_Model/algae_bloom_dataset\train\algae_bloom_1170.png,1
C:/Users/somal/OneDrive/Desktop/Capstone_Model/algae_bloom_dataset\train\algae_bloom_1171.png,1
C:/Users/somal/OneDrive/Desktop/Capstone_Model/algae_bloom_dataset\train\algae_bloom_1172.png,1
C:/Users/somal/OneDrive/Desktop/Capstone_Model/algae_bloom_dataset\train\algae_bloom_1173.png,1
C:/Users/somal/OneDrive/Desktop/Capstone_Model/algae_bloom_dataset\train\algae_bloom_1174.png,0
C:/Users/somal/OneDrive/Desktop/Capstone_Model/algae_bloom_dataset\train\algae_bloom_1175.png,1
C:/Users/somal/OneDrive/Desktop/Capstone_Model/algae_bloom_dataset\train\algae_bloom_1176.png,0
C:/Users/somal/OneDrive/Desktop/Capstone_Model/algae_bloom_dataset\train\algae_bloom_1177.png,0
C:/Users/somal/OneDrive/Desktop/Capstone_Model/algae_bloom_dataset\train\algae_bloom_1178.png,1
C:/Users/somal/OneDrive/Desktop/Capstone_Model/algae_bloom_dataset\train\algae_bloom_1179.png,1
C:/Users/somal/OneDrive/Desktop/Capstone_Model/algae_bloom_dataset\train\algae_bloom_118.png,1
C:/Users/somal/OneDrive/Desktop/Capstone_Model/algae_bloom_dataset\train\algae_bloom_1180.png,0
C:/Users/somal/OneDrive/Desktop/Capstone_Model/algae_bloom_dataset\train\algae_bloom_1181.png,0
C:/Users/somal/OneDrive/Desktop/Capstone_Model/algae_bloom_dataset\train\algae_bloom_1182.png,1
C:/Users/somal/OneDrive/Desktop/Capstone_Model/algae_bloom_dataset\train\algae_bloom_1183.png,0
C:/Users/somal/OneDrive/Desktop/Capstone_Model/algae_bloom_dataset\train\algae_bloom_1184.png,1
C:/Users/somal/OneDrive/Desktop/Capstone_Model/algae_bloom_dataset\train\algae_bloom_1185.png,0
C:/Users/somal/OneDrive/Desktop/Capstone_Model/algae_bloom_dataset\train\algae_bloom_1186.png,0
C:/Users/somal/OneDrive/Desktop/Capstone_Model/algae_bloom_dataset\train\algae_bloom_1187.png,0
C:/Users/somal/OneDrive/Desktop/Capstone_Model/algae_bloom_dataset\train\algae_bloom_1188.png,0
C:/Users/somal/OneDrive/Desktop/Capstone_Model/algae_bloom_dataset\train\algae_bloom_1189.png,0
C:/Users/somal/OneDrive/Desktop/Capstone_Model/algae_bloom_dataset\train\algae_bloom_119.png,0
C:/Users/somal/OneDrive/Desktop/Capstone_Model/algae_bloom_dataset\train\algae_bloom_1190.png,0
C:/Users/somal/OneDrive/Desktop/Capstone_Model/algae_bloom_dataset\train\algae_bloom_1191.png,0
C:/Users/somal/OneDrive/Desktop/Capstone_Model/algae_bloom_dataset\train\algae_bloom_1192.png,0
C:/Users/somal/OneDrive/Desktop/Capstone_Model/algae_bloom_dataset\train\algae_bloom_1193.png,1
C:/Users/somal/OneDrive/Desktop/Capstone_Model/algae_bloom_dataset\train\algae_bloom_1194.png,0
C:/Users/somal/OneDrive/Desktop/Capstone_Model/algae_bloom_dataset\train\algae_bloom_1195.png,0
C:/Users/somal/OneDrive/Desktop/Capstone_Model/algae_bloom_dataset\train\algae_bloom_1196.png,0
C:/Users/somal/OneDrive/Desktop/Capstone_Model/algae_bloom_dataset\train\algae_bloom_1197.png,0
C:/Users/somal/OneDrive/Desktop/Capstone_Model/algae_bloom_dataset\train\algae_bloom_1198.png,1
C:/Users/somal/OneDrive/Desktop/Capstone_Model/algae_bloom_dataset\train\algae_bloom_1199.png,0
C:/Users/somal/OneDrive/Desktop/Capstone_Model/algae_bloom_dataset\train\algae_bloom_12.png,0
C:/Users/somal/OneDrive/Desktop/Capstone_Model/algae_bloom_dataset\train\algae_bloom_120.png,1
C:/Users/somal/OneDrive/Desktop/Capstone_Model/algae_bloom_dataset\train\algae_bloom_1200.png,0
C:/Users/somal/OneDrive/Desktop/Capstone_Model/algae_bloom_dataset\train\algae_bloom_1201.png,0
C:/Users/somal/OneDrive/Desktop/Capstone_Model/algae_bloom_dataset\train\algae_bloom_1202.png,0
C:/Users/somal/OneDrive/Desktop/Capstone_Model/algae_bloom_dataset\train\algae_bloom_1203.png,1
C:/Users/somal/OneDrive/Desktop/Capstone_Model/algae_bloom_dataset\train\algae_bloom_1204.png,1
C:/Users/somal/OneDrive/Desktop/Capstone_Model/algae_bloom_dataset\train\algae_bloom_1205.png,0
C:/Users/somal/OneDrive/Desktop/Capstone_Model/algae_bloom_dataset\train\algae_bloom_1206.png,1
C:/Users/somal/OneDrive/Desktop/Capstone_Model/algae_bloom_dataset\train\algae_bloom_1207.png,0
C:/Users/somal/OneDrive/Desktop/Capstone_Model/algae_bloom_dataset\train\algae_bloom_1208.png,0
C:/Users/somal/OneDrive/Desktop/Capstone_Model/algae_bloom_dataset\train\algae_bloom_1209.png,0
C:/Users/somal/OneDrive/Desktop/Capstone_Model/algae_bloom_dataset\train\algae_bloom_121.png,0
C:/Users/somal/OneDrive/Desktop/Capstone_Model/algae_bloom_dataset\train\algae_bloom_1210.png,0
C:/Users/somal/OneDrive/Desktop/Capstone_Model/algae_bloom_dataset\train\algae_bloom_1211.png,0
C:/Users/somal/OneDrive/Desktop/Capstone_Model/algae_bloom_dataset\train\algae_bloom_1212.png,1
C:/Users/somal/OneDrive/Desktop/Capstone_Model/algae_bloom_dataset\train\algae_bloom_1213.png,0
C:/Users/somal/OneDrive/Desktop/Capstone_Model/algae_bloom_dataset\train\algae_bloom_1214.png,1
C:/Users/somal/OneDrive/Desktop/Capstone_Model/algae_bloom_dataset\train\algae_bloom_1215.png,1
C:/Users/somal/OneDrive/Desktop/Capstone_Model/algae_bloom_dataset\train\algae_bloom_1216.png,0
C:/Users/somal/OneDrive/Desktop/Capstone_Model/algae_bloom_dataset\train\algae_bloom_1217.png,1
C:/Users/somal/OneDrive/Desktop/Capstone_Model/algae_bloom_dataset\train\algae_bloom_1218.png,1
C:/Users/somal/OneDrive/Desktop/Capstone_Model/algae_bloom_dataset\train\algae_bloom_1219.png,0
C:/Users/somal/OneDrive/Desktop/Capstone_Model/algae_bloom_dataset\train\algae_bloom_122.png,0
C:/Users/somal/OneDrive/Desktop/Capstone_Model/algae_bloom_dataset\train\algae_bloom_1220.png,1
C:/Users/somal/OneDrive/Desktop/Capstone_Model/algae_bloom_dataset\train\algae_bloom_1221.png,0
C:/Users/somal/OneDrive/Desktop/Capstone_Model/algae_bloom_dataset\train\algae_bloom_1222.png,0
C:/Users/somal/OneDrive/Desktop/Capstone_Model/algae_bloom_dataset\train\algae_bloom_1223.png,1
C:/Users/somal/OneDrive/Desktop/Capstone_Model/algae_bloom_dataset\train\algae_bloom_1224.png,0
C:/Users/somal/OneDrive/Desktop/Capstone_Model/algae_bloom_dataset\train\algae_bloom_1225.png,0
C:/Users/somal/OneDrive/Desktop/Capstone_Model/algae_bloom_dataset\train\algae_bloom_1226.png,0
C:/Users/somal/OneDrive/Desktop/Capstone_Model/algae_bloom_dataset\train\algae_bloom_1227.png,1
C:/Users/somal/OneDrive/Desktop/Capstone_Model/algae_bloom_dataset\train\algae_bloom_1228.png,0
C:/Users/somal/OneDrive/Desktop/Capstone_Model/algae_bloom_dataset\train\algae_bloom_1229.png,1
C:/Users/somal/OneDrive/Desktop/Capstone_Model/algae_bloom_dataset\train\algae_bloom_123.png,1
C:/Users/somal/OneDrive/Desktop/Capstone_Model/algae_bloom_dataset\train\algae_bloom_1230.png,1
C:/Users/somal/OneDrive/Desktop/Capstone_Model/algae_bloom_dataset\train\algae_bloom_1231.png,0
C:/Users/somal/OneDrive/Desktop/Capstone_Model/algae_bloom_dataset\train\algae_bloom_1232.png,0
C:/Users/somal/OneDrive/Desktop/Capstone_Model/algae_bloom_dataset\train\algae_bloom_1233.png,0
C:/Users/somal/OneDrive/Desktop/Capstone_Model/algae_bloom_dataset\train\algae_bloom_1234.png,1
C:/Users/somal/OneDrive/Desktop/Capstone_Model/algae_bloom_dataset\train\algae_bloom_1235.png,0
C:/Users/somal/OneDrive/Desktop/Capstone_Model/algae_bloom_dataset\train\algae_bloom_1236.png,0
C:/Users/somal/OneDrive/Desktop/Capstone_Model/algae_bloom_dataset\train\algae_bloom_1237.png,0
C:/Users/somal/OneDrive/Desktop/Capstone_Model/algae_bloom_dataset\train\algae_bloom_1238.png,0
C:/Users/somal/OneDrive/Desktop/Capstone_Model/algae_bloom_dataset\train\algae_bloom_1239.png,1
C:/Users/somal/OneDrive/Desktop/Capstone_Model/algae_bloom_dataset\train\algae_bloom_124.png,0
C:/Users/somal/OneDrive/Desktop/Capstone_Model/algae_bloom_dataset\train\algae_bloom_1240.png,0
C:/Users/somal/OneDrive/Desktop/Capstone_Model/algae_bloom_dataset\train\algae_bloom_1241.png,1
C:/Users/somal/OneDrive/Desktop/Capstone_Model/algae_bloom_dataset\train\algae_bloom_1242.png,1
C:/Users/somal/OneDrive/Desktop/Capstone_Model/algae_bloom_dataset\train\algae_bloom_1243.png,0
C:/Users/somal/OneDrive/Desktop/Capstone_Model/algae_bloom_dataset\train\algae_bloom_1244.png,0
C:/Users/somal/OneDrive/Desktop/Capstone_Model/algae_bloom_dataset\train\algae_bloom_1245.png,1
C:/Users/somal/OneDrive/Desktop/Capstone_Model/algae_bloom_dataset\train\algae_bloom_1246.png,1
C:/Users/somal/OneDrive/Desktop/Capstone_Model/algae_bloom_dataset\train\algae_bloom_1247.png,0
C:/Users/somal/OneDrive/Desktop/Capstone_Model/algae_bloom_dataset\train\algae_bloom_1248.png,0
C:/Users/somal/OneDrive/Desktop/Capstone_Model/algae_bloom_dataset\train\algae_bloom_1249.png,0
C:/Users/somal/OneDrive/Desktop/Capstone_Model/algae_bloom_dataset\train\algae_bloom_125.png,1
C:/Users/somal/OneDrive/Desktop/Capstone_Model/algae_bloom_dataset\train\algae_bloom_1250.png,0
C:/Users/somal/OneDrive/Desktop/Capstone_Model/algae_bloom_dataset\train\algae_bloom_1251.png,0
C:/Users/somal/OneDrive/Desktop/Capstone_Model/algae_bloom_dataset\train\algae_bloom_1252.png,0
C:/Users/somal/OneDrive/Desktop/Capstone_Model/algae_bloom_dataset\train\algae_bloom_1253.png,0
C:/Users/somal/OneDrive/Desktop/Capstone_Model/algae_bloom_dataset\train\algae_bloom_1254.png,0
C:/Users/somal/OneDrive/Desktop/Capstone_Model/algae_bloom_dataset\train\algae_bloom_1255.png,0
C:/Users/somal/OneDrive/Desktop/Capstone_Model/algae_bloom_dataset\train\algae_bloom_1256.png,0
C:/Users/somal/OneDrive/Desktop/Capstone_Model/algae_bloom_dataset\train\algae_bloom_1257.png,1
C:/Users/somal/OneDrive/Desktop/Capstone_Model/algae_bloom_dataset\train\algae_bloom_1258.png,0
C:/Users/somal/OneDrive/Desktop/Capstone_Model/algae_bloom_dataset\train\algae_bloom_1259.png,1
C:/Users/somal/OneDrive/Desktop/Capstone_Model/algae_bloom_dataset\train\algae_bloom_126.png,0
C:/Users/somal/OneDrive/Desktop/Capstone_Model/algae_bloom_dataset\train\algae_bloom_1260.png,1
C:/Users/somal/OneDrive/Desktop/Capstone_Model/algae_bloom_dataset\train\algae_bloom_1261.png,0
C:/Users/somal/OneDrive/Desktop/Capstone_Model/algae_bloom_dataset\train\algae_bloom_1262.png,0
C:/Users/somal/OneDrive/Desktop/Capstone_Model/algae_bloom_dataset\train\algae_bloom_1263.png,1
C:/Users/somal/OneDrive/Desktop/Capstone_Model/algae_bloom_dataset\train\algae_bloom_1264.png,0
C:/Users/somal/OneDrive/Desktop/Capstone_Model/algae_bloom_dataset\train\algae_bloom_1265.png,1
C:/Users/somal/OneDrive/Desktop/Capstone_Model/algae_bloom_dataset\train\algae_bloom_1266.png,0
C:/Users/somal/OneDrive/Desktop/Capstone_Model/algae_bloom_dataset\train\algae_bloom_1267.png,0
C:/Users/somal/OneDrive/Desktop/Capstone_Model/algae_bloom_dataset\train\algae_bloom_1268.png,1
C:/Users/somal/OneDrive/Desktop/Capstone_Model/algae_bloom_dataset\train\algae_bloom_1269.png,1
C:/Users/somal/OneDrive/Desktop/Capstone_Model/algae_bloom_dataset\train\algae_bloom_127.png,0
C:/Users/somal/OneDrive/Desktop/Capstone_Model/algae_bloom_dataset\train\algae_bloom_1270.png,0
C:/Users/somal/OneDrive/Desktop/Capstone_Model/algae_bloom_dataset\train\algae_bloom_1271.png,0
C:/Users/somal/OneDrive/Desktop/Capstone_Model/algae_bloom_dataset\train\algae_bloom_1272.png,0
C:/Users/somal/OneDrive/Desktop/Capstone_Model/algae_bloom_dataset\train\algae_bloom_1273.png,1
C:/Users/somal/OneDrive/Desktop/Capstone_Model/algae_bloom_dataset\train\algae_bloom_1274.png,1
C:/Users/somal/OneDrive/Desktop/Capstone_Model/algae_bloom_dataset\train\algae_bloom_1275.png,0
C:/Users/somal/OneDrive/Desktop/Capstone_Model/algae_bloom_dataset\train\algae_bloom_1276.png,0
C:/Users/somal/OneDrive/Desktop/Capstone_Model/algae_bloom_dataset\train\algae_bloom_1277.png,1
C:/Users/somal/OneDrive/Desktop/Capstone_Model/algae_bloom_dataset\train\algae_bloom_1278.png,0
C:/Users/somal/OneDrive/Desktop/Capstone_Model/algae_bloom_dataset\train\algae_bloom_1279.png,0
C:/Users/somal/OneDrive/Desktop/Capstone_Model/algae_bloom_dataset\train\algae_bloom_128.png,1
C:/Users/somal/OneDrive/Desktop/Capstone_Model/algae_bloom_dataset\train\algae_bloom_1280.png,0
C:/Users/somal/OneDrive/Desktop/Capstone_Model/algae_bloom_dataset\train\algae_bloom_1281.png,0
C:/Users/somal/OneDrive/Desktop/Capstone_Model/algae_bloom_dataset\train\algae_bloom_1282.png,1
C:/Users/somal/OneDrive/Desktop/Capstone_Model/algae_bloom_dataset\train\algae_bloom_1283.png,0
C:/Users/somal/OneDrive/Desktop/Capstone_Model/algae_bloom_dataset\train\algae_bloom_1284.png,0
C:/Users/somal/OneDrive/Desktop/Capstone_Model/algae_bloom_dataset\train\algae_bloom_1285.png,0
C:/Users/somal/OneDrive/Desktop/Capstone_Model/algae_bloom_dataset\train\algae_bloom_1286.png,0
C:/Users/somal/OneDrive/Desktop/Capstone_Model/algae_bloom_dataset\train\algae_bloom_1287.png,0
C:/Users/somal/OneDrive/Desktop/Capstone_Model/algae_bloom_dataset\train\algae_bloom_1288.png,0
C:/Users/somal/OneDrive/Desktop/Capstone_Model/algae_bloom_dataset\train\algae_bloom_1289.png,0
C:/Users/somal/OneDrive/Desktop/Capstone_Model/algae_bloom_dataset\train\algae_bloom_129.png,0
C:/Users/somal/OneDrive/Desktop/Capstone_Model/algae_bloom_dataset\train\algae_bloom_1290.png,0
C:/Users/somal/OneDrive/Desktop/Capstone_Model/algae_bloom_dataset\train\algae_bloom_1291.png,0
C:/Users/somal/OneDrive/Desktop/Capstone_Model/algae_bloom_dataset\train\algae_bloom_1292.png,1
C:/Users/somal/OneDrive/Desktop/Capstone_Model/algae_bloom_dataset\train\algae_bloom_1293.png,1
C:/Users/somal/OneDrive/Desktop/Capstone_Model/algae_bloom_dataset\train\algae_bloom_1294.png,0
C:/Users/somal/OneDrive/Desktop/Capstone_Model/algae_bloom_dataset\train\algae_bloom_1295.png,0
C:/Users/somal/OneDrive/Desktop/Capstone_Model/algae_bloom_dataset\train\algae_bloom_1296.png,0
C:/Users/somal/OneDrive/Desktop/Capstone_Model/algae_bloom_dataset\train\algae_bloom_1297.png,1
C:/Users/somal/OneDrive/Desktop/Capstone_Model/algae_bloom_dataset\train\algae_bloom_1298.png,0
C:/Users/somal/OneDrive/Desktop/Capstone_Model/algae_bloom_dataset\train\algae_bloom_1299.png,0
C:/Users/somal/OneDrive/Desktop/Capstone_Model/algae_bloom_dataset\train\algae_bloom_13.png,0
C:/Users/somal/OneDrive/Desktop/Capstone_Model/algae_bloom_dataset\train\algae_bloom_130.png,1
C:/Users/somal/OneDrive/Desktop/Capstone_Model/algae_bloom_dataset\train\algae_bloom_1300.png,0
C:/Users/somal/OneDrive/Desktop/Capstone_Model/algae_bloom_dataset\train\algae_bloom_1301.png,0
C:/Users/somal/OneDrive/Desktop/Capstone_Model/algae_bloom_dataset\train\algae_bloom_1302.png,0
C:/Users/somal/OneDrive/Desktop/Capstone_Model/algae_bloom_dataset\train\algae_bloom_1303.png,0
C:/Users/somal/OneDrive/Desktop/Capstone_Model/algae_bloom_dataset\train\algae_bloom_1304.png,1
C:/Users/somal/OneDrive/Desktop/Capstone_Model/algae_bloom_dataset\train\algae_bloom_1305.png,0
C:/Users/somal/OneDrive/Desktop/Capstone_Model/algae_bloom_dataset\train\algae_bloom_1306.png,1
C:/Users/somal/OneDrive/Desktop/Capstone_Model/algae_bloom_dataset\train\algae_bloom_1307.png,0
C:/Users/somal/OneDrive/Desktop/Capstone_Model/algae_bloom_dataset\train\algae_bloom_1308.png,1
C:/Users/somal/OneDrive/Desktop/Capstone_Model/algae_bloom_dataset\train\algae_bloom_1309.png,0
C:/Users/somal/OneDrive/Desktop/Capstone_Model/algae_bloom_dataset\train\algae_bloom_131.png,0
C:/Users/somal/OneDrive/Desktop/Capstone_Model/algae_bloom_dataset\train\algae_bloom_1310.png,1
C:/Users/somal/OneDrive/Desktop/Capstone_Model/algae_bloom_dataset\train\algae_bloom_1311.png,0
C:/Users/somal/OneDrive/Desktop/Capstone_Model/algae_bloom_dataset\train\algae_bloom_1312.png,0
C:/Users/somal/OneDrive/Desktop/Capstone_Model/algae_bloom_dataset\train\algae_bloom_1313.png,0
C:/Users/somal/OneDrive/Desktop/Capstone_Model/algae_bloom_dataset\train\algae_bloom_1314.png,0
C:/Users/somal/OneDrive/Desktop/Capstone_Model/algae_bloom_dataset\train\algae_bloom_1315.png,0
C:/Users/somal/OneDrive/Desktop/Capstone_Model/algae_bloom_dataset\train\algae_bloom_1316.png,0
C:/Users/somal/OneDrive/Desktop/Capstone_Model/algae_bloom_dataset\train\algae_bloom_1317.png,0
C:/Users/somal/OneDrive/Desktop/Capstone_Model/algae_bloom_dataset\train\algae_bloom_1318.png,0
C:/Users/somal/OneDrive/Desktop/Capstone_Model/algae_bloom_dataset\train\algae_bloom_1319.png,0
C:/Users/somal/OneDrive/Desktop/Capstone_Model/algae_bloom_dataset\train\algae_bloom_132.png,0
C:/Users/somal/OneDrive/Desktop/Capstone_Model/algae_bloom_dataset\train\algae_bloom_1320.png,1
C:/Users/somal/OneDrive/Desktop/Capstone_Model/algae_bloom_dataset\train\algae_bloom_1321.png,0
C:/Users/somal/OneDrive/Desktop/Capstone_Model/algae_bloom_dataset\train\algae_bloom_1322.png,1
C:/Users/somal/OneDrive/Desktop/Capstone_Model/algae_bloom_dataset\train\algae_bloom_1323.png,0
C:/Users/somal/OneDrive/Desktop/Capstone_Model/algae_bloom_dataset\train\algae_bloom_1324.png,0
C:/Users/somal/OneDrive/Desktop/Capstone_Model/algae_bloom_dataset\train\algae_bloom_1325.png,0
C:/Users/somal/OneDrive/Desktop/Capstone_Model/algae_bloom_dataset\train\algae_bloom_1326.png,0
C:/Users/somal/OneDrive/Desktop/Capstone_Model/algae_bloom_dataset\train\algae_bloom_1327.png,1
C:/Users/somal/OneDrive/Desktop/Capstone_Model/algae_bloom_dataset\train\algae_bloom_1328.png,0
C:/Users/somal/OneDrive/Desktop/Capstone_Model/algae_bloom_dataset\train\algae_bloom_1329.png,0
C:/Users/somal/OneDrive/Desktop/Capstone_Model/algae_bloom_dataset\train\algae_bloom_133.png,0
C:/Users/somal/OneDrive/Desktop/Capstone_Model/algae_bloom_dataset\train\algae_bloom_1330.png,0
C:/Users/somal/OneDrive/Desktop/Capstone_Model/algae_bloom_dataset\train\algae_bloom_1331.png,0
C:/Users/somal/OneDrive/Desktop/Capstone_Model/algae_bloom_dataset\train\algae_bloom_1332.png,0
C:/Users/somal/OneDrive/Desktop/Capstone_Model/algae_bloom_dataset\train\algae_bloom_1333.png,0
C:/Users/somal/OneDrive/Desktop/Capstone_Model/algae_bloom_dataset\train\algae_bloom_1334.png,0
C:/Users/somal/OneDrive/Desktop/Capstone_Model/algae_bloom_dataset\train\algae_bloom_1335.png,0
C:/Users/somal/OneDrive/Desktop/Capstone_Model/algae_bloom_dataset\train\algae_bloom_1336.png,1
C:/Users/somal/OneDrive/Desktop/Capstone_Model/algae_bloom_dataset\train\algae_bloom_1337.png,0
C:/Users/somal/OneDrive/Desktop/Capstone_Model/algae_bloom_dataset\train\algae_bloom_1338.png,0
C:/Users/somal/OneDrive/Desktop/Capstone_Model/algae_bloom_dataset\train\algae_bloom_1339.png,0
C:/Users/somal/OneDrive/Desktop/Capstone_Model/algae_bloom_dataset\train\algae_bloom_134.png,0
C:/Users/somal/OneDrive/Desktop/Capstone_Model/algae_bloom_dataset\train\algae_bloom_1340.png,0
C:/Users/somal/OneDrive/Desktop/Capstone_Model/algae_bloom_dataset\train\algae_bloom_1341.png,1
C:/Users/somal/OneDrive/Desktop/Capstone_Model/algae_bloom_dataset\train\algae_bloom_1342.png,0
C:/Users/somal/OneDrive/Desktop/Capstone_Model/algae_bloom_dataset\train\algae_bloom_1343.png,1
C:/Users/somal/OneDrive/Desktop/Capstone_Model/algae_bloom_dataset\train\algae_bloom_1344.png,0
C:/Users/somal/OneDrive/Desktop/Capstone_Model/algae_bloom_dataset\train\algae_bloom_1345.png,0
C:/Users/somal/OneDrive/Desktop/Capstone_Model/algae_bloom_dataset\train\algae_bloom_1346.png,0
C:/Users/somal/OneDrive/Desktop/Capstone_Model/algae_bloom_dataset\train\algae_bloom_1347.png,0
C:/Users/somal/OneDrive/Desktop/Capstone_Model/algae_bloom_dataset\train\algae_bloom_1348.png,1
C:/Users/somal/OneDrive/Desktop/Capstone_Model/algae_bloom_dataset\train\algae_bloom_1349.png,0
C:/Users/somal/OneDrive/Desktop/Capstone_Model/algae_bloom_dataset\train\algae_bloom_135.png,0
C:/Users/somal/OneDrive/Desktop/Capstone_Model/algae_bloom_dataset\train\algae_bloom_1350.png,0
C:/Users/somal/OneDrive/Desktop/Capstone_Model/algae_bloom_dataset\train\algae_bloom_1351.png,0
C:/Users/somal/OneDrive/Desktop/Capstone_Model/algae_bloom_dataset\train\algae_bloom_1352.png,1
C:/Users/somal/OneDrive/Desktop/Capstone_Model/algae_bloom_dataset\train\algae_bloom_1353.png,0
C:/Users/somal/OneDrive/Desktop/Capstone_Model/algae_bloom_dataset\train\algae_bloom_1354.png,1
C:/Users/somal/OneDrive/Desktop/Capstone_Model/algae_bloom_dataset\train\algae_bloom_1355.png,0
C:/Users/somal/OneDrive/Desktop/Capstone_Model/algae_bloom_dataset\train\algae_bloom_1356.png,0
C:/Users/somal/OneDrive/Desktop/Capstone_Model/algae_bloom_dataset\train\algae_bloom_1357.png,0
C:/Users/somal/OneDrive/Desktop/Capstone_Model/algae_bloom_dataset\train\algae_bloom_1358.png,0
C:/Users/somal/OneDrive/Desktop/Capstone_Model/algae_bloom_dataset\train\algae_bloom_1359.png,1
C:/Users/somal/OneDrive/Desktop/Capstone_Model/algae_bloom_dataset\train\algae_bloom_136.png,0
C:/Users/somal/OneDrive/Desktop/Capstone_Model/algae_bloom_dataset\train\algae_bloom_1360.png,0
C:/Users/somal/OneDrive/Desktop/Capstone_Model/algae_bloom_dataset\train\algae_bloom_1361.png,0
C:/Users/somal/OneDrive/Desktop/Capstone_Model/algae_bloom_dataset\train\algae_bloom_1362.png,1
C:/Users/somal/OneDrive/Desktop/Capstone_Model/algae_bloom_dataset\train\algae_bloom_1363.png,1
C:/Users/somal/OneDrive/Desktop/Capstone_Model/algae_bloom_dataset\train\algae_bloom_1364.png,0
C:/Users/somal/OneDrive/Desktop/Capstone_Model/algae_bloom_dataset\train\algae_bloom_1365.png,1
C:/Users/somal/OneDrive/Desktop/Capstone_Model/algae_bloom_dataset\train\algae_bloom_1366.png,0
C:/Users/somal/OneDrive/Desktop/Capstone_Model/algae_bloom_dataset\train\algae_bloom_1367.png,0
C:/Users/somal/OneDrive/Desktop/Capstone_Model/algae_bloom_dataset\train\algae_bloom_1368.png,0
C:/Users/somal/OneDrive/Desktop/Capstone_Model/algae_bloom_dataset\train\algae_bloom_1369.png,0
C:/Users/somal/OneDrive/Desktop/Capstone_Model/algae_bloom_dataset\train\algae_bloom_137.png,1
C:/Users/somal/OneDrive/Desktop/Capstone_Model/algae_bloom_dataset\train\algae_bloom_1370.png,1
C:/Users/somal/OneDrive/Desktop/Capstone_Model/algae_bloom_dataset\train\algae_bloom_1371.png,0
C:/Users/somal/OneDrive/Desktop/Capstone_Model/algae_bloom_dataset\train\algae_bloom_1372.png,1
C:/Users/somal/OneDrive/Desktop/Capstone_Model/algae_bloom_dataset\train\algae_bloom_1373.png,0
C:/Users/somal/OneDrive/Desktop/Capstone_Model/algae_bloom_dataset\train\algae_bloom_1374.png,0
C:/Users/somal/OneDrive/Desktop/Capstone_Model/algae_bloom_dataset\train\algae_bloom_1375.png,1
C:/Users/somal/OneDrive/Desktop/Capstone_Model/algae_bloom_dataset\train\algae_bloom_1376.png,0
C:/Users/somal/OneDrive/Desktop/Capstone_Model/algae_bloom_dataset\train\algae_bloom_1377.png,0
C:/Users/somal/OneDrive/Desktop/Capstone_Model/algae_bloom_dataset\train\algae_bloom_1378.png,0
C:/Users/somal/OneDrive/Desktop/Capstone_Model/algae_bloom_dataset\train\algae_bloom_1379.png,0
C:/Users/somal/OneDrive/Desktop/Capstone_Model/algae_bloom_dataset\train\algae_bloom_138.png,0
C:/Users/somal/OneDrive/Desktop/Capstone_Model/algae_bloom_dataset\train\algae_bloom_1380.png,0
C:/Users/somal/OneDrive/Desktop/Capstone_Model/algae_bloom_dataset\train\algae_bloom_1381.png,1
C:/Users/somal/OneDrive/Desktop/Capstone_Model/algae_bloom_dataset\train\algae_bloom_1382.png,0
C:/Users/somal/OneDrive/Desktop/Capstone_Model/algae_bloom_dataset\train\algae_bloom_1383.png,0
C:/Users/somal/OneDrive/Desktop/Capstone_Model/algae_bloom_dataset\train\algae_bloom_1384.png,0
C:/Users/somal/OneDrive/Desktop/Capstone_Model/algae_bloom_dataset\train\algae_bloom_1385.png,1
C:/Users/somal/OneDrive/Desktop/Capstone_Model/algae_bloom_dataset\train\algae_bloom_1386.png,0
C:/Users/somal/OneDrive/Desktop/Capstone_Model/algae_bloom_dataset\train\algae_bloom_1387.png,0
C:/Users/somal/OneDrive/Desktop/Capstone_Model/algae_bloom_dataset\train\algae_bloom_1388.png,0
C:/Users/somal/OneDrive/Desktop/Capstone_Model/algae_bloom_dataset\train\algae_bloom_1389.png,0
C:/Users/somal/OneDrive/Desktop/Capstone_Model/algae_bloom_dataset\train\algae_bloom_139.png,0
C:/Users/somal/OneDrive/Desktop/Capstone_Model/algae_bloom_dataset\train\algae_bloom_1390.png,0
C:/Users/somal/OneDrive/Desktop/Capstone_Model/algae_bloom_dataset\train\algae_bloom_1391.png,0
C:/Users/somal/OneDrive/Desktop/Capstone_Model/algae_bloom_dataset\train\algae_bloom_1392.png,0
C:/Users/somal/OneDrive/Desktop/Capstone_Model/algae_bloom_dataset\train\algae_bloom_1393.png,1
C:/Users/somal/OneDrive/Desktop/Capstone_Model/algae_bloom_dataset\train\algae_bloom_1394.png,0
C:/Users/somal/OneDrive/Desktop/Capstone_Model/algae_bloom_dataset\train\algae_bloom_1395.png,0
C:/Users/somal/OneDrive/Desktop/Capstone_Model/algae_bloom_dataset\train\algae_bloom_1396.png,0
C:/Users/somal/OneDrive/Desktop/Capstone_Model/algae_bloom_dataset\train\algae_bloom_1397.png,0
C:/Users/somal/OneDrive/Desktop/Capstone_Model/algae_bloom_dataset\train\algae_bloom_1398.png,0
C:/Users/somal/OneDrive/Desktop/Capstone_Model/algae_bloom_dataset\train\algae_bloom_1399.png,0
C:/Users/somal/OneDrive/Desktop/Capstone_Model/algae_bloom_dataset\train\algae_bloom_14.png,0
C:/Users/somal/OneDrive/Desktop/Capstone_Model/algae_bloom_dataset\train\algae_bloom_140.png,0
C:/Users/somal/OneDrive/Desktop/Capstone_Model/algae_bloom_dataset\train\algae_bloom_1400.png,0
C:/Users/somal/OneDrive/Desktop/Capstone_Model/algae_bloom_dataset\train\algae_bloom_1401.png,0
C:/Users/somal/OneDrive/Desktop/Capstone_Model/algae_bloom_dataset\train\algae_bloom_1402.png,0
C:/Users/somal/OneDrive/Desktop/Capstone_Model/algae_bloom_dataset\train\algae_bloom_1403.png,0
C:/Users/somal/OneDrive/Desktop/Capstone_Model/algae_bloom_dataset\train\algae_bloom_1404.png,0
C:/Users/somal/OneDrive/Desktop/Capstone_Model/algae_bloom_dataset\train\algae_bloom_1405.png,1
C:/Users/somal/OneDrive/Desktop/Capstone_Model/algae_bloom_dataset\train\algae_bloom_1406.png,0
C:/Users/somal/OneDrive/Desktop/Capstone_Model/algae_bloom_dataset\train\algae_bloom_1407.png,0
C:/Users/somal/OneDrive/Desktop/Capstone_Model/algae_bloom_dataset\train\algae_bloom_1408.png,0
C:/Users/somal/OneDrive/Desktop/Capstone_Model/algae_bloom_dataset\train\algae_bloom_1409.png,0
C:/Users/somal/OneDrive/Desktop/Capstone_Model/algae_bloom_dataset\train\algae_bloom_141.png,1
C:/Users/somal/OneDrive/Desktop/Capstone_Model/algae_bloom_dataset\train\algae_bloom_1410.png,0
C:/Users/somal/OneDrive/Desktop/Capstone_Model/algae_bloom_dataset\train\algae_bloom_1411.png,0
C:/Users/somal/OneDrive/Desktop/Capstone_Model/algae_bloom_dataset\train\algae_bloom_1412.png,0
C:/Users/somal/OneDrive/Desktop/Capstone_Model/algae_bloom_dataset\train\algae_bloom_1413.png,0
C:/Users/somal/OneDrive/Desktop/Capstone_Model/algae_bloom_dataset\train\algae_bloom_1414.png,0
C:/Users/somal/OneDrive/Desktop/Capstone_Model/algae_bloom_dataset\train\algae_bloom_1415.png,0
C:/Users/somal/OneDrive/Desktop/Capstone_Model/algae_bloom_dataset\train\algae_bloom_1416.png,1
C:/Users/somal/OneDrive/Desktop/Capstone_Model/algae_bloom_dataset\train\algae_bloom_1417.png,0
C:/Users/somal/OneDrive/Desktop/Capstone_Model/algae_bloom_dataset\train\algae_bloom_1418.png,1
C:/Users/somal/OneDrive/Desktop/Capstone_Model/algae_bloom_dataset\train\algae_bloom_1419.png,0
C:/Users/somal/OneDrive/Desktop/Capstone_Model/algae_bloom_dataset\train\algae_bloom_142.png,0
C:/Users/somal/OneDrive/Desktop/Capstone_Model/algae_bloom_dataset\train\algae_bloom_1420.png,0
C:/Users/somal/OneDrive/Desktop/Capstone_Model/algae_bloom_dataset\train\algae_bloom_1421.png,1
C:/Users/somal/OneDrive/Desktop/Capstone_Model/algae_bloom_dataset\train\algae_bloom_1422.png,0
C:/Users/somal/OneDrive/Desktop/Capstone_Model/algae_bloom_dataset\train\algae_bloom_1423.png,0
C:/Users/somal/OneDrive/Desktop/Capstone_Model/algae_bloom_dataset\train\algae_bloom_1424.png,0
C:/Users/somal/OneDrive/Desktop/Capstone_Model/algae_bloom_dataset\train\algae_bloom_1425.png,0
C:/Users/somal/OneDrive/Desktop/Capstone_Model/algae_bloom_dataset\train\algae_bloom_1426.png,0
C:/Users/somal/OneDrive/Desktop/Capstone_Model/algae_bloom_dataset\train\algae_bloom_1427.png,1
C:/Users/somal/OneDrive/Desktop/Capstone_Model/algae_bloom_dataset\train\algae_bloom_1428.png,0
C:/Users/somal/OneDrive/Desktop/Capstone_Model/algae_bloom_dataset\train\algae_bloom_1429.png,0
C:/Users/somal/OneDrive/Desktop/Capstone_Model/algae_bloom_dataset\train\algae_bloom_143.png,1
C:/Users/somal/OneDrive/Desktop/Capstone_Model/algae_bloom_dataset\train\algae_bloom_1430.png,0
C:/Users/somal/OneDrive/Desktop/Capstone_Model/algae_bloom_dataset\train\algae_bloom_1431.png,0
C:/Users/somal/OneDrive/Desktop/Capstone_Model/algae_bloom_dataset\train\algae_bloom_1432.png,0
C:/Users/somal/OneDrive/Desktop/Capstone_Model/algae_bloom_dataset\train\algae_bloom_1433.png,0
C:/Users/somal/OneDrive/Desktop/Capstone_Model/algae_bloom_dataset\train\algae_bloom_1434.png,0
C:/Users/somal/OneDrive/Desktop/Capstone_Model/algae_bloom_dataset\train\algae_bloom_1435.png,1
C:/Users/somal/OneDrive/Desktop/Capstone_Model/algae_bloom_dataset\train\algae_bloom_1436.png,0
C:/Users/somal/OneDrive/Desktop/Capstone_Model/algae_bloom_dataset\train\algae_bloom_1437.png,0
C:/Users/somal/OneDrive/Desktop/Capstone_Model/algae_bloom_dataset\train\algae_bloom_1438.png,1
C:/Users/somal/OneDrive/Desktop/Capstone_Model/algae_bloom_dataset\train\algae_bloom_1439.png,0
C:/Users/somal/OneDrive/Desktop/Capstone_Model/algae_bloom_dataset\train\algae_bloom_144.png,1
C:/Users/somal/OneDrive/Desktop/Capstone_Model/algae_bloom_dataset\train\algae_bloom_1440.png,1
C:/Users/somal/OneDrive/Desktop/Capstone_Model/algae_bloom_dataset\train\algae_bloom_1441.png,0
C:/Users/somal/OneDrive/Desktop/Capstone_Model/algae_bloom_dataset\train\algae_bloom_1442.png,0
C:/Users/somal/OneDrive/Desktop/Capstone_Model/algae_bloom_dataset\train\algae_bloom_1443.png,0
C:/Users/somal/OneDrive/Desktop/Capstone_Model/algae_bloom_dataset\train\algae_bloom_1444.png,0
C:/Users/somal/OneDrive/Desktop/Capstone_Model/algae_bloom_dataset\train\algae_bloom_1445.png,1
C:/Users/somal/OneDrive/Desktop/Capstone_Model/algae_bloom_dataset\train\algae_bloom_1446.png,0
C:/Users/somal/OneDrive/Desktop/Capstone_Model/algae_bloom_dataset\train\algae_bloom_1447.png,1
C:/Users/somal/OneDrive/Desktop/Capstone_Model/algae_bloom_dataset\train\algae_bloom_1448.png,0
C:/Users/somal/OneDrive/Desktop/Capstone_Model/algae_bloom_dataset\train\algae_bloom_1449.png,0
C:/Users/somal/OneDrive/Desktop/Capstone_Model/algae_bloom_dataset\train\algae_bloom_145.png,0
C:/Users/somal/OneDrive/Desktop/Capstone_Model/algae_bloom_dataset\train\algae_bloom_1450.png,0
C:/Users/somal/OneDrive/Desktop/Capstone_Model/algae_bloom_dataset\train\algae_bloom_1451.png,0
C:/Users/somal/OneDrive/Desktop/Capstone_Model/algae_bloom_dataset\train\algae_bloom_1452.png,0
C:/Users/somal/OneDrive/Desktop/Capstone_Model/algae_bloom_dataset\train\algae_bloom_1453.png,1
C:/Users/somal/OneDrive/Desktop/Capstone_Model/algae_bloom_dataset\train\algae_bloom_1454.png,0
C:/Users/somal/OneDrive/Desktop/Capstone_Model/algae_bloom_dataset\train\algae_bloom_1455.png,0
C:/Users/somal/OneDrive/Desktop/Capstone_Model/algae_bloom_dataset\train\algae_bloom_1456.png,1
C:/Users/somal/OneDrive/Desktop/Capstone_Model/algae_bloom_dataset\train\algae_bloom_1457.png,0
C:/Users/somal/OneDrive/Desktop/Capstone_Model/algae_bloom_dataset\train\algae_bloom_1458.png,1
C:/Users/somal/OneDrive/Desktop/Capstone_Model/algae_bloom_dataset\train\algae_bloom_1459.png,1
C:/Users/somal/OneDrive/Desktop/Capstone_Model/algae_bloom_dataset\train\algae_bloom_146.png,1
C:/Users/somal/OneDrive/Desktop/Capstone_Model/algae_bloom_dataset\train\algae_bloom_1460.png,0
C:/Users/somal/OneDrive/Desktop/Capstone_Model/algae_bloom_dataset\train\algae_bloom_1461.png,0
C:/Users/somal/OneDrive/Desktop/Capstone_Model/algae_bloom_dataset\train\algae_bloom_1462.png,0
C:/Users/somal/OneDrive/Desktop/Capstone_Model/algae_bloom_dataset\train\algae_bloom_1463.png,0
C:/Users/somal/OneDrive/Desktop/Capstone_Model/algae_bloom_dataset\train\algae_bloom_1464.png,1
C:/Users/somal/OneDrive/Desktop/Capstone_Model/algae_bloom_dataset\train\algae_bloom_1465.png,1
C:/Users/somal/OneDrive/Desktop/Capstone_Model/algae_bloom_dataset\train\algae_bloom_1466.png,0
C:/Users/somal/OneDrive/Desktop/Capstone_Model/algae_bloom_dataset\train\algae_bloom_1467.png,0
C:/Users/somal/OneDrive/Desktop/Capstone_Model/algae_bloom_dataset\train\algae_bloom_1468.png,0
C:/Users/somal/OneDrive/Desktop/Capstone_Model/algae_bloom_dataset\train\algae_bloom_1469.png,0
C:/Users/somal/OneDrive/Desktop/Capstone_Model/algae_bloom_dataset\train\algae_bloom_147.png,0
C:/Users/somal/OneDrive/Desktop/Capstone_Model/algae_bloom_dataset\train\algae_bloom_1470.png,0
C:/Users/somal/OneDrive/Desktop/Capstone_Model/algae_bloom_dataset\train\algae_bloom_1471.png,0
C:/Users/somal/OneDrive/Desktop/Capstone_Model/algae_bloom_dataset\train\algae_bloom_1472.png,0
C:/Users/somal/OneDrive/Desktop/Capstone_Model/algae_bloom_dataset\train\algae_bloom_1473.png,0
C:/Users/somal/OneDrive/Desktop/Capstone_Model/algae_bloom_dataset\train\algae_bloom_1474.png,0
C:/Users/somal/OneDrive/Desktop/Capstone_Model/algae_bloom_dataset\train\algae_bloom_1475.png,0
C:/Users/somal/OneDrive/Desktop/Capstone_Model/algae_bloom_dataset\train\algae_bloom_1476.png,0
C:/Users/somal/OneDrive/Desktop/Capstone_Model/algae_bloom_dataset\train\algae_bloom_1477.png,0
C:/Users/somal/OneDrive/Desktop/Capstone_Model/algae_bloom_dataset\train\algae_bloom_1478.png,0
C:/Users/somal/OneDrive/Desktop/Capstone_Model/algae_bloom_dataset\train\algae_bloom_1479.png,0
C:/Users/somal/OneDrive/Desktop/Capstone_Model/algae_bloom_dataset\train\algae_bloom_148.png,1
C:/Users/somal/OneDrive/Desktop/Capstone_Model/algae_bloom_dataset\train\algae_bloom_1480.png,0
C:/Users/somal/OneDrive/Desktop/Capstone_Model/algae_bloom_dataset\train\algae_bloom_1481.png,0
C:/Users/somal/OneDrive/Desktop/Capstone_Model/algae_bloom_dataset\train\algae_bloom_1482.png,0
C:/Users/somal/OneDrive/Desktop/Capstone_Model/algae_bloom_dataset\train\algae_bloom_1483.png,0
C:/Users/somal/OneDrive/Desktop/Capstone_Model/algae_bloom_dataset\train\algae_bloom_1484.png,1
C:/Users/somal/OneDrive/Desktop/Capstone_Model/algae_bloom_dataset\train\algae_bloom_1485.png,0
C:/Users/somal/OneDrive/Desktop/Capstone_Model/algae_bloom_dataset\train\algae_bloom_1486.png,0
C:/Users/somal/OneDrive/Desktop/Capstone_Model/algae_bloom_dataset\train\algae_bloom_1487.png,0
C:/Users/somal/OneDrive/Desktop/Capstone_Model/algae_bloom_dataset\train\algae_bloom_1488.png,0
C:/Users/somal/OneDrive/Desktop/Capstone_Model/algae_bloom_dataset\train\algae_bloom_1489.png,0
C:/Users/somal/OneDrive/Desktop/Capstone_Model/algae_bloom_dataset\train\algae_bloom_149.png,0
C:/Users/somal/OneDrive/Desktop/Capstone_Model/algae_bloom_dataset\train\algae_bloom_1490.png,1
C:/Users/somal/OneDrive/Desktop/Capstone_Model/algae_bloom_dataset\train\algae_bloom_1491.png,0
C:/Users/somal/OneDrive/Desktop/Capstone_Model/algae_bloom_dataset\train\algae_bloom_1492.png,0
C:/Users/somal/OneDrive/Desktop/Capstone_Model/algae_bloom_dataset\train\algae_bloom_1493.png,1
C:/Users/somal/OneDrive/Desktop/Capstone_Model/algae_bloom_dataset\train\algae_bloom_1494.png,0
C:/Users/somal/OneDrive/Desktop/Capstone_Model/algae_bloom_dataset\train\algae_bloom_1495.png,0
C:/Users/somal/OneDrive/Desktop/Capstone_Model/algae_bloom_dataset\train\algae_bloom_1496.png,1
C:/Users/somal/OneDrive/Desktop/Capstone_Model/algae_bloom_dataset\train\algae_bloom_1497.png,0
C:/Users/somal/OneDrive/Desktop/Capstone_Model/algae_bloom_dataset\train\algae_bloom_1498.png,0
C:/Users/somal/OneDrive/Desktop/Capstone_Model/algae_bloom_dataset\train\algae_bloom_1499.png,0
C:/Users/somal/OneDrive/Desktop/Capstone_Model/algae_bloom_dataset\train\algae_bloom_15.png,0
C:/Users/somal/OneDrive/Desktop/Capstone_Model/algae_bloom_dataset\train\algae_bloom_150.png,1
C:/Users/somal/OneDrive/Desktop/Capstone_Model/algae_bloom_dataset\train\algae_bloom_1500.png,0
C:/Users/somal/OneDrive/Desktop/Capstone_Model/algae_bloom_dataset\train\algae_bloom_1501.png,0
C:/Users/somal/OneDrive/Desktop/Capstone_Model/algae_bloom_dataset\train\algae_bloom_1502.png,1
C:/Users/somal/OneDrive/Desktop/Capstone_Model/algae_bloom_dataset\train\algae_bloom_1503.png,0
C:/Users/somal/OneDrive/Desktop/Capstone_Model/algae_bloom_dataset\train\algae_bloom_1504.png,0
C:/Users/somal/OneDrive/Desktop/Capstone_Model/algae_bloom_dataset\train\algae_bloom_1505.png,0
C:/Users/somal/OneDrive/Desktop/Capstone_Model/algae_bloom_dataset\train\algae_bloom_1506.png,1
C:/Users/somal/OneDrive/Desktop/Capstone_Model/algae_bloom_dataset\train\algae_bloom_1507.png,0
C:/Users/somal/OneDrive/Desktop/Capstone_Model/algae_bloom_dataset\train\algae_bloom_1508.png,0
C:/Users/somal/OneDrive/Desktop/Capstone_Model/algae_bloom_dataset\train\algae_bloom_1509.png,0
C:/Users/somal/OneDrive/Desktop/Capstone_Model/algae_bloom_dataset\train\algae_bloom_151.png,0
C:/Users/somal/OneDrive/Desktop/Capstone_Model/algae_bloom_dataset\train\algae_bloom_1510.png,0
C:/Users/somal/OneDrive/Desktop/Capstone_Model/algae_bloom_dataset\train\algae_bloom_1511.png,0
C:/Users/somal/OneDrive/Desktop/Capstone_Model/algae_bloom_dataset\train\algae_bloom_1512.png,0
C:/Users/somal/OneDrive/Desktop/Capstone_Model/algae_bloom_dataset\train\algae_bloom_1513.png,0
C:/Users/somal/OneDrive/Desktop/Capstone_Model/algae_bloom_dataset\train\algae_bloom_1514.png,0
C:/Users/somal/OneDrive/Desktop/Capstone_Model/algae_bloom_dataset\train\algae_bloom_1515.png,1
C:/Users/somal/OneDrive/Desktop/Capstone_Model/algae_bloom_dataset\train\algae_bloom_1516.png,0
C:/Users/somal/OneDrive/Desktop/Capstone_Model/algae_bloom_dataset\train\algae_bloom_1517.png,0
C:/Users/somal/OneDrive/Desktop/Capstone_Model/algae_bloom_dataset\train\algae_bloom_1518.png,0
C:/Users/somal/OneDrive/Desktop/Capstone_Model/algae_bloom_dataset\train\algae_bloom_1519.png,0
C:/Users/somal/OneDrive/Desktop/Capstone_Model/algae_bloom_dataset\train\algae_bloom_152.png,1
C:/Users/somal/OneDrive/Desktop/Capstone_Model/algae_bloom_dataset\train\algae_bloom_1520.png,0
C:/Users/somal/OneDrive/Desktop/Capstone_Model/algae_bloom_dataset\train\algae_bloom_1521.png,0
C:/Users/somal/OneDrive/Desktop/Capstone_Model/algae_bloom_dataset\train\algae_bloom_1522.png,0
C:/Users/somal/OneDrive/Desktop/Capstone_Model/algae_bloom_dataset\train\algae_bloom_1523.png,1
C:/Users/somal/OneDrive/Desktop/Capstone_Model/algae_bloom_dataset\train\algae_bloom_1524.png,0
C:/Users/somal/OneDrive/Desktop/Capstone_Model/algae_bloom_dataset\train\algae_bloom_1525.png,0
C:/Users/somal/OneDrive/Desktop/Capstone_Model/algae_bloom_dataset\train\algae_bloom_1526.png,1
C:/Users/somal/OneDrive/Desktop/Capstone_Model/algae_bloom_dataset\train\algae_bloom_1527.png,1
C:/Users/somal/OneDrive/Desktop/Capstone_Model/algae_bloom_dataset\train\algae_bloom_1528.png,1
C:/Users/somal/OneDrive/Desktop/Capstone_Model/algae_bloom_dataset\train\algae_bloom_1529.png,0
C:/Users/somal/OneDrive/Desktop/Capstone_Model/algae_bloom_dataset\train\algae_bloom_153.png,0
C:/Users/somal/OneDrive/Desktop/Capstone_Model/algae_bloom_dataset\train\algae_bloom_1530.png,0
C:/Users/somal/OneDrive/Desktop/Capstone_Model/algae_bloom_dataset\train\algae_bloom_1531.png,0
C:/Users/somal/OneDrive/Desktop/Capstone_Model/algae_bloom_dataset\train\algae_bloom_1532.png,0
C:/Users/somal/OneDrive/Desktop/Capstone_Model/algae_bloom_dataset\train\algae_bloom_1533.png,0
C:/Users/somal/OneDrive/Desktop/Capstone_Model/algae_bloom_dataset\train\algae_bloom_1534.png,0
C:/Users/somal/OneDrive/Desktop/Capstone_Model/algae_bloom_dataset\train\algae_bloom_1535.png,0
C:/Users/somal/OneDrive/Desktop/Capstone_Model/algae_bloom_dataset\train\algae_bloom_1536.png,0
C:/Users/somal/OneDrive/Desktop/Capstone_Model/algae_bloom_dataset\train\algae_bloom_1537.png,1
C:/Users/somal/OneDrive/Desktop/Capstone_Model/algae_bloom_dataset\train\algae_bloom_1538.png,0
C:/Users/somal/OneDrive/Desktop/Capstone_Model/algae_bloom_dataset\train\algae_bloom_1539.png,0
C:/Users/somal/OneDrive/Desktop/Capstone_Model/algae_bloom_dataset\train\algae_bloom_154.png,0
C:/Users/somal/OneDrive/Desktop/Capstone_Model/algae_bloom_dataset\train\algae_bloom_1540.png,1
C:/Users/somal/OneDrive/Desktop/Capstone_Model/algae_bloom_dataset\train\algae_bloom_1541.png,0
C:/Users/somal/OneDrive/Desktop/Capstone_Model/algae_bloom_dataset\train\algae_bloom_1542.png,0
C:/Users/somal/OneDrive/Desktop/Capstone_Model/algae_bloom_dataset\train\algae_bloom_1543.png,0
C:/Users/somal/OneDrive/Desktop/Capstone_Model/algae_bloom_dataset\train\algae_bloom_1544.png,1
C:/Users/somal/OneDrive/Desktop/Capstone_Model/algae_bloom_dataset\train\algae_bloom_1545.png,0
C:/Users/somal/OneDrive/Desktop/Capstone_Model/algae_bloom_dataset\train\algae_bloom_1546.png,1
C:/Users/somal/OneDrive/Desktop/Capstone_Model/algae_bloom_dataset\train\algae_bloom_1547.png,1
C:/Users/somal/OneDrive/Desktop/Capstone_Model/algae_bloom_dataset\train\algae_bloom_1548.png,1
C:/Users/somal/OneDrive/Desktop/Capstone_Model/algae_bloom_dataset\train\algae_bloom_1549.png,1
C:/Users/somal/OneDrive/Desktop/Capstone_Model/algae_bloom_dataset\train\algae_bloom_155.png,0
C:/Users/somal/OneDrive/Desktop/Capstone_Model/algae_bloom_dataset\train\algae_bloom_1550.png,0
C:/Users/somal/OneDrive/Desktop/Capstone_Model/algae_bloom_dataset\train\algae_bloom_1551.png,0
C:/Users/somal/OneDrive/Desktop/Capstone_Model/algae_bloom_dataset\train\algae_bloom_1552.png,0
C:/Users/somal/OneDrive/Desktop/Capstone_Model/algae_bloom_dataset\train\algae_bloom_1553.png,0
C:/Users/somal/OneDrive/Desktop/Capstone_Model/algae_bloom_dataset\train\algae_bloom_1554.png,1
C:/Users/somal/OneDrive/Desktop/Capstone_Model/algae_bloom_dataset\train\algae_bloom_1555.png,0
C:/Users/somal/OneDrive/Desktop/Capstone_Model/algae_bloom_dataset\train\algae_bloom_1556.png,1
C:/Users/somal/OneDrive/Desktop/Capstone_Model/algae_bloom_dataset\train\algae_bloom_1557.png,1
C:/Users/somal/OneDrive/Desktop/Capstone_Model/algae_bloom_dataset\train\algae_bloom_1558.png,1
C:/Users/somal/OneDrive/Desktop/Capstone_Model/algae_bloom_dataset\train\algae_bloom_1559.png,1
C:/Users/somal/OneDrive/Desktop/Capstone_Model/algae_bloom_dataset\train\algae_bloom_156.png,0
C:/Users/somal/OneDrive/Desktop/Capstone_Model/algae_bloom_dataset\train\algae_bloom_1560.png,0
C:/Users/somal/OneDrive/Desktop/Capstone_Model/algae_bloom_dataset\train\algae_bloom_1561.png,1
C:/Users/somal/OneDrive/Desktop/Capstone_Model/algae_bloom_dataset\train\algae_bloom_1562.png,0
C:/Users/somal/OneDrive/Desktop/Capstone_Model/algae_bloom_dataset\train\algae_bloom_1563.png,0
C:/Users/somal/OneDrive/Desktop/Capstone_Model/algae_bloom_dataset\train\algae_bloom_1564.png,1
C:/Users/somal/OneDrive/Desktop/Capstone_Model/algae_bloom_dataset\train\algae_bloom_1565.png,0
C:/Users/somal/OneDrive/Desktop/Capstone_Model/algae_bloom_dataset\train\algae_bloom_1566.png,0
C:/Users/somal/OneDrive/Desktop/Capstone_Model/algae_bloom_dataset\train\algae_bloom_1567.png,0
C:/Users/somal/OneDrive/Desktop/Capstone_Model/algae_bloom_dataset\train\algae_bloom_1568.png,0
C:/Users/somal/OneDrive/Desktop/Capstone_Model/algae_bloom_dataset\train\algae_bloom_1569.png,0
C:/Users/somal/OneDrive/Desktop/Capstone_Model/algae_bloom_dataset\train\algae_bloom_157.png,0
C:/Users/somal/OneDrive/Desktop/Capstone_Model/algae_bloom_dataset\train\algae_bloom_1570.png,0
C:/Users/somal/OneDrive/Desktop/Capstone_Model/algae_bloom_dataset\train\algae_bloom_1571.png,0
C:/Users/somal/OneDrive/Desktop/Capstone_Model/algae_bloom_dataset\train\algae_bloom_1572.png,1
C:/Users/somal/OneDrive/Desktop/Capstone_Model/algae_bloom_dataset\train\algae_bloom_1573.png,0
C:/Users/somal/OneDrive/Desktop/Capstone_Model/algae_bloom_dataset\train\algae_bloom_1574.png,0
C:/Users/somal/OneDrive/Desktop/Capstone_Model/algae_bloom_dataset\train\algae_bloom_1575.png,1
C:/Users/somal/OneDrive/Desktop/Capstone_Model/algae_bloom_dataset\train\algae_bloom_1576.png,0
C:/Users/somal/OneDrive/Desktop/Capstone_Model/algae_bloom_dataset\train\algae_bloom_1577.png,1
C:/Users/somal/OneDrive/Desktop/Capstone_Model/algae_bloom_dataset\train\algae_bloom_1578.png,0
C:/Users/somal/OneDrive/Desktop/Capstone_Model/algae_bloom_dataset\train\algae_bloom_1579.png,0
C:/Users/somal/OneDrive/Desktop/Capstone_Model/algae_bloom_dataset\train\algae_bloom_158.png,0
C:/Users/somal/OneDrive/Desktop/Capstone_Model/algae_bloom_dataset\train\algae_bloom_1580.png,0
C:/Users/somal/OneDrive/Desktop/Capstone_Model/algae_bloom_dataset\train\algae_bloom_1581.png,0
C:/Users/somal/OneDrive/Desktop/Capstone_Model/algae_bloom_dataset\train\algae_bloom_1582.png,1
C:/Users/somal/OneDrive/Desktop/Capstone_Model/algae_bloom_dataset\train\algae_bloom_1583.png,0
C:/Users/somal/OneDrive/Desktop/Capstone_Model/algae_bloom_dataset\train\algae_bloom_1584.png,1
C:/Users/somal/OneDrive/Desktop/Capstone_Model/algae_bloom_dataset\train\algae_bloom_1585.png,0
C:/Users/somal/OneDrive/Desktop/Capstone_Model/algae_bloom_dataset\train\algae_bloom_1586.png,0
C:/Users/somal/OneDrive/Desktop/Capstone_Model/algae_bloom_dataset\train\algae_bloom_1587.png,0
C:/Users/somal/OneDrive/Desktop/Capstone_Model/algae_bloom_dataset\train\algae_bloom_1588.png,0
C:/Users/somal/OneDrive/Desktop/Capstone_Model/algae_bloom_dataset\train\algae_bloom_1589.png,0
C:/Users/somal/OneDrive/Desktop/Capstone_Model/algae_bloom_dataset\train\algae_bloom_159.png,0
C:/Users/somal/OneDrive/Desktop/Capstone_Model/algae_bloom_dataset\train\algae_bloom_1590.png,0
C:/Users/somal/OneDrive/Desktop/Capstone_Model/algae_bloom_dataset\train\algae_bloom_1591.png,0
C:/Users/somal/OneDrive/Desktop/Capstone_Model/algae_bloom_dataset\train\algae_bloom_1592.png,0
C:/Users/somal/OneDrive/Desktop/Capstone_Model/algae_bloom_dataset\train\algae_bloom_1593.png,1
C:/Users/somal/OneDrive/Desktop/Capstone_Model/algae_bloom_dataset\train\algae_bloom_1594.png,0
C:/Users/somal/OneDrive/Desktop/Capstone_Model/algae_bloom_dataset\train\algae_bloom_1595.png,1
C:/Users/somal/OneDrive/Desktop/Capstone_Model/algae_bloom_dataset\train\algae_bloom_1596.png,0
C:/Users/somal/OneDrive/Desktop/Capstone_Model/algae_bloom_dataset\train\algae_bloom_1597.png,0
C:/Users/somal/OneDrive/Desktop/Capstone_Model/algae_bloom_dataset\train\algae_bloom_1598.png,1
C:/Users/somal/OneDrive/Desktop/Capstone_Model/algae_bloom_dataset\train\algae_bloom_1599.png,0
C:/Users/somal/OneDrive/Desktop/Capstone_Model/algae_bloom_dataset\train\algae_bloom_16.png,0
C:/Users/somal/OneDrive/Desktop/Capstone_Model/algae_bloom_dataset\train\algae_bloom_160.png,0
C:/Users/somal/OneDrive/Desktop/Capstone_Model/algae_bloom_dataset\train\algae_bloom_1600.png,0
C:/Users/somal/OneDrive/Desktop/Capstone_Model/algae_bloom_dataset\train\algae_bloom_1601.png,0
C:/Users/somal/OneDrive/Desktop/Capstone_Model/algae_bloom_dataset\train\algae_bloom_1602.png,1
C:/Users/somal/OneDrive/Desktop/Capstone_Model/algae_bloom_dataset\train\algae_bloom_1603.png,0
C:/Users/somal/OneDrive/Desktop/Capstone_Model/algae_bloom_dataset\train\algae_bloom_1604.png,0
C:/Users/somal/OneDrive/Desktop/Capstone_Model/algae_bloom_dataset\train\algae_bloom_1605.png,0
C:/Users/somal/OneDrive/Desktop/Capstone_Model/algae_bloom_dataset\train\algae_bloom_1606.png,1
C:/Users/somal/OneDrive/Desktop/Capstone_Model/algae_bloom_dataset\train\algae_bloom_1607.png,0
C:/Users/somal/OneDrive/Desktop/Capstone_Model/algae_bloom_dataset\train\algae_bloom_1608.png,0
C:/Users/somal/OneDrive/Desktop/Capstone_Model/algae_bloom_dataset\train\algae_bloom_1609.png,0
C:/Users/somal/OneDrive/Desktop/Capstone_Model/algae_bloom_dataset\train\algae_bloom_161.png,0
C:/Users/somal/OneDrive/Desktop/Capstone_Model/algae_bloom_dataset\train\algae_bloom_1610.png,0
C:/Users/somal/OneDrive/Desktop/Capstone_Model/algae_bloom_dataset\train\algae_bloom_1611.png,0
C:/Users/somal/OneDrive/Desktop/Capstone_Model/algae_bloom_dataset\train\algae_bloom_1612.png,0
C:/Users/somal/OneDrive/Desktop/Capstone_Model/algae_bloom_dataset\train\algae_bloom_1613.png,0
C:/Users/somal/OneDrive/Desktop/Capstone_Model/algae_bloom_dataset\train\algae_bloom_1614.png,0
C:/Users/somal/OneDrive/Desktop/Capstone_Model/algae_bloom_dataset\train\algae_bloom_1615.png,1
C:/Users/somal/OneDrive/Desktop/Capstone_Model/algae_bloom_dataset\train\algae_bloom_1616.png,0
C:/Users/somal/OneDrive/Desktop/Capstone_Model/algae_bloom_dataset\train\algae_bloom_1617.png,1
C:/Users/somal/OneDrive/Desktop/Capstone_Model/algae_bloom_dataset\train\algae_bloom_1618.png,1
C:/Users/somal/OneDrive/Desktop/Capstone_Model/algae_bloom_dataset\train\algae_bloom_1619.png,0
C:/Users/somal/OneDrive/Desktop/Capstone_Model/algae_bloom_dataset\train\algae_bloom_162.png,1
C:/Users/somal/OneDrive/Desktop/Capstone_Model/algae_bloom_dataset\train\algae_bloom_1620.png,0
C:/Users/somal/OneDrive/Desktop/Capstone_Model/algae_bloom_dataset\train\algae_bloom_1621.png,0
C:/Users/somal/OneDrive/Desktop/Capstone_Model/algae_bloom_dataset\train\algae_bloom_1622.png,0
C:/Users/somal/OneDrive/Desktop/Capstone_Model/algae_bloom_dataset\train\algae_bloom_1623.png,0
C:/Users/somal/OneDrive/Desktop/Capstone_Model/algae_bloom_dataset\train\algae_bloom_1624.png,0
C:/Users/somal/OneDrive/Desktop/Capstone_Model/algae_bloom_dataset\train\algae_bloom_1625.png,0
C:/Users/somal/OneDrive/Desktop/Capstone_Model/algae_bloom_dataset\train\algae_bloom_1626.png,0
C:/Users/somal/OneDrive/Desktop/Capstone_Model/algae_bloom_dataset\train\algae_bloom_1627.png,0
C:/Users/somal/OneDrive/Desktop/Capstone_Model/algae_bloom_dataset\train\algae_bloom_1628.png,0
C:/Users/somal/OneDrive/Desktop/Capstone_Model/algae_bloom_dataset\train\algae_bloom_1629.png,1
C:/Users/somal/OneDrive/Desktop/Capstone_Model/algae_bloom_dataset\train\algae_bloom_163.png,0
C:/Users/somal/OneDrive/Desktop/Capstone_Model/algae_bloom_dataset\train\algae_bloom_1630.png,0
C:/Users/somal/OneDrive/Desktop/Capstone_Model/algae_bloom_dataset\train\algae_bloom_1631.png,0
C:/Users/somal/OneDrive/Desktop/Capstone_Model/algae_bloom_dataset\train\algae_bloom_1632.png,1
C:/Users/somal/OneDrive/Desktop/Capstone_Model/algae_bloom_dataset\train\algae_bloom_1633.png,0
C:/Users/somal/OneDrive/Desktop/Capstone_Model/algae_bloom_dataset\train\algae_bloom_1634.png,1
C:/Users/somal/OneDrive/Desktop/Capstone_Model/algae_bloom_dataset\train\algae_bloom_1635.png,0
C:/Users/somal/OneDrive/Desktop/Capstone_Model/algae_bloom_dataset\train\algae_bloom_1636.png,0
C:/Users/somal/OneDrive/Desktop/Capstone_Model/algae_bloom_dataset\train\algae_bloom_1637.png,0
C:/Users/somal/OneDrive/Desktop/Capstone_Model/algae_bloom_dataset\train\algae_bloom_1638.png,0
C:/Users/somal/OneDrive/Desktop/Capstone_Model/algae_bloom_dataset\train\algae_bloom_1639.png,1
C:/Users/somal/OneDrive/Desktop/Capstone_Model/algae_bloom_dataset\train\algae_bloom_164.png,0
C:/Users/somal/OneDrive/Desktop/Capstone_Model/algae_bloom_dataset\train\algae_bloom_1640.png,1
C:/Users/somal/OneDrive/Desktop/Capstone_Model/algae_bloom_dataset\train\algae_bloom_1641.png,1
C:/Users/somal/OneDrive/Desktop/Capstone_Model/algae_bloom_dataset\train\algae_bloom_1642.png,0
C:/Users/somal/OneDrive/Desktop/Capstone_Model/algae_bloom_dataset\train\algae_bloom_1643.png,0
C:/Users/somal/OneDrive/Desktop/Capstone_Model/algae_bloom_dataset\train\algae_bloom_1644.png,0
C:/Users/somal/OneDrive/Desktop/Capstone_Model/algae_bloom_dataset\train\algae_bloom_1645.png,0
C:/Users/somal/OneDrive/Desktop/Capstone_Model/algae_bloom_dataset\train\algae_bloom_1646.png,0
C:/Users/somal/OneDrive/Desktop/Capstone_Model/algae_bloom_dataset\train\algae_bloom_1647.png,0
C:/Users/somal/OneDrive/Desktop/Capstone_Model/algae_bloom_dataset\train\algae_bloom_1648.png,0
C:/Users/somal/OneDrive/Desktop/Capstone_Model/algae_bloom_dataset\train\algae_bloom_1649.png,0
C:/Users/somal/OneDrive/Desktop/Capstone_Model/algae_bloom_dataset\train\algae_bloom_165.png,0
C:/Users/somal/OneDrive/Desktop/Capstone_Model/algae_bloom_dataset\train\algae_bloom_1650.png,0
C:/Users/somal/OneDrive/Desktop/Capstone_Model/algae_bloom_dataset\train\algae_bloom_1651.png,1
C:/Users/somal/OneDrive/Desktop/Capstone_Model/algae_bloom_dataset\train\algae_bloom_1652.png,1
C:/Users/somal/OneDrive/Desktop/Capstone_Model/algae_bloom_dataset\train\algae_bloom_1653.png,0
C:/Users/somal/OneDrive/Desktop/Capstone_Model/algae_bloom_dataset\train\algae_bloom_1654.png,1
C:/Users/somal/OneDrive/Desktop/Capstone_Model/algae_bloom_dataset\train\algae_bloom_1655.png,0
C:/Users/somal/OneDrive/Desktop/Capstone_Model/algae_bloom_dataset\train\algae_bloom_1656.png,0
C:/Users/somal/OneDrive/Desktop/Capstone_Model/algae_bloom_dataset\train\algae_bloom_1657.png,0
C:/Users/somal/OneDrive/Desktop/Capstone_Model/algae_bloom_dataset\train\algae_bloom_1658.png,0
C:/Users/somal/OneDrive/Desktop/Capstone_Model/algae_bloom_dataset\train\algae_bloom_1659.png,0
C:/Users/somal/OneDrive/Desktop/Capstone_Model/algae_bloom_dataset\train\algae_bloom_166.png,0
C:/Users/somal/OneDrive/Desktop/Capstone_Model/algae_bloom_dataset\train\algae_bloom_1660.png,0
C:/Users/somal/OneDrive/Desktop/Capstone_Model/algae_bloom_dataset\train\algae_bloom_1661.png,0
C:/Users/somal/OneDrive/Desktop/Capstone_Model/algae_bloom_dataset\train\algae_bloom_1662.png,0
C:/Users/somal/OneDrive/Desktop/Capstone_Model/algae_bloom_dataset\train\algae_bloom_1663.png,0
C:/Users/somal/OneDrive/Desktop/Capstone_Model/algae_bloom_dataset\train\algae_bloom_1664.png,1
C:/Users/somal/OneDrive/Desktop/Capstone_Model/algae_bloom_dataset\train\algae_bloom_1665.png,0
C:/Users/somal/OneDrive/Desktop/Capstone_Model/algae_bloom_dataset\train\algae_bloom_1666.png,1
C:/Users/somal/OneDrive/Desktop/Capstone_Model/algae_bloom_dataset\train\algae_bloom_1667.png,1
C:/Users/somal/OneDrive/Desktop/Capstone_Model/algae_bloom_dataset\train\algae_bloom_1668.png,1
C:/Users/somal/OneDrive/Desktop/Capstone_Model/algae_bloom_dataset\train\algae_bloom_1669.png,0
C:/Users/somal/OneDrive/Desktop/Capstone_Model/algae_bloom_dataset\train\algae_bloom_167.png,0
C:/Users/somal/OneDrive/Desktop/Capstone_Model/algae_bloom_dataset\train\algae_bloom_1670.png,0
C:/Users/somal/OneDrive/Desktop/Capstone_Model/algae_bloom_dataset\train\algae_bloom_1671.png,0
C:/Users/somal/OneDrive/Desktop/Capstone_Model/algae_bloom_dataset\train\algae_bloom_1672.png,0
C:/Users/somal/OneDrive/Desktop/Capstone_Model/algae_bloom_dataset\train\algae_bloom_1673.png,1
C:/Users/somal/OneDrive/Desktop/Capstone_Model/algae_bloom_dataset\train\algae_bloom_1674.png,0
C:/Users/somal/OneDrive/Desktop/Capstone_Model/algae_bloom_dataset\train\algae_bloom_1675.png,0
C:/Users/somal/OneDrive/Desktop/Capstone_Model/algae_bloom_dataset\train\algae_bloom_1676.png,0
C:/Users/somal/OneDrive/Desktop/Capstone_Model/algae_bloom_dataset\train\algae_bloom_1677.png,0
C:/Users/somal/OneDrive/Desktop/Capstone_Model/algae_bloom_dataset\train\algae_bloom_1678.png,1
C:/Users/somal/OneDrive/Desktop/Capstone_Model/algae_bloom_dataset\train\algae_bloom_1679.png,0
C:/Users/somal/OneDrive/Desktop/Capstone_Model/algae_bloom_dataset\train\algae_bloom_168.png,0
C:/Users/somal/OneDrive/Desktop/Capstone_Model/algae_bloom_dataset\train\algae_bloom_1680.png,0
C:/Users/somal/OneDrive/Desktop/Capstone_Model/algae_bloom_dataset\train\algae_bloom_1681.png,0
C:/Users/somal/OneDrive/Desktop/Capstone_Model/algae_bloom_dataset\train\algae_bloom_1682.png,0
C:/Users/somal/OneDrive/Desktop/Capstone_Model/algae_bloom_dataset\train\algae_bloom_1683.png,0
C:/Users/somal/OneDrive/Desktop/Capstone_Model/algae_bloom_dataset\train\algae_bloom_1684.png,0
C:/Users/somal/OneDrive/Desktop/Capstone_Model/algae_bloom_dataset\train\algae_bloom_1685.png,0
C:/Users/somal/OneDrive/Desktop/Capstone_Model/algae_bloom_dataset\train\algae_bloom_1686.png,0
C:/Users/somal/OneDrive/Desktop/Capstone_Model/algae_bloom_dataset\train\algae_bloom_1687.png,0
C:/Users/somal/OneDrive/Desktop/Capstone_Model/algae_bloom_dataset\train\algae_bloom_1688.png,0
C:/Users/somal/OneDrive/Desktop/Capstone_Model/algae_bloom_dataset\train\algae_bloom_1689.png,0
C:/Users/somal/OneDrive/Desktop/Capstone_Model/algae_bloom_dataset\train\algae_bloom_169.png,1
C:/Users/somal/OneDrive/Desktop/Capstone_Model/algae_bloom_dataset\train\algae_bloom_1690.png,0
C:/Users/somal/OneDrive/Desktop/Capstone_Model/algae_bloom_dataset\train\algae_bloom_1691.png,0
C:/Users/somal/OneDrive/Desktop/Capstone_Model/algae_bloom_dataset\train\algae_bloom_1692.png,0
C:/Users/somal/OneDrive/Desktop/Capstone_Model/algae_bloom_dataset\train\algae_bloom_1693.png,1
C:/Users/somal/OneDrive/Desktop/Capstone_Model/algae_bloom_dataset\train\algae_bloom_1694.png,0
C:/Users/somal/OneDrive/Desktop/Capstone_Model/algae_bloom_dataset\train\algae_bloom_1695.png,1
C:/Users/somal/OneDrive/Desktop/Capstone_Model/algae_bloom_dataset\train\algae_bloom_1696.png,1
C:/Users/somal/OneDrive/Desktop/Capstone_Model/algae_bloom_dataset\train\algae_bloom_1697.png,0
C:/Users/somal/OneDrive/Desktop/Capstone_Model/algae_bloom_dataset\train\algae_bloom_1698.png,1
C:/Users/somal/OneDrive/Desktop/Capstone_Model/algae_bloom_dataset\train\algae_bloom_1699.png,0
C:/Users/somal/OneDrive/Desktop/Capstone_Model/algae_bloom_dataset\train\algae_bloom_17.png,1
C:/Users/somal/OneDrive/Desktop/Capstone_Model/algae_bloom_dataset\train\algae_bloom_170.png,0
C:/Users/somal/OneDrive/Desktop/Capstone_Model/algae_bloom_dataset\train\algae_bloom_1700.png,0
C:/Users/somal/OneDrive/Desktop/Capstone_Model/algae_bloom_dataset\train\algae_bloom_1701.png,0
C:/Users/somal/OneDrive/Desktop/Capstone_Model/algae_bloom_dataset\train\algae_bloom_1702.png,1
C:/Users/somal/OneDrive/Desktop/Capstone_Model/algae_bloom_dataset\train\algae_bloom_1703.png,0
C:/Users/somal/OneDrive/Desktop/Capstone_Model/algae_bloom_dataset\train\algae_bloom_1704.png,0
C:/Users/somal/OneDrive/Desktop/Capstone_Model/algae_bloom_dataset\train\algae_bloom_1705.png,0
C:/Users/somal/OneDrive/Desktop/Capstone_Model/algae_bloom_dataset\train\algae_bloom_1706.png,0
C:/Users/somal/OneDrive/Desktop/Capstone_Model/algae_bloom_dataset\train\algae_bloom_1707.png,0
C:/Users/somal/OneDrive/Desktop/Capstone_Model/algae_bloom_dataset\train\algae_bloom_1708.png,0
C:/Users/somal/OneDrive/Desktop/Capstone_Model/algae_bloom_dataset\train\algae_bloom_1709.png,0
C:/Users/somal/OneDrive/Desktop/Capstone_Model/algae_bloom_dataset\train\algae_bloom_171.png,1
C:/Users/somal/OneDrive/Desktop/Capstone_Model/algae_bloom_dataset\train\algae_bloom_1710.png,1
C:/Users/somal/OneDrive/Desktop/Capstone_Model/algae_bloom_dataset\train\algae_bloom_1711.png,0
C:/Users/somal/OneDrive/Desktop/Capstone_Model/algae_bloom_dataset\train\algae_bloom_1712.png,0
C:/Users/somal/OneDrive/Desktop/Capstone_Model/algae_bloom_dataset\train\algae_bloom_1713.png,1
C:/Users/somal/OneDrive/Desktop/Capstone_Model/algae_bloom_dataset\train\algae_bloom_1714.png,1
C:/Users/somal/OneDrive/Desktop/Capstone_Model/algae_bloom_dataset\train\algae_bloom_1715.png,1
C:/Users/somal/OneDrive/Desktop/Capstone_Model/algae_bloom_dataset\train\algae_bloom_1716.png,1
C:/Users/somal/OneDrive/Desktop/Capstone_Model/algae_bloom_dataset\train\algae_bloom_1717.png,1
C:/Users/somal/OneDrive/Desktop/Capstone_Model/algae_bloom_dataset\train\algae_bloom_1718.png,0
C:/Users/somal/OneDrive/Desktop/Capstone_Model/algae_bloom_dataset\train\algae_bloom_1719.png,1
C:/Users/somal/OneDrive/Desktop/Capstone_Model/algae_bloom_dataset\train\algae_bloom_172.png,0
C:/Users/somal/OneDrive/Desktop/Capstone_Model/algae_bloom_dataset\train\algae_bloom_1720.png,1
C:/Users/somal/OneDrive/Desktop/Capstone_Model/algae_bloom_dataset\train\algae_bloom_1721.png,0
C:/Users/somal/OneDrive/Desktop/Capstone_Model/algae_bloom_dataset\train\algae_bloom_1722.png,1
C:/Users/somal/OneDrive/Desktop/Capstone_Model/algae_bloom_dataset\train\algae_bloom_1723.png,0
C:/Users/somal/OneDrive/Desktop/Capstone_Model/algae_bloom_dataset\train\algae_bloom_1724.png,0
C:/Users/somal/OneDrive/Desktop/Capstone_Model/algae_bloom_dataset\train\algae_bloom_1725.png,1
C:/Users/somal/OneDrive/Desktop/Capstone_Model/algae_bloom_dataset\train\algae_bloom_1726.png,0
C:/Users/somal/OneDrive/Desktop/Capstone_Model/algae_bloom_dataset\train\algae_bloom_1727.png,0
C:/Users/somal/OneDrive/Desktop/Capstone_Model/algae_bloom_dataset\train\algae_bloom_1728.png,1
C:/Users/somal/OneDrive/Desktop/Capstone_Model/algae_bloom_dataset\train\algae_bloom_1729.png,1
C:/Users/somal/OneDrive/Desktop/Capstone_Model/algae_bloom_dataset\train\algae_bloom_173.png,0
C:/Users/somal/OneDrive/Desktop/Capstone_Model/algae_bloom_dataset\train\algae_bloom_1730.png,0
C:/Users/somal/OneDrive/Desktop/Capstone_Model/algae_bloom_dataset\train\algae_bloom_1731.png,0
C:/Users/somal/OneDrive/Desktop/Capstone_Model/algae_bloom_dataset\train\algae_bloom_1732.png,0
C:/Users/somal/OneDrive/Desktop/Capstone_Model/algae_bloom_dataset\train\algae_bloom_1733.png,1
C:/Users/somal/OneDrive/Desktop/Capstone_Model/algae_bloom_dataset\train\algae_bloom_1734.png,0
C:/Users/somal/OneDrive/Desktop/Capstone_Model/algae_bloom_dataset\train\algae_bloom_1735.png,0
C:/Users/somal/OneDrive/Desktop/Capstone_Model/algae_bloom_dataset\train\algae_bloom_1736.png,1
C:/Users/somal/OneDrive/Desktop/Capstone_Model/algae_bloom_dataset\train\algae_bloom_1737.png,0
C:/Users/somal/OneDrive/Desktop/Capstone_Model/algae_bloom_dataset\train\algae_bloom_1738.png,0
C:/Users/somal/OneDrive/Desktop/Capstone_Model/algae_bloom_dataset\train\algae_bloom_1739.png,0
C:/Users/somal/OneDrive/Desktop/Capstone_Model/algae_bloom_dataset\train\algae_bloom_174.png,0
C:/Users/somal/OneDrive/Desktop/Capstone_Model/algae_bloom_dataset\train\algae_bloom_1740.png,0
C:/Users/somal/OneDrive/Desktop/Capstone_Model/algae_bloom_dataset\train\algae_bloom_1741.png,0
C:/Users/somal/OneDrive/Desktop/Capstone_Model/algae_bloom_dataset\train\algae_bloom_1742.png,0
C:/Users/somal/OneDrive/Desktop/Capstone_Model/algae_bloom_dataset\train\algae_bloom_1743.png,0
C:/Users/somal/OneDrive/Desktop/Capstone_Model/algae_bloom_dataset\train\algae_bloom_1744.png,0
C:/Users/somal/OneDrive/Desktop/Capstone_Model/algae_bloom_dataset\train\algae_bloom_1745.png,0
C:/Users/somal/OneDrive/Desktop/Capstone_Model/algae_bloom_dataset\train\algae_bloom_1746.png,1
C:/Users/somal/OneDrive/Desktop/Capstone_Model/algae_bloom_dataset\train\algae_bloom_1747.png,1
C:/Users/somal/OneDrive/Desktop/Capstone_Model/algae_bloom_dataset\train\algae_bloom_1748.png,0
C:/Users/somal/OneDrive/Desktop/Capstone_Model/algae_bloom_dataset\train\algae_bloom_1749.png,0
C:/Users/somal/OneDrive/Desktop/Capstone_Model/algae_bloom_dataset\train\algae_bloom_175.png,0
C:/Users/somal/OneDrive/Desktop/Capstone_Model/algae_bloom_dataset\train\algae_bloom_1750.png,0
C:/Users/somal/OneDrive/Desktop/Capstone_Model/algae_bloom_dataset\train\algae_bloom_1751.png,0
C:/Users/somal/OneDrive/Desktop/Capstone_Model/algae_bloom_dataset\train\algae_bloom_1752.png,0
C:/Users/somal/OneDrive/Desktop/Capstone_Model/algae_bloom_dataset\train\algae_bloom_1753.png,0
C:/Users/somal/OneDrive/Desktop/Capstone_Model/algae_bloom_dataset\train\algae_bloom_1754.png,1
C:/Users/somal/OneDrive/Desktop/Capstone_Model/algae_bloom_dataset\train\algae_bloom_1755.png,0
C:/Users/somal/OneDrive/Desktop/Capstone_Model/algae_bloom_dataset\train\algae_bloom_1756.png,0
C:/Users/somal/OneDrive/Desktop/Capstone_Model/algae_bloom_dataset\train\algae_bloom_1757.png,0
C:/Users/somal/OneDrive/Desktop/Capstone_Model/algae_bloom_dataset\train\algae_bloom_1758.png,0
C:/Users/somal/OneDrive/Desktop/Capstone_Model/algae_bloom_dataset\train\algae_bloom_1759.png,1
C:/Users/somal/OneDrive/Desktop/Capstone_Model/algae_bloom_dataset\train\algae_bloom_176.png,0
C:/Users/somal/OneDrive/Desktop/Capstone_Model/algae_bloom_dataset\train\algae_bloom_1760.png,0
C:/Users/somal/OneDrive/Desktop/Capstone_Model/algae_bloom_dataset\train\algae_bloom_1761.png,0
C:/Users/somal/OneDrive/Desktop/Capstone_Model/algae_bloom_dataset\train\algae_bloom_1762.png,0
C:/Users/somal/OneDrive/Desktop/Capstone_Model/algae_bloom_dataset\train\algae_bloom_1763.png,0
C:/Users/somal/OneDrive/Desktop/Capstone_Model/algae_bloom_dataset\train\algae_bloom_1764.png,0
C:/Users/somal/OneDrive/Desktop/Capstone_Model/algae_bloom_dataset\train\algae_bloom_1765.png,1
C:/Users/somal/OneDrive/Desktop/Capstone_Model/algae_bloom_dataset\train\algae_bloom_1766.png,1
C:/Users/somal/OneDrive/Desktop/Capstone_Model/algae_bloom_dataset\train\algae_bloom_1767.png,0
C:/Users/somal/OneDrive/Desktop/Capstone_Model/algae_bloom_dataset\train\algae_bloom_1768.png,0
C:/Users/somal/OneDrive/Desktop/Capstone_Model/algae_bloom_dataset\train\algae_bloom_1769.png,0
C:/Users/somal/OneDrive/Desktop/Capstone_Model/algae_bloom_dataset\train\algae_bloom_177.png,0
C:/Users/somal/OneDrive/Desktop/Capstone_Model/algae_bloom_dataset\train\algae_bloom_1770.png,0
C:/Users/somal/OneDrive/Desktop/Capstone_Model/algae_bloom_dataset\train\algae_bloom_1771.png,0
C:/Users/somal/OneDrive/Desktop/Capstone_Model/algae_bloom_dataset\train\algae_bloom_1772.png,1
C:/Users/somal/OneDrive/Desktop/Capstone_Model/algae_bloom_dataset\train\algae_bloom_1773.png,1
C:/Users/somal/OneDrive/Desktop/Capstone_Model/algae_bloom_dataset\train\algae_bloom_1774.png,1
C:/Users/somal/OneDrive/Desktop/Capstone_Model/algae_bloom_dataset\train\algae_bloom_1775.png,1
C:/Users/somal/OneDrive/Desktop/Capstone_Model/algae_bloom_dataset\train\algae_bloom_1776.png,0
C:/Users/somal/OneDrive/Desktop/Capstone_Model/algae_bloom_dataset\train\algae_bloom_1777.png,0
C:/Users/somal/OneDrive/Desktop/Capstone_Model/algae_bloom_dataset\train\algae_bloom_1778.png,0
C:/Users/somal/OneDrive/Desktop/Capstone_Model/algae_bloom_dataset\train\algae_bloom_1779.png,0
C:/Users/somal/OneDrive/Desktop/Capstone_Model/algae_bloom_dataset\train\algae_bloom_178.png,0
C:/Users/somal/OneDrive/Desktop/Capstone_Model/algae_bloom_dataset\train\algae_bloom_1780.png,0
C:/Users/somal/OneDrive/Desktop/Capstone_Model/algae_bloom_dataset\train\algae_bloom_1781.png,1
C:/Users/somal/OneDrive/Desktop/Capstone_Model/algae_bloom_dataset\train\algae_bloom_1782.png,0
C:/Users/somal/OneDrive/Desktop/Capstone_Model/algae_bloom_dataset\train\algae_bloom_1783.png,0
C:/Users/somal/OneDrive/Desktop/Capstone_Model/algae_bloom_dataset\train\algae_bloom_1784.png,1
C:/Users/somal/OneDrive/Desktop/Capstone_Model/algae_bloom_dataset\train\algae_bloom_1785.png,0
C:/Users/somal/OneDrive/Desktop/Capstone_Model/algae_bloom_dataset\train\algae_bloom_1786.png,0
C:/Users/somal/OneDrive/Desktop/Capstone_Model/algae_bloom_dataset\train\algae_bloom_1787.png,0
C:/Users/somal/OneDrive/Desktop/Capstone_Model/algae_bloom_dataset\train\algae_bloom_1788.png,0
C:/Users/somal/OneDrive/Desktop/Capstone_Model/algae_bloom_dataset\train\algae_bloom_1789.png,0
C:/Users/somal/OneDrive/Desktop/Capstone_Model/algae_bloom_dataset\train\algae_bloom_179.png,0
C:/Users/somal/OneDrive/Desktop/Capstone_Model/algae_bloom_dataset\train\algae_bloom_1790.png,0
C:/Users/somal/OneDrive/Desktop/Capstone_Model/algae_bloom_dataset\train\algae_bloom_1791.png,0
C:/Users/somal/OneDrive/Desktop/Capstone_Model/algae_bloom_dataset\train\algae_bloom_1792.png,0
C:/Users/somal/OneDrive/Desktop/Capstone_Model/algae_bloom_dataset\train\algae_bloom_1793.png,1
C:/Users/somal/OneDrive/Desktop/Capstone_Model/algae_bloom_dataset\train\algae_bloom_1794.png,0
C:/Users/somal/OneDrive/Desktop/Capstone_Model/algae_bloom_dataset\train\algae_bloom_1795.png,0
C:/Users/somal/OneDrive/Desktop/Capstone_Model/algae_bloom_dataset\train\algae_bloom_1796.png,1
C:/Users/somal/OneDrive/Desktop/Capstone_Model/algae_bloom_dataset\train\algae_bloom_1797.png,1
C:/Users/somal/OneDrive/Desktop/Capstone_Model/algae_bloom_dataset\train\algae_bloom_1798.png,0
C:/Users/somal/OneDrive/Desktop/Capstone_Model/algae_bloom_dataset\train\algae_bloom_1799.png,0
C:/Users/somal/OneDrive/Desktop/Capstone_Model/algae_bloom_dataset\train\algae_bloom_18.png,0
C:/Users/somal/OneDrive/Desktop/Capstone_Model/algae_bloom_dataset\train\algae_bloom_180.png,0
C:/Users/somal/OneDrive/Desktop/Capstone_Model/algae_bloom_dataset\train\algae_bloom_1800.png,0
C:/Users/somal/OneDrive/Desktop/Capstone_Model/algae_bloom_dataset\train\algae_bloom_1801.png,0
C:/Users/somal/OneDrive/Desktop/Capstone_Model/algae_bloom_dataset\train\algae_bloom_1802.png,1
C:/Users/somal/OneDrive/Desktop/Capstone_Model/algae_bloom_dataset\train\algae_bloom_1803.png,1
C:/Users/somal/OneDrive/Desktop/Capstone_Model/algae_bloom_dataset\train\algae_bloom_1804.png,0
C:/Users/somal/OneDrive/Desktop/Capstone_Model/algae_bloom_dataset\train\algae_bloom_1805.png,0
C:/Users/somal/OneDrive/Desktop/Capstone_Model/algae_bloom_dataset\train\algae_bloom_1806.png,0
C:/Users/somal/OneDrive/Desktop/Capstone_Model/algae_bloom_dataset\train\algae_bloom_1807.png,1
C:/Users/somal/OneDrive/Desktop/Capstone_Model/algae_bloom_dataset\train\algae_bloom_1808.png,1
C:/Users/somal/OneDrive/Desktop/Capstone_Model/algae_bloom_dataset\train\algae_bloom_1809.png,0
C:/Users/somal/OneDrive/Desktop/Capstone_Model/algae_bloom_dataset\train\algae_bloom_181.png,0
C:/Users/somal/OneDrive/Desktop/Capstone_Model/algae_bloom_dataset\train\algae_bloom_1810.png,0
C:/Users/somal/OneDrive/Desktop/Capstone_Model/algae_bloom_dataset\train\algae_bloom_1811.png,1
C:/Users/somal/OneDrive/Desktop/Capstone_Model/algae_bloom_dataset\train\algae_bloom_1812.png,0
C:/Users/somal/OneDrive/Desktop/Capstone_Model/algae_bloom_dataset\train\algae_bloom_1813.png,1
C:/Users/somal/OneDrive/Desktop/Capstone_Model/algae_bloom_dataset\train\algae_bloom_1814.png,0
C:/Users/somal/OneDrive/Desktop/Capstone_Model/algae_bloom_dataset\train\algae_bloom_1815.png,0
C:/Users/somal/OneDrive/Desktop/Capstone_Model/algae_bloom_dataset\train\algae_bloom_1816.png,1
C:/Users/somal/OneDrive/Desktop/Capstone_Model/algae_bloom_dataset\train\algae_bloom_1817.png,0
C:/Users/somal/OneDrive/Desktop/Capstone_Model/algae_bloom_dataset\train\algae_bloom_1818.png,0
C:/Users/somal/OneDrive/Desktop/Capstone_Model/algae_bloom_dataset\train\algae_bloom_1819.png,0
C:/Users/somal/OneDrive/Desktop/Capstone_Model/algae_bloom_dataset\train\algae_bloom_182.png,0
C:/Users/somal/OneDrive/Desktop/Capstone_Model/algae_bloom_dataset\train\algae_bloom_1820.png,1
C:/Users/somal/OneDrive/Desktop/Capstone_Model/algae_bloom_dataset\train\algae_bloom_1821.png,1
C:/Users/somal/OneDrive/Desktop/Capstone_Model/algae_bloom_dataset\train\algae_bloom_1822.png,0
C:/Users/somal/OneDrive/Desktop/Capstone_Model/algae_bloom_dataset\train\algae_bloom_1823.png,0
C:/Users/somal/OneDrive/Desktop/Capstone_Model/algae_bloom_dataset\train\algae_bloom_1824.png,0
C:/Users/somal/OneDrive/Desktop/Capstone_Model/algae_bloom_dataset\train\algae_bloom_1825.png,0
C:/Users/somal/OneDrive/Desktop/Capstone_Model/algae_bloom_dataset\train\algae_bloom_1826.png,0
C:/Users/somal/OneDrive/Desktop/Capstone_Model/algae_bloom_dataset\train\algae_bloom_1827.png,0
C:/Users/somal/OneDrive/Desktop/Capstone_Model/algae_bloom_dataset\train\algae_bloom_1828.png,0
C:/Users/somal/OneDrive/Desktop/Capstone_Model/algae_bloom_dataset\train\algae_bloom_1829.png,1
C:/Users/somal/OneDrive/Desktop/Capstone_Model/algae_bloom_dataset\train\algae_bloom_183.png,0
C:/Users/somal/OneDrive/Desktop/Capstone_Model/algae_bloom_dataset\train\algae_bloom_1830.png,1
C:/Users/somal/OneDrive/Desktop/Capstone_Model/algae_bloom_dataset\train\algae_bloom_1831.png,0
C:/Users/somal/OneDrive/Desktop/Capstone_Model/algae_bloom_dataset\train\algae_bloom_1832.png,1
C:/Users/somal/OneDrive/Desktop/Capstone_Model/algae_bloom_dataset\train\algae_bloom_1833.png,1
C:/Users/somal/OneDrive/Desktop/Capstone_Model/algae_bloom_dataset\train\algae_bloom_1834.png,0
C:/Users/somal/OneDrive/Desktop/Capstone_Model/algae_bloom_dataset\train\algae_bloom_1835.png,1
C:/Users/somal/OneDrive/Desktop/Capstone_Model/algae_bloom_dataset\train\algae_bloom_1836.png,1
C:/Users/somal/OneDrive/Desktop/Capstone_Model/algae_bloom_dataset\train\algae_bloom_1837.png,1
C:/Users/somal/OneDrive/Desktop/Capstone_Model/algae_bloom_dataset\train\algae_bloom_1838.png,0
C:/Users/somal/OneDrive/Desktop/Capstone_Model/algae_bloom_dataset\train\algae_bloom_1839.png,0
C:/Users/somal/OneDrive/Desktop/Capstone_Model/algae_bloom_dataset\train\algae_bloom_184.png,0
C:/Users/somal/OneDrive/Desktop/Capstone_Model/algae_bloom_dataset\train\algae_bloom_1840.png,0
C:/Users/somal/OneDrive/Desktop/Capstone_Model/algae_bloom_dataset\train\algae_bloom_1841.png,1
C:/Users/somal/OneDrive/Desktop/Capstone_Model/algae_bloom_dataset\train\algae_bloom_1842.png,1
C:/Users/somal/OneDrive/Desktop/Capstone_Model/algae_bloom_dataset\train\algae_bloom_1843.png,0
C:/Users/somal/OneDrive/Desktop/Capstone_Model/algae_bloom_dataset\train\algae_bloom_1844.png,0
C:/Users/somal/OneDrive/Desktop/Capstone_Model/algae_bloom_dataset\train\algae_bloom_1845.png,1
C:/Users/somal/OneDrive/Desktop/Capstone_Model/algae_bloom_dataset\train\algae_bloom_1846.png,0
C:/Users/somal/OneDrive/Desktop/Capstone_Model/algae_bloom_dataset\train\algae_bloom_1847.png,0
C:/Users/somal/OneDrive/Desktop/Capstone_Model/algae_bloom_dataset\train\algae_bloom_1848.png,0
C:/Users/somal/OneDrive/Desktop/Capstone_Model/algae_bloom_dataset\train\algae_bloom_1849.png,0
C:/Users/somal/OneDrive/Desktop/Capstone_Model/algae_bloom_dataset\train\algae_bloom_185.png,0
C:/Users/somal/OneDrive/Desktop/Capstone_Model/algae_bloom_dataset\train\algae_bloom_1850.png,1
C:/Users/somal/OneDrive/Desktop/Capstone_Model/algae_bloom_dataset\train\algae_bloom_1851.png,0
C:/Users/somal/OneDrive/Desktop/Capstone_Model/algae_bloom_dataset\train\algae_bloom_1852.png,1
C:/Users/somal/OneDrive/Desktop/Capstone_Model/algae_bloom_dataset\train\algae_bloom_1853.png,0
C:/Users/somal/OneDrive/Desktop/Capstone_Model/algae_bloom_dataset\train\algae_bloom_1854.png,0
C:/Users/somal/OneDrive/Desktop/Capstone_Model/algae_bloom_dataset\train\algae_bloom_1855.png,1
C:/Users/somal/OneDrive/Desktop/Capstone_Model/algae_bloom_dataset\train\algae_bloom_1856.png,0
C:/Users/somal/OneDrive/Desktop/Capstone_Model/algae_bloom_dataset\train\algae_bloom_1857.png,1
C:/Users/somal/OneDrive/Desktop/Capstone_Model/algae_bloom_dataset\train\algae_bloom_1858.png,1
C:/Users/somal/OneDrive/Desktop/Capstone_Model/algae_bloom_dataset\train\algae_bloom_1859.png,1
C:/Users/somal/OneDrive/Desktop/Capstone_Model/algae_bloom_dataset\train\algae_bloom_186.png,0
C:/Users/somal/OneDrive/Desktop/Capstone_Model/algae_bloom_dataset\train\algae_bloom_1860.png,0
C:/Users/somal/OneDrive/Desktop/Capstone_Model/algae_bloom_dataset\train\algae_bloom_1861.png,0
C:/Users/somal/OneDrive/Desktop/Capstone_Model/algae_bloom_dataset\train\algae_bloom_1862.png,0
C:/Users/somal/OneDrive/Desktop/Capstone_Model/algae_bloom_dataset\train\algae_bloom_1863.png,0
C:/Users/somal/OneDrive/Desktop/Capstone_Model/algae_bloom_dataset\train\algae_bloom_1864.png,1
C:/Users/somal/OneDrive/Desktop/Capstone_Model/algae_bloom_dataset\train\algae_bloom_1865.png,0
C:/Users/somal/OneDrive/Desktop/Capstone_Model/algae_bloom_dataset\train\algae_bloom_1866.png,0
C:/Users/somal/OneDrive/Desktop/Capstone_Model/algae_bloom_dataset\train\algae_bloom_1867.png,0
C:/Users/somal/OneDrive/Desktop/Capstone_Model/algae_bloom_dataset\train\algae_bloom_1868.png,0
C:/Users/somal/OneDrive/Desktop/Capstone_Model/algae_bloom_dataset\train\algae_bloom_1869.png,1
C:/Users/somal/OneDrive/Desktop/Capstone_Model/algae_bloom_dataset\train\algae_bloom_187.png,0
C:/Users/somal/OneDrive/Desktop/Capstone_Model/algae_bloom_dataset\train\algae_bloom_1870.png,0
C:/Users/somal/OneDrive/Desktop/Capstone_Model/algae_bloom_dataset\train\algae_bloom_1871.png,0
C:/Users/somal/OneDrive/Desktop/Capstone_Model/algae_bloom_dataset\train\algae_bloom_1872.png,1
C:/Users/somal/OneDrive/Desktop/Capstone_Model/algae_bloom_dataset\train\algae_bloom_1873.png,0
C:/Users/somal/OneDrive/Desktop/Capstone_Model/algae_bloom_dataset\train\algae_bloom_1874.png,0
C:/Users/somal/OneDrive/Desktop/Capstone_Model/algae_bloom_dataset\train\algae_bloom_1875.png,1
C:/Users/somal/OneDrive/Desktop/Capstone_Model/algae_bloom_dataset\train\algae_bloom_1876.png,0
C:/Users/somal/OneDrive/Desktop/Capstone_Model/algae_bloom_dataset\train\algae_bloom_1877.png,0
C:/Users/somal/OneDrive/Desktop/Capstone_Model/algae_bloom_dataset\train\algae_bloom_1878.png,1
C:/Users/somal/OneDrive/Desktop/Capstone_Model/algae_bloom_dataset\train\algae_bloom_1879.png,1
C:/Users/somal/OneDrive/Desktop/Capstone_Model/algae_bloom_dataset\train\algae_bloom_188.png,0
C:/Users/somal/OneDrive/Desktop/Capstone_Model/algae_bloom_dataset\train\algae_bloom_1880.png,1
C:/Users/somal/OneDrive/Desktop/Capstone_Model/algae_bloom_dataset\train\algae_bloom_1881.png,0
C:/Users/somal/OneDrive/Desktop/Capstone_Model/algae_bloom_dataset\train\algae_bloom_1882.png,0
C:/Users/somal/OneDrive/Desktop/Capstone_Model/algae_bloom_dataset\train\algae_bloom_1883.png,1
C:/Users/somal/OneDrive/Desktop/Capstone_Model/algae_bloom_dataset\train\algae_bloom_1884.png,0
C:/Users/somal/OneDrive/Desktop/Capstone_Model/algae_bloom_dataset\train\algae_bloom_1885.png,1
C:/Users/somal/OneDrive/Desktop/Capstone_Model/algae_bloom_dataset\train\algae_bloom_1886.png,0
C:/Users/somal/OneDrive/Desktop/Capstone_Model/algae_bloom_dataset\train\algae_bloom_1887.png,1
C:/Users/somal/OneDrive/Desktop/Capstone_Model/algae_bloom_dataset\train\algae_bloom_1888.png,1
C:/Users/somal/OneDrive/Desktop/Capstone_Model/algae_bloom_dataset\train\algae_bloom_1889.png,0
C:/Users/somal/OneDrive/Desktop/Capstone_Model/algae_bloom_dataset\train\algae_bloom_189.png,1
C:/Users/somal/OneDrive/Desktop/Capstone_Model/algae_bloom_dataset\train\algae_bloom_1890.png,1
C:/Users/somal/OneDrive/Desktop/Capstone_Model/algae_bloom_dataset\train\algae_bloom_1891.png,0
C:/Users/somal/OneDrive/Desktop/Capstone_Model/algae_bloom_dataset\train\algae_bloom_1892.png,0
C:/Users/somal/OneDrive/Desktop/Capstone_Model/algae_bloom_dataset\train\algae_bloom_1893.png,1
C:/Users/somal/OneDrive/Desktop/Capstone_Model/algae_bloom_dataset\train\algae_bloom_1894.png,1
C:/Users/somal/OneDrive/Desktop/Capstone_Model/algae_bloom_dataset\train\algae_bloom_1895.png,0
C:/Users/somal/OneDrive/Desktop/Capstone_Model/algae_bloom_dataset\train\algae_bloom_1896.png,1
C:/Users/somal/OneDrive/Desktop/Capstone_Model/algae_bloom_dataset\train\algae_bloom_1897.png,0
C:/Users/somal/OneDrive/Desktop/Capstone_Model/algae_bloom_dataset\train\algae_bloom_1898.png,1
C:/Users/somal/OneDrive/Desktop/Capstone_Model/algae_bloom_dataset\train\algae_bloom_1899.png,0
C:/Users/somal/OneDrive/Desktop/Capstone_Model/algae_bloom_dataset\train\algae_bloom_19.png,0
C:/Users/somal/OneDrive/Desktop/Capstone_Model/algae_bloom_dataset\train\algae_bloom_190.png,0
C:/Users/somal/OneDrive/Desktop/Capstone_Model/algae_bloom_dataset\train\algae_bloom_1900.png,1
C:/Users/somal/OneDrive/Desktop/Capstone_Model/algae_bloom_dataset\train\algae_bloom_1901.png,0
C:/Users/somal/OneDrive/Desktop/Capstone_Model/algae_bloom_dataset\train\algae_bloom_1902.png,0
C:/Users/somal/OneDrive/Desktop/Capstone_Model/algae_bloom_dataset\train\algae_bloom_1903.png,0
C:/Users/somal/OneDrive/Desktop/Capstone_Model/algae_bloom_dataset\train\algae_bloom_1904.png,0
C:/Users/somal/OneDrive/Desktop/Capstone_Model/algae_bloom_dataset\train\algae_bloom_1905.png,0
C:/Users/somal/OneDrive/Desktop/Capstone_Model/algae_bloom_dataset\train\algae_bloom_1906.png,1
C:/Users/somal/OneDrive/Desktop/Capstone_Model/algae_bloom_dataset\train\algae_bloom_1907.png,1
C:/Users/somal/OneDrive/Desktop/Capstone_Model/algae_bloom_dataset\train\algae_bloom_1908.png,0
C:/Users/somal/OneDrive/Desktop/Capstone_Model/algae_bloom_dataset\train\algae_bloom_1909.png,1
C:/Users/somal/OneDrive/Desktop/Capstone_Model/algae_bloom_dataset\train\algae_bloom_191.png,1
C:/Users/somal/OneDrive/Desktop/Capstone_Model/algae_bloom_dataset\train\algae_bloom_1910.png,0
C:/Users/somal/OneDrive/Desktop/Capstone_Model/algae_bloom_dataset\train\algae_bloom_1911.png,1
C:/Users/somal/OneDrive/Desktop/Capstone_Model/algae_bloom_dataset\train\algae_bloom_1912.png,1
C:/Users/somal/OneDrive/Desktop/Capstone_Model/algae_bloom_dataset\train\algae_bloom_1913.png,1
C:/Users/somal/OneDrive/Desktop/Capstone_Model/algae_bloom_dataset\train\algae_bloom_1914.png,0
C:/Users/somal/OneDrive/Desktop/Capstone_Model/algae_bloom_dataset\train\algae_bloom_1915.png,0
C:/Users/somal/OneDrive/Desktop/Capstone_Model/algae_bloom_dataset\train\algae_bloom_1916.png,0
C:/Users/somal/OneDrive/Desktop/Capstone_Model/algae_bloom_dataset\train\algae_bloom_1917.png,0
C:/Users/somal/OneDrive/Desktop/Capstone_Model/algae_bloom_dataset\train\algae_bloom_1918.png,0
C:/Users/somal/OneDrive/Desktop/Capstone_Model/algae_bloom_dataset\train\algae_bloom_1919.png,0
C:/Users/somal/OneDrive/Desktop/Capstone_Model/algae_bloom_dataset\train\algae_bloom_192.png,0
C:/Users/somal/OneDrive/Desktop/Capstone_Model/algae_bloom_dataset\train\algae_bloom_1920.png,1
C:/Users/somal/OneDrive/Desktop/Capstone_Model/algae_bloom_dataset\train\algae_bloom_1921.png,0
C:/Users/somal/OneDrive/Desktop/Capstone_Model/algae_bloom_dataset\train\algae_bloom_1922.png,1
C:/Users/somal/OneDrive/Desktop/Capstone_Model/algae_bloom_dataset\train\algae_bloom_1923.png,1
C:/Users/somal/OneDrive/Desktop/Capstone_Model/algae_bloom_dataset\train\algae_bloom_1924.png,0
C:/Users/somal/OneDrive/Desktop/Capstone_Model/algae_bloom_dataset\train\algae_bloom_1925.png,0
C:/Users/somal/OneDrive/Desktop/Capstone_Model/algae_bloom_dataset\train\algae_bloom_1926.png,0
C:/Users/somal/OneDrive/Desktop/Capstone_Model/algae_bloom_dataset\train\algae_bloom_1927.png,0
C:/Users/somal/OneDrive/Desktop/Capstone_Model/algae_bloom_dataset\train\algae_bloom_1928.png,0
C:/Users/somal/OneDrive/Desktop/Capstone_Model/algae_bloom_dataset\train\algae_bloom_1929.png,0
C:/Users/somal/OneDrive/Desktop/Capstone_Model/algae_bloom_dataset\train\algae_bloom_193.png,1
C:/Users/somal/OneDrive/Desktop/Capstone_Model/algae_bloom_dataset\train\algae_bloom_1930.png,0
C:/Users/somal/OneDrive/Desktop/Capstone_Model/algae_bloom_dataset\train\algae_bloom_1931.png,0
C:/Users/somal/OneDrive/Desktop/Capstone_Model/algae_bloom_dataset\train\algae_bloom_1932.png,0
C:/Users/somal/OneDrive/Desktop/Capstone_Model/algae_bloom_dataset\train\algae_bloom_1933.png,1
C:/Users/somal/OneDrive/Desktop/Capstone_Model/algae_bloom_dataset\train\algae_bloom_1934.png,0
C:/Users/somal/OneDrive/Desktop/Capstone_Model/algae_bloom_dataset\train\algae_bloom_1935.png,0
C:/Users/somal/OneDrive/Desktop/Capstone_Model/algae_bloom_dataset\train\algae_bloom_1936.png,1
C:/Users/somal/OneDrive/Desktop/Capstone_Model/algae_bloom_dataset\train\algae_bloom_1937.png,0
C:/Users/somal/OneDrive/Desktop/Capstone_Model/algae_bloom_dataset\train\algae_bloom_1938.png,1
C:/Users/somal/OneDrive/Desktop/Capstone_Model/algae_bloom_dataset\train\algae_bloom_1939.png,0
C:/Users/somal/OneDrive/Desktop/Capstone_Model/algae_bloom_dataset\train\algae_bloom_194.png,0
C:/Users/somal/OneDrive/Desktop/Capstone_Model/algae_bloom_dataset\train\algae_bloom_1940.png,0
C:/Users/somal/OneDrive/Desktop/Capstone_Model/algae_bloom_dataset\train\algae_bloom_1941.png,1
C:/Users/somal/OneDrive/Desktop/Capstone_Model/algae_bloom_dataset\train\algae_bloom_1942.png,0
C:/Users/somal/OneDrive/Desktop/Capstone_Model/algae_bloom_dataset\train\algae_bloom_1943.png,0
C:/Users/somal/OneDrive/Desktop/Capstone_Model/algae_bloom_dataset\train\algae_bloom_1944.png,1
C:/Users/somal/OneDrive/Desktop/Capstone_Model/algae_bloom_dataset\train\algae_bloom_1945.png,0
C:/Users/somal/OneDrive/Desktop/Capstone_Model/algae_bloom_dataset\train\algae_bloom_1946.png,0
C:/Users/somal/OneDrive/Desktop/Capstone_Model/algae_bloom_dataset\train\algae_bloom_1947.png,1
C:/Users/somal/OneDrive/Desktop/Capstone_Model/algae_bloom_dataset\train\algae_bloom_1948.png,1
C:/Users/somal/OneDrive/Desktop/Capstone_Model/algae_bloom_dataset\train\algae_bloom_1949.png,0
C:/Users/somal/OneDrive/Desktop/Capstone_Model/algae_bloom_dataset\train\algae_bloom_195.png,0
C:/Users/somal/OneDrive/Desktop/Capstone_Model/algae_bloom_dataset\train\algae_bloom_1950.png,1
C:/Users/somal/OneDrive/Desktop/Capstone_Model/algae_bloom_dataset\train\algae_bloom_1951.png,0
C:/Users/somal/OneDrive/Desktop/Capstone_Model/algae_bloom_dataset\train\algae_bloom_1952.png,0
C:/Users/somal/OneDrive/Desktop/Capstone_Model/algae_bloom_dataset\train\algae_bloom_1953.png,0
C:/Users/somal/OneDrive/Desktop/Capstone_Model/algae_bloom_dataset\train\algae_bloom_1954.png,0
C:/Users/somal/OneDrive/Desktop/Capstone_Model/algae_bloom_dataset\train\algae_bloom_1955.png,0
C:/Users/somal/OneDrive/Desktop/Capstone_Model/algae_bloom_dataset\train\algae_bloom_1956.png,0
C:/Users/somal/OneDrive/Desktop/Capstone_Model/algae_bloom_dataset\train\algae_bloom_1957.png,0
C:/Users/somal/OneDrive/Desktop/Capstone_Model/algae_bloom_dataset\train\algae_bloom_1958.png,1
C:/Users/somal/OneDrive/Desktop/Capstone_Model/algae_bloom_dataset\train\algae_bloom_1959.png,0
C:/Users/somal/OneDrive/Desktop/Capstone_Model/algae_bloom_dataset\train\algae_bloom_196.png,0
C:/Users/somal/OneDrive/Desktop/Capstone_Model/algae_bloom_dataset\train\algae_bloom_1960.png,0
C:/Users/somal/OneDrive/Desktop/Capstone_Model/algae_bloom_dataset\train\algae_bloom_1961.png,0
C:/Users/somal/OneDrive/Desktop/Capstone_Model/algae_bloom_dataset\train\algae_bloom_1962.png,1
C:/Users/somal/OneDrive/Desktop/Capstone_Model/algae_bloom_dataset\train\algae_bloom_1963.png,1
C:/Users/somal/OneDrive/Desktop/Capstone_Model/algae_bloom_dataset\train\algae_bloom_1964.png,0
C:/Users/somal/OneDrive/Desktop/Capstone_Model/algae_bloom_dataset\train\algae_bloom_1965.png,0
C:/Users/somal/OneDrive/Desktop/Capstone_Model/algae_bloom_dataset\train\algae_bloom_1966.png,1
C:/Users/somal/OneDrive/Desktop/Capstone_Model/algae_bloom_dataset\train\algae_bloom_1967.png,0
C:/Users/somal/OneDrive/Desktop/Capstone_Model/algae_bloom_dataset\train\algae_bloom_1968.png,0
C:/Users/somal/OneDrive/Desktop/Capstone_Model/algae_bloom_dataset\train\algae_bloom_1969.png,1
C:/Users/somal/OneDrive/Desktop/Capstone_Model/algae_bloom_dataset\train\algae_bloom_197.png,0
C:/Users/somal/OneDrive/Desktop/Capstone_Model/algae_bloom_dataset\train\algae_bloom_1970.png,0
C:/Users/somal/OneDrive/Desktop/Capstone_Model/algae_bloom_dataset\train\algae_bloom_1971.png,1
C:/Users/somal/OneDrive/Desktop/Capstone_Model/algae_bloom_dataset\train\algae_bloom_1972.png,0
C:/Users/somal/OneDrive/Desktop/Capstone_Model/algae_bloom_dataset\train\algae_bloom_1973.png,0
C:/Users/somal/OneDrive/Desktop/Capstone_Model/algae_bloom_dataset\train\algae_bloom_1974.png,0
C:/Users/somal/OneDrive/Desktop/Capstone_Model/algae_bloom_dataset\train\algae_bloom_1975.png,0
C:/Users/somal/OneDrive/Desktop/Capstone_Model/algae_bloom_dataset\train\algae_bloom_1976.png,1
C:/Users/somal/OneDrive/Desktop/Capstone_Model/algae_bloom_dataset\train\algae_bloom_1977.png,0
C:/Users/somal/OneDrive/Desktop/Capstone_Model/algae_bloom_dataset\train\algae_bloom_1978.png,1
C:/Users/somal/OneDrive/Desktop/Capstone_Model/algae_bloom_dataset\train\algae_bloom_1979.png,1
C:/Users/somal/OneDrive/Desktop/Capstone_Model/algae_bloom_dataset\train\algae_bloom_198.png,0
C:/Users/somal/OneDrive/Desktop/Capstone_Model/algae_bloom_dataset\train\algae_bloom_1980.png,0
C:/Users/somal/OneDrive/Desktop/Capstone_Model/algae_bloom_dataset\train\algae_bloom_1981.png,0
C:/Users/somal/OneDrive/Desktop/Capstone_Model/algae_bloom_dataset\train\algae_bloom_1982.png,0
C:/Users/somal/OneDrive/Desktop/Capstone_Model/algae_bloom_dataset\train\algae_bloom_1983.png,1
C:/Users/somal/OneDrive/Desktop/Capstone_Model/algae_bloom_dataset\train\algae_bloom_1984.png,1
C:/Users/somal/OneDrive/Desktop/Capstone_Model/algae_bloom_dataset\train\algae_bloom_1985.png,1
C:/Users/somal/OneDrive/Desktop/Capstone_Model/algae_bloom_dataset\train\algae_bloom_1986.png,1
C:/Users/somal/OneDrive/Desktop/Capstone_Model/algae_bloom_dataset\train\algae_bloom_1987.png,0
C:/Users/somal/OneDrive/Desktop/Capstone_Model/algae_bloom_dataset\train\algae_bloom_1988.png,0
C:/Users/somal/OneDrive/Desktop/Capstone_Model/algae_bloom_dataset\train\algae_bloom_1989.png,0
C:/Users/somal/OneDrive/Desktop/Capstone_Model/algae_bloom_dataset\train\algae_bloom_199.png,0
C:/Users/somal/OneDrive/Desktop/Capstone_Model/algae_bloom_dataset\train\algae_bloom_1990.png,0
C:/Users/somal/OneDrive/Desktop/Capstone_Model/algae_bloom_dataset\train\algae_bloom_1991.png,1
C:/Users/somal/OneDrive/Desktop/Capstone_Model/algae_bloom_dataset\train\algae_bloom_1992.png,1
C:/Users/somal/OneDrive/Desktop/Capstone_Model/algae_bloom_dataset\train\algae_bloom_1993.png,0
C:/Users/somal/OneDrive/Desktop/Capstone_Model/algae_bloom_dataset\train\algae_bloom_1994.png,0
C:/Users/somal/OneDrive/Desktop/Capstone_Model/algae_bloom_dataset\train\algae_bloom_1995.png,0
C:/Users/somal/OneDrive/Desktop/Capstone_Model/algae_bloom_dataset\train\algae_bloom_1996.png,1
C:/Users/somal/OneDrive/Desktop/Capstone_Model/algae_bloom_dataset\train\algae_bloom_1997.png,0
C:/Users/somal/OneDrive/Desktop/Capstone_Model/algae_bloom_dataset\train\algae_bloom_1998.png,0
C:/Users/somal/OneDrive/Desktop/Capstone_Model/algae_bloom_dataset\train\algae_bloom_1999.png,0
C:/Users/somal/OneDrive/Desktop/Capstone_Model/algae_bloom_dataset\train\algae_bloom_2.png,0
C:/Users/somal/OneDrive/Desktop/Capstone_Model/algae_bloom_dataset\train\algae_bloom_20.png,1
C:/Users/somal/OneDrive/Desktop/Capstone_Model/algae_bloom_dataset\train\algae_bloom_200.png,1
C:/Users/somal/OneDrive/Desktop/Capstone_Model/algae_bloom_dataset\train\algae_bloom_2000.png,0
C:/Users/somal/OneDrive/Desktop/Capstone_Model/algae_bloom_dataset\train\algae_bloom_2001.png,0
C:/Users/somal/OneDrive/Desktop/Capstone_Model/algae_bloom_dataset\train\algae_bloom_2002.png,1
C:/Users/somal/OneDrive/Desktop/Capstone_Model/algae_bloom_dataset\train\algae_bloom_2003.png,0
C:/Users/somal/OneDrive/Desktop/Capstone_Model/algae_bloom_dataset\train\algae_bloom_2004.png,0
C:/Users/somal/OneDrive/Desktop/Capstone_Model/algae_bloom_dataset\train\algae_bloom_2005.png,0
C:/Users/somal/OneDrive/Desktop/Capstone_Model/algae_bloom_dataset\train\algae_bloom_2006.png,0
C:/Users/somal/OneDrive/Desktop/Capstone_Model/algae_bloom_dataset\train\algae_bloom_2007.png,0
C:/Users/somal/OneDrive/Desktop/Capstone_Model/algae_bloom_dataset\train\algae_bloom_2008.png,0
C:/Users/somal/OneDrive/Desktop/Capstone_Model/algae_bloom_dataset\train\algae_bloom_2009.png,0
C:/Users/somal/OneDrive/Desktop/Capstone_Model/algae_bloom_dataset\train\algae_bloom_201.png,0
C:/Users/somal/OneDrive/Desktop/Capstone_Model/algae_bloom_dataset\train\algae_bloom_2010.png,1
C:/Users/somal/OneDrive/Desktop/Capstone_Model/algae_bloom_dataset\train\algae_bloom_2011.png,0
C:/Users/somal/OneDrive/Desktop/Capstone_Model/algae_bloom_dataset\train\algae_bloom_2012.png,0
C:/Users/somal/OneDrive/Desktop/Capstone_Model/algae_bloom_dataset\train\algae_bloom_2013.png,1
C:/Users/somal/OneDrive/Desktop/Capstone_Model/algae_bloom_dataset\train\algae_bloom_2014.png,1
C:/Users/somal/OneDrive/Desktop/Capstone_Model/algae_bloom_dataset\train\algae_bloom_2015.png,0
C:/Users/somal/OneDrive/Desktop/Capstone_Model/algae_bloom_dataset\train\algae_bloom_2016.png,1
C:/Users/somal/OneDrive/Desktop/Capstone_Model/algae_bloom_dataset\train\algae_bloom_2017.png,0
C:/Users/somal/OneDrive/Desktop/Capstone_Model/algae_bloom_dataset\train\algae_bloom_2018.png,0
C:/Users/somal/OneDrive/Desktop/Capstone_Model/algae_bloom_dataset\train\algae_bloom_2019.png,0
C:/Users/somal/OneDrive/Desktop/Capstone_Model/algae_bloom_dataset\train\algae_bloom_202.png,0
C:/Users/somal/OneDrive/Desktop/Capstone_Model/algae_bloom_dataset\train\algae_bloom_2020.png,1
C:/Users/somal/OneDrive/Desktop/Capstone_Model/algae_bloom_dataset\train\algae_bloom_2021.png,0
C:/Users/somal/OneDrive/Desktop/Capstone_Model/algae_bloom_dataset\train\algae_bloom_2022.png,0
C:/Users/somal/OneDrive/Desktop/Capstone_Model/algae_bloom_dataset\train\algae_bloom_2023.png,0
C:/Users/somal/OneDrive/Desktop/Capstone_Model/algae_bloom_dataset\train\algae_bloom_2024.png,0
C:/Users/somal/OneDrive/Desktop/Capstone_Model/algae_bloom_dataset\train\algae_bloom_2025.png,0
C:/Users/somal/OneDrive/Desktop/Capstone_Model/algae_bloom_dataset\train\algae_bloom_2026.png,0
C:/Users/somal/OneDrive/Desktop/Capstone_Model/algae_bloom_dataset\train\algae_bloom_2027.png,0
C:/Users/somal/OneDrive/Desktop/Capstone_Model/algae_bloom_dataset\train\algae_bloom_2028.png,0
C:/Users/somal/OneDrive/Desktop/Capstone_Model/algae_bloom_dataset\train\algae_bloom_2029.png,0
C:/Users/somal/OneDrive/Desktop/Capstone_Model/algae_bloom_dataset\train\algae_bloom_203.png,0
C:/Users/somal/OneDrive/Desktop/Capstone_Model/algae_bloom_dataset\train\algae_bloom_2030.png,1
C:/Users/somal/OneDrive/Desktop/Capstone_Model/algae_bloom_dataset\train\algae_bloom_2031.png,0
C:/Users/somal/OneDrive/Desktop/Capstone_Model/algae_bloom_dataset\train\algae_bloom_2032.png,0
C:/Users/somal/OneDrive/Desktop/Capstone_Model/algae_bloom_dataset\train\algae_bloom_2033.png,1
C:/Users/somal/OneDrive/Desktop/Capstone_Model/algae_bloom_dataset\train\algae_bloom_2034.png,0
C:/Users/somal/OneDrive/Desktop/Capstone_Model/algae_bloom_dataset\train\algae_bloom_2035.png,1
C:/Users/somal/OneDrive/Desktop/Capstone_Model/algae_bloom_dataset\train\algae_bloom_2036.png,0
C:/Users/somal/OneDrive/Desktop/Capstone_Model/algae_bloom_dataset\train\algae_bloom_2037.png,1
C:/Users/somal/OneDrive/Desktop/Capstone_Model/algae_bloom_dataset\train\algae_bloom_2038.png,0
C:/Users/somal/OneDrive/Desktop/Capstone_Model/algae_bloom_dataset\train\algae_bloom_2039.png,1
C:/Users/somal/OneDrive/Desktop/Capstone_Model/algae_bloom_dataset\train\algae_bloom_204.png,1
C:/Users/somal/OneDrive/Desktop/Capstone_Model/algae_bloom_dataset\train\algae_bloom_2040.png,1
C:/Users/somal/OneDrive/Desktop/Capstone_Model/algae_bloom_dataset\train\algae_bloom_2041.png,0
C:/Users/somal/OneDrive/Desktop/Capstone_Model/algae_bloom_dataset\train\algae_bloom_2042.png,0
C:/Users/somal/OneDrive/Desktop/Capstone_Model/algae_bloom_dataset\train\algae_bloom_2043.png,0
C:/Users/somal/OneDrive/Desktop/Capstone_Model/algae_bloom_dataset\train\algae_bloom_2044.png,1
C:/Users/somal/OneDrive/Desktop/Capstone_Model/algae_bloom_dataset\train\algae_bloom_2045.png,0
C:/Users/somal/OneDrive/Desktop/Capstone_Model/algae_bloom_dataset\train\algae_bloom_2046.png,0
C:/Users/somal/OneDrive/Desktop/Capstone_Model/algae_bloom_dataset\train\algae_bloom_2047.png,0
C:/Users/somal/OneDrive/Desktop/Capstone_Model/algae_bloom_dataset\train\algae_bloom_2048.png,0
C:/Users/somal/OneDrive/Desktop/Capstone_Model/algae_bloom_dataset\train\algae_bloom_2049.png,0
C:/Users/somal/OneDrive/Desktop/Capstone_Model/algae_bloom_dataset\train\algae_bloom_205.png,0
C:/Users/somal/OneDrive/Desktop/Capstone_Model/algae_bloom_dataset\train\algae_bloom_2050.png,0
C:/Users/somal/OneDrive/Desktop/Capstone_Model/algae_bloom_dataset\train\algae_bloom_2051.png,0
C:/Users/somal/OneDrive/Desktop/Capstone_Model/algae_bloom_dataset\train\algae_bloom_2052.png,0
C:/Users/somal/OneDrive/Desktop/Capstone_Model/algae_bloom_dataset\train\algae_bloom_2053.png,0
C:/Users/somal/OneDrive/Desktop/Capstone_Model/algae_bloom_dataset\train\algae_bloom_2054.png,0
C:/Users/somal/OneDrive/Desktop/Capstone_Model/algae_bloom_dataset\train\algae_bloom_2055.png,0
C:/Users/somal/OneDrive/Desktop/Capstone_Model/algae_bloom_dataset\train\algae_bloom_2056.png,1
C:/Users/somal/OneDrive/Desktop/Capstone_Model/algae_bloom_dataset\train\algae_bloom_2057.png,0
C:/Users/somal/OneDrive/Desktop/Capstone_Model/algae_bloom_dataset\train\algae_bloom_2058.png,0
C:/Users/somal/OneDrive/Desktop/Capstone_Model/algae_bloom_dataset\train\algae_bloom_2059.png,0
C:/Users/somal/OneDrive/Desktop/Capstone_Model/algae_bloom_dataset\train\algae_bloom_206.png,0
C:/Users/somal/OneDrive/Desktop/Capstone_Model/algae_bloom_dataset\train\algae_bloom_2060.png,1
C:/Users/somal/OneDrive/Desktop/Capstone_Model/algae_bloom_dataset\train\algae_bloom_2061.png,0
C:/Users/somal/OneDrive/Desktop/Capstone_Model/algae_bloom_dataset\train\algae_bloom_2062.png,0
C:/Users/somal/OneDrive/Desktop/Capstone_Model/algae_bloom_dataset\train\algae_bloom_2063.png,1
C:/Users/somal/OneDrive/Desktop/Capstone_Model/algae_bloom_dataset\train\algae_bloom_2064.png,0
C:/Users/somal/OneDrive/Desktop/Capstone_Model/algae_bloom_dataset\train\algae_bloom_2065.png,0
C:/Users/somal/OneDrive/Desktop/Capstone_Model/algae_bloom_dataset\train\algae_bloom_2066.png,0
C:/Users/somal/OneDrive/Desktop/Capstone_Model/algae_bloom_dataset\train\algae_bloom_2067.png,0
C:/Users/somal/OneDrive/Desktop/Capstone_Model/algae_bloom_dataset\train\algae_bloom_2068.png,0
C:/Users/somal/OneDrive/Desktop/Capstone_Model/algae_bloom_dataset\train\algae_bloom_2069.png,0
C:/Users/somal/OneDrive/Desktop/Capstone_Model/algae_bloom_dataset\train\algae_bloom_207.png,0
C:/Users/somal/OneDrive/Desktop/Capstone_Model/algae_bloom_dataset\train\algae_bloom_2070.png,0
C:/Users/somal/OneDrive/Desktop/Capstone_Model/algae_bloom_dataset\train\algae_bloom_2071.png,1
C:/Users/somal/OneDrive/Desktop/Capstone_Model/algae_bloom_dataset\train\algae_bloom_2072.png,0
C:/Users/somal/OneDrive/Desktop/Capstone_Model/algae_bloom_dataset\train\algae_bloom_2073.png,1
C:/Users/somal/OneDrive/Desktop/Capstone_Model/algae_bloom_dataset\train\algae_bloom_2074.png,0
C:/Users/somal/OneDrive/Desktop/Capstone_Model/algae_bloom_dataset\train\algae_bloom_2075.png,0
C:/Users/somal/OneDrive/Desktop/Capstone_Model/algae_bloom_dataset\train\algae_bloom_2076.png,0
C:/Users/somal/OneDrive/Desktop/Capstone_Model/algae_bloom_dataset\train\algae_bloom_2077.png,0
C:/Users/somal/OneDrive/Desktop/Capstone_Model/algae_bloom_dataset\train\algae_bloom_2078.png,0
C:/Users/somal/OneDrive/Desktop/Capstone_Model/algae_bloom_dataset\train\algae_bloom_2079.png,0
C:/Users/somal/OneDrive/Desktop/Capstone_Model/algae_bloom_dataset\train\algae_bloom_208.png,0
C:/Users/somal/OneDrive/Desktop/Capstone_Model/algae_bloom_dataset\train\algae_bloom_2080.png,0
C:/Users/somal/OneDrive/Desktop/Capstone_Model/algae_bloom_dataset\train\algae_bloom_2081.png,1
C:/Users/somal/OneDrive/Desktop/Capstone_Model/algae_bloom_dataset\train\algae_bloom_2082.png,1
C:/Users/somal/OneDrive/Desktop/Capstone_Model/algae_bloom_dataset\train\algae_bloom_2083.png,0
C:/Users/somal/OneDrive/Desktop/Capstone_Model/algae_bloom_dataset\train\algae_bloom_2084.png,1
C:/Users/somal/OneDrive/Desktop/Capstone_Model/algae_bloom_dataset\train\algae_bloom_2085.png,0
C:/Users/somal/OneDrive/Desktop/Capstone_Model/algae_bloom_dataset\train\algae_bloom_2086.png,0
C:/Users/somal/OneDrive/Desktop/Capstone_Model/algae_bloom_dataset\train\algae_bloom_2087.png,1
C:/Users/somal/OneDrive/Desktop/Capstone_Model/algae_bloom_dataset\train\algae_bloom_2088.png,1
C:/Users/somal/OneDrive/Desktop/Capstone_Model/algae_bloom_dataset\train\algae_bloom_2089.png,0
C:/Users/somal/OneDrive/Desktop/Capstone_Model/algae_bloom_dataset\train\algae_bloom_209.png,0
C:/Users/somal/OneDrive/Desktop/Capstone_Model/algae_bloom_dataset\train\algae_bloom_2090.png,0
C:/Users/somal/OneDrive/Desktop/Capstone_Model/algae_bloom_dataset\train\algae_bloom_2091.png,1
C:/Users/somal/OneDrive/Desktop/Capstone_Model/algae_bloom_dataset\train\algae_bloom_2092.png,1
C:/Users/somal/OneDrive/Desktop/Capstone_Model/algae_bloom_dataset\train\algae_bloom_2093.png,0
C:/Users/somal/OneDrive/Desktop/Capstone_Model/algae_bloom_dataset\train\algae_bloom_2094.png,1
C:/Users/somal/OneDrive/Desktop/Capstone_Model/algae_bloom_dataset\train\algae_bloom_2095.png,0
C:/Users/somal/OneDrive/Desktop/Capstone_Model/algae_bloom_dataset\train\algae_bloom_2096.png,1
C:/Users/somal/OneDrive/Desktop/Capstone_Model/algae_bloom_dataset\train\algae_bloom_2097.png,1
C:/Users/somal/OneDrive/Desktop/Capstone_Model/algae_bloom_dataset\train\algae_bloom_2098.png,0
C:/Users/somal/OneDrive/Desktop/Capstone_Model/algae_bloom_dataset\train\algae_bloom_2099.png,0
C:/Users/somal/OneDrive/Desktop/Capstone_Model/algae_bloom_dataset\train\algae_bloom_21.png,0
C:/Users/somal/OneDrive/Desktop/Capstone_Model/algae_bloom_dataset\train\algae_bloom_210.png,0
C:/Users/somal/OneDrive/Desktop/Capstone_Model/algae_bloom_dataset\train\algae_bloom_2100.png,1
C:/Users/somal/OneDrive/Desktop/Capstone_Model/algae_bloom_dataset\train\algae_bloom_2101.png,0
C:/Users/somal/OneDrive/Desktop/Capstone_Model/algae_bloom_dataset\train\algae_bloom_2102.png,0
C:/Users/somal/OneDrive/Desktop/Capstone_Model/algae_bloom_dataset\train\algae_bloom_2103.png,1
C:/Users/somal/OneDrive/Desktop/Capstone_Model/algae_bloom_dataset\train\algae_bloom_2104.png,0
C:/Users/somal/OneDrive/Desktop/Capstone_Model/algae_bloom_dataset\train\algae_bloom_2105.png,0
C:/Users/somal/OneDrive/Desktop/Capstone_Model/algae_bloom_dataset\train\algae_bloom_2106.png,0
C:/Users/somal/OneDrive/Desktop/Capstone_Model/algae_bloom_dataset\train\algae_bloom_2107.png,0
C:/Users/somal/OneDrive/Desktop/Capstone_Model/algae_bloom_dataset\train\algae_bloom_2108.png,1
C:/Users/somal/OneDrive/Desktop/Capstone_Model/algae_bloom_dataset\train\algae_bloom_2109.png,0
C:/Users/somal/OneDrive/Desktop/Capstone_Model/algae_bloom_dataset\train\algae_bloom_211.png,0
C:/Users/somal/OneDrive/Desktop/Capstone_Model/algae_bloom_dataset\train\algae_bloom_2110.png,0
C:/Users/somal/OneDrive/Desktop/Capstone_Model/algae_bloom_dataset\train\algae_bloom_2111.png,0
C:/Users/somal/OneDrive/Desktop/Capstone_Model/algae_bloom_dataset\train\algae_bloom_2112.png,1
C:/Users/somal/OneDrive/Desktop/Capstone_Model/algae_bloom_dataset\train\algae_bloom_2113.png,0
C:/Users/somal/OneDrive/Desktop/Capstone_Model/algae_bloom_dataset\train\algae_bloom_2114.png,0
C:/Users/somal/OneDrive/Desktop/Capstone_Model/algae_bloom_dataset\train\algae_bloom_2115.png,0
C:/Users/somal/OneDrive/Desktop/Capstone_Model/algae_bloom_dataset\train\algae_bloom_2116.png,0
C:/Users/somal/OneDrive/Desktop/Capstone_Model/algae_bloom_dataset\train\algae_bloom_2117.png,1
C:/Users/somal/OneDrive/Desktop/Capstone_Model/algae_bloom_dataset\train\algae_bloom_2118.png,0
C:/Users/somal/OneDrive/Desktop/Capstone_Model/algae_bloom_dataset\train\algae_bloom_2119.png,0
C:/Users/somal/OneDrive/Desktop/Capstone_Model/algae_bloom_dataset\train\algae_bloom_212.png,0
C:/Users/somal/OneDrive/Desktop/Capstone_Model/algae_bloom_dataset\train\algae_bloom_2120.png,0
C:/Users/somal/OneDrive/Desktop/Capstone_Model/algae_bloom_dataset\train\algae_bloom_2121.png,0
C:/Users/somal/OneDrive/Desktop/Capstone_Model/algae_bloom_dataset\train\algae_bloom_2122.png,1
C:/Users/somal/OneDrive/Desktop/Capstone_Model/algae_bloom_dataset\train\algae_bloom_2123.png,0
C:/Users/somal/OneDrive/Desktop/Capstone_Model/algae_bloom_dataset\train\algae_bloom_2124.png,0
C:/Users/somal/OneDrive/Desktop/Capstone_Model/algae_bloom_dataset\train\algae_bloom_2125.png,0
C:/Users/somal/OneDrive/Desktop/Capstone_Model/algae_bloom_dataset\train\algae_bloom_2126.png,1
C:/Users/somal/OneDrive/Desktop/Capstone_Model/algae_bloom_dataset\train\algae_bloom_2127.png,1
C:/Users/somal/OneDrive/Desktop/Capstone_Model/algae_bloom_dataset\train\algae_bloom_2128.png,0
C:/Users/somal/OneDrive/Desktop/Capstone_Model/algae_bloom_dataset\train\algae_bloom_2129.png,0
C:/Users/somal/OneDrive/Desktop/Capstone_Model/algae_bloom_dataset\train\algae_bloom_213.png,1
C:/Users/somal/OneDrive/Desktop/Capstone_Model/algae_bloom_dataset\train\algae_bloom_2130.png,1
C:/Users/somal/OneDrive/Desktop/Capstone_Model/algae_bloom_dataset\train\algae_bloom_2131.png,0
C:/Users/somal/OneDrive/Desktop/Capstone_Model/algae_bloom_dataset\train\algae_bloom_2132.png,1
C:/Users/somal/OneDrive/Desktop/Capstone_Model/algae_bloom_dataset\train\algae_bloom_2133.png,0
C:/Users/somal/OneDrive/Desktop/Capstone_Model/algae_bloom_dataset\train\algae_bloom_2134.png,1
C:/Users/somal/OneDrive/Desktop/Capstone_Model/algae_bloom_dataset\train\algae_bloom_2135.png,0
C:/Users/somal/OneDrive/Desktop/Capstone_Model/algae_bloom_dataset\train\algae_bloom_2136.png,0
C:/Users/somal/OneDrive/Desktop/Capstone_Model/algae_bloom_dataset\train\algae_bloom_2137.png,0
C:/Users/somal/OneDrive/Desktop/Capstone_Model/algae_bloom_dataset\train\algae_bloom_2138.png,0
C:/Users/somal/OneDrive/Desktop/Capstone_Model/algae_bloom_dataset\train\algae_bloom_2139.png,0
C:/Users/somal/OneDrive/Desktop/Capstone_Model/algae_bloom_dataset\train\algae_bloom_214.png,0
C:/Users/somal/OneDrive/Desktop/Capstone_Model/algae_bloom_dataset\train\algae_bloom_2140.png,1
C:/Users/somal/OneDrive/Desktop/Capstone_Model/algae_bloom_dataset\train\algae_bloom_2141.png,0
C:/Users/somal/OneDrive/Desktop/Capstone_Model/algae_bloom_dataset\train\algae_bloom_2142.png,1
C:/Users/somal/OneDrive/Desktop/Capstone_Model/algae_bloom_dataset\train\algae_bloom_2143.png,1
C:/Users/somal/OneDrive/Desktop/Capstone_Model/algae_bloom_dataset\train\algae_bloom_2144.png,1
C:/Users/somal/OneDrive/Desktop/Capstone_Model/algae_bloom_dataset\train\algae_bloom_2145.png,1
C:/Users/somal/OneDrive/Desktop/Capstone_Model/algae_bloom_dataset\train\algae_bloom_2146.png,0
C:/Users/somal/OneDrive/Desktop/Capstone_Model/algae_bloom_dataset\train\algae_bloom_2147.png,0
C:/Users/somal/OneDrive/Desktop/Capstone_Model/algae_bloom_dataset\train\algae_bloom_2148.png,1
C:/Users/somal/OneDrive/Desktop/Capstone_Model/algae_bloom_dataset\train\algae_bloom_2149.png,0
C:/Users/somal/OneDrive/Desktop/Capstone_Model/algae_bloom_dataset\train\algae_bloom_215.png,1
C:/Users/somal/OneDrive/Desktop/Capstone_Model/algae_bloom_dataset\train\algae_bloom_2150.png,0
C:/Users/somal/OneDrive/Desktop/Capstone_Model/algae_bloom_dataset\train\algae_bloom_2151.png,1
C:/Users/somal/OneDrive/Desktop/Capstone_Model/algae_bloom_dataset\train\algae_bloom_2152.png,0
C:/Users/somal/OneDrive/Desktop/Capstone_Model/algae_bloom_dataset\train\algae_bloom_2153.png,1
C:/Users/somal/OneDrive/Desktop/Capstone_Model/algae_bloom_dataset\train\algae_bloom_2154.png,1
C:/Users/somal/OneDrive/Desktop/Capstone_Model/algae_bloom_dataset\train\algae_bloom_2155.png,0
C:/Users/somal/OneDrive/Desktop/Capstone_Model/algae_bloom_dataset\train\algae_bloom_2156.png,1
C:/Users/somal/OneDrive/Desktop/Capstone_Model/algae_bloom_dataset\train\algae_bloom_2157.png,1
C:/Users/somal/OneDrive/Desktop/Capstone_Model/algae_bloom_dataset\train\algae_bloom_2158.png,1
C:/Users/somal/OneDrive/Desktop/Capstone_Model/algae_bloom_dataset\train\algae_bloom_2159.png,0
C:/Users/somal/OneDrive/Desktop/Capstone_Model/algae_bloom_dataset\train\algae_bloom_216.png,0
C:/Users/somal/OneDrive/Desktop/Capstone_Model/algae_bloom_dataset\train\algae_bloom_2160.png,0
C:/Users/somal/OneDrive/Desktop/Capstone_Model/algae_bloom_dataset\train\algae_bloom_2161.png,0
C:/Users/somal/OneDrive/Desktop/Capstone_Model/algae_bloom_dataset\train\algae_bloom_2162.png,0
C:/Users/somal/OneDrive/Desktop/Capstone_Model/algae_bloom_dataset\train\algae_bloom_2163.png,0
C:/Users/somal/OneDrive/Desktop/Capstone_Model/algae_bloom_dataset\train\algae_bloom_2164.png,0
C:/Users/somal/OneDrive/Desktop/Capstone_Model/algae_bloom_dataset\train\algae_bloom_2165.png,1
C:/Users/somal/OneDrive/Desktop/Capstone_Model/algae_bloom_dataset\train\algae_bloom_2166.png,0
C:/Users/somal/OneDrive/Desktop/Capstone_Model/algae_bloom_dataset\train\algae_bloom_2167.png,1
C:/Users/somal/OneDrive/Desktop/Capstone_Model/algae_bloom_dataset\train\algae_bloom_2168.png,0
C:/Users/somal/OneDrive/Desktop/Capstone_Model/algae_bloom_dataset\train\algae_bloom_2169.png,1
C:/Users/somal/OneDrive/Desktop/Capstone_Model/algae_bloom_dataset\train\algae_bloom_217.png,0
C:/Users/somal/OneDrive/Desktop/Capstone_Model/algae_bloom_dataset\train\algae_bloom_2170.png,0
C:/Users/somal/OneDrive/Desktop/Capstone_Model/algae_bloom_dataset\train\algae_bloom_2171.png,0
C:/Users/somal/OneDrive/Desktop/Capstone_Model/algae_bloom_dataset\train\algae_bloom_2172.png,0
C:/Users/somal/OneDrive/Desktop/Capstone_Model/algae_bloom_dataset\train\algae_bloom_2173.png,0
C:/Users/somal/OneDrive/Desktop/Capstone_Model/algae_bloom_dataset\train\algae_bloom_2174.png,1
C:/Users/somal/OneDrive/Desktop/Capstone_Model/algae_bloom_dataset\train\algae_bloom_2175.png,0
C:/Users/somal/OneDrive/Desktop/Capstone_Model/algae_bloom_dataset\train\algae_bloom_2176.png,1
C:/Users/somal/OneDrive/Desktop/Capstone_Model/algae_bloom_dataset\train\algae_bloom_2177.png,0
C:/Users/somal/OneDrive/Desktop/Capstone_Model/algae_bloom_dataset\train\algae_bloom_2178.png,0
C:/Users/somal/OneDrive/Desktop/Capstone_Model/algae_bloom_dataset\train\algae_bloom_2179.png,0
C:/Users/somal/OneDrive/Desktop/Capstone_Model/algae_bloom_dataset\train\algae_bloom_218.png,1
C:/Users/somal/OneDrive/Desktop/Capstone_Model/algae_bloom_dataset\train\algae_bloom_2180.png,0
C:/Users/somal/OneDrive/Desktop/Capstone_Model/algae_bloom_dataset\train\algae_bloom_2181.png,0
C:/Users/somal/OneDrive/Desktop/Capstone_Model/algae_bloom_dataset\train\algae_bloom_2182.png,0
C:/Users/somal/OneDrive/Desktop/Capstone_Model/algae_bloom_dataset\train\algae_bloom_2183.png,0
C:/Users/somal/OneDrive/Desktop/Capstone_Model/algae_bloom_dataset\train\algae_bloom_2184.png,0
C:/Users/somal/OneDrive/Desktop/Capstone_Model/algae_bloom_dataset\train\algae_bloom_2185.png,0
C:/Users/somal/OneDrive/Desktop/Capstone_Model/algae_bloom_dataset\train\algae_bloom_2186.png,0
C:/Users/somal/OneDrive/Desktop/Capstone_Model/algae_bloom_dataset\train\algae_bloom_2187.png,0
C:/Users/somal/OneDrive/Desktop/Capstone_Model/algae_bloom_dataset\train\algae_bloom_2188.png,0
C:/Users/somal/OneDrive/Desktop/Capstone_Model/algae_bloom_dataset\train\algae_bloom_2189.png,0
C:/Users/somal/OneDrive/Desktop/Capstone_Model/algae_bloom_dataset\train\algae_bloom_219.png,0
C:/Users/somal/OneDrive/Desktop/Capstone_Model/algae_bloom_dataset\train\algae_bloom_2190.png,0
C:/Users/somal/OneDrive/Desktop/Capstone_Model/algae_bloom_dataset\train\algae_bloom_2191.png,0
C:/Users/somal/OneDrive/Desktop/Capstone_Model/algae_bloom_dataset\train\algae_bloom_2192.png,0
C:/Users/somal/OneDrive/Desktop/Capstone_Model/algae_bloom_dataset\train\algae_bloom_2193.png,0
C:/Users/somal/OneDrive/Desktop/Capstone_Model/algae_bloom_dataset\train\algae_bloom_2194.png,0
C:/Users/somal/OneDrive/Desktop/Capstone_Model/algae_bloom_dataset\train\algae_bloom_2195.png,0
C:/Users/somal/OneDrive/Desktop/Capstone_Model/algae_bloom_dataset\train\algae_bloom_2196.png,0
C:/Users/somal/OneDrive/Desktop/Capstone_Model/algae_bloom_dataset\train\algae_bloom_2197.png,0
C:/Users/somal/OneDrive/Desktop/Capstone_Model/algae_bloom_dataset\train\algae_bloom_2198.png,0
C:/Users/somal/OneDrive/Desktop/Capstone_Model/algae_bloom_dataset\train\algae_bloom_2199.png,0
C:/Users/somal/OneDrive/Desktop/Capstone_Model/algae_bloom_dataset\train\algae_bloom_22.png,0
C:/Users/somal/OneDrive/Desktop/Capstone_Model/algae_bloom_dataset\train\algae_bloom_220.png,0
C:/Users/somal/OneDrive/Desktop/Capstone_Model/algae_bloom_dataset\train\algae_bloom_2200.png,0
C:/Users/somal/OneDrive/Desktop/Capstone_Model/algae_bloom_dataset\train\algae_bloom_2201.png,1
C:/Users/somal/OneDrive/Desktop/Capstone_Model/algae_bloom_dataset\train\algae_bloom_2202.png,0
C:/Users/somal/OneDrive/Desktop/Capstone_Model/algae_bloom_dataset\train\algae_bloom_2203.png,0
C:/Users/somal/OneDrive/Desktop/Capstone_Model/algae_bloom_dataset\train\algae_bloom_2204.png,0
C:/Users/somal/OneDrive/Desktop/Capstone_Model/algae_bloom_dataset\train\algae_bloom_2205.png,1
C:/Users/somal/OneDrive/Desktop/Capstone_Model/algae_bloom_dataset\train\algae_bloom_2206.png,1
C:/Users/somal/OneDrive/Desktop/Capstone_Model/algae_bloom_dataset\train\algae_bloom_2207.png,1
C:/Users/somal/OneDrive/Desktop/Capstone_Model/algae_bloom_dataset\train\algae_bloom_2208.png,0
C:/Users/somal/OneDrive/Desktop/Capstone_Model/algae_bloom_dataset\train\algae_bloom_2209.png,0
C:/Users/somal/OneDrive/Desktop/Capstone_Model/algae_bloom_dataset\train\algae_bloom_221.png,1
C:/Users/somal/OneDrive/Desktop/Capstone_Model/algae_bloom_dataset\train\algae_bloom_2210.png,0
C:/Users/somal/OneDrive/Desktop/Capstone_Model/algae_bloom_dataset\train\algae_bloom_2211.png,0
C:/Users/somal/OneDrive/Desktop/Capstone_Model/algae_bloom_dataset\train\algae_bloom_2212.png,1
C:/Users/somal/OneDrive/Desktop/Capstone_Model/algae_bloom_dataset\train\algae_bloom_2213.png,1
C:/Users/somal/OneDrive/Desktop/Capstone_Model/algae_bloom_dataset\train\algae_bloom_2214.png,0
C:/Users/somal/OneDrive/Desktop/Capstone_Model/algae_bloom_dataset\train\algae_bloom_2215.png,0
C:/Users/somal/OneDrive/Desktop/Capstone_Model/algae_bloom_dataset\train\algae_bloom_2216.png,0
C:/Users/somal/OneDrive/Desktop/Capstone_Model/algae_bloom_dataset\train\algae_bloom_2217.png,1
C:/Users/somal/OneDrive/Desktop/Capstone_Model/algae_bloom_dataset\train\algae_bloom_2218.png,0
C:/Users/somal/OneDrive/Desktop/Capstone_Model/algae_bloom_dataset\train\algae_bloom_2219.png,0
C:/Users/somal/OneDrive/Desktop/Capstone_Model/algae_bloom_dataset\train\algae_bloom_222.png,1
C:/Users/somal/OneDrive/Desktop/Capstone_Model/algae_bloom_dataset\train\algae_bloom_2220.png,0
C:/Users/somal/OneDrive/Desktop/Capstone_Model/algae_bloom_dataset\train\algae_bloom_2221.png,0
C:/Users/somal/OneDrive/Desktop/Capstone_Model/algae_bloom_dataset\train\algae_bloom_2222.png,0
C:/Users/somal/OneDrive/Desktop/Capstone_Model/algae_bloom_dataset\train\algae_bloom_2223.png,1
C:/Users/somal/OneDrive/Desktop/Capstone_Model/algae_bloom_dataset\train\algae_bloom_2224.png,1
C:/Users/somal/OneDrive/Desktop/Capstone_Model/algae_bloom_dataset\train\algae_bloom_2225.png,0
C:/Users/somal/OneDrive/Desktop/Capstone_Model/algae_bloom_dataset\train\algae_bloom_2226.png,0
C:/Users/somal/OneDrive/Desktop/Capstone_Model/algae_bloom_dataset\train\algae_bloom_2227.png,1
C:/Users/somal/OneDrive/Desktop/Capstone_Model/algae_bloom_dataset\train\algae_bloom_2228.png,1
C:/Users/somal/OneDrive/Desktop/Capstone_Model/algae_bloom_dataset\train\algae_bloom_2229.png,1
C:/Users/somal/OneDrive/Desktop/Capstone_Model/algae_bloom_dataset\train\algae_bloom_223.png,0
C:/Users/somal/OneDrive/Desktop/Capstone_Model/algae_bloom_dataset\train\algae_bloom_2230.png,0
C:/Users/somal/OneDrive/Desktop/Capstone_Model/algae_bloom_dataset\train\algae_bloom_2231.png,0
C:/Users/somal/OneDrive/Desktop/Capstone_Model/algae_bloom_dataset\train\algae_bloom_2232.png,1
C:/Users/somal/OneDrive/Desktop/Capstone_Model/algae_bloom_dataset\train\algae_bloom_2233.png,0
C:/Users/somal/OneDrive/Desktop/Capstone_Model/algae_bloom_dataset\train\algae_bloom_2234.png,0
C:/Users/somal/OneDrive/Desktop/Capstone_Model/algae_bloom_dataset\train\algae_bloom_2235.png,0
C:/Users/somal/OneDrive/Desktop/Capstone_Model/algae_bloom_dataset\train\algae_bloom_2236.png,1
C:/Users/somal/OneDrive/Desktop/Capstone_Model/algae_bloom_dataset\train\algae_bloom_2237.png,0
C:/Users/somal/OneDrive/Desktop/Capstone_Model/algae_bloom_dataset\train\algae_bloom_2238.png,0
C:/Users/somal/OneDrive/Desktop/Capstone_Model/algae_bloom_dataset\train\algae_bloom_2239.png,0
C:/Users/somal/OneDrive/Desktop/Capstone_Model/algae_bloom_dataset\train\algae_bloom_224.png,1
C:/Users/somal/OneDrive/Desktop/Capstone_Model/algae_bloom_dataset\train\algae_bloom_2240.png,0
C:/Users/somal/OneDrive/Desktop/Capstone_Model/algae_bloom_dataset\train\algae_bloom_2241.png,0
C:/Users/somal/OneDrive/Desktop/Capstone_Model/algae_bloom_dataset\train\algae_bloom_2242.png,0
C:/Users/somal/OneDrive/Desktop/Capstone_Model/algae_bloom_dataset\train\algae_bloom_2243.png,0
C:/Users/somal/OneDrive/Desktop/Capstone_Model/algae_bloom_dataset\train\algae_bloom_2244.png,0
C:/Users/somal/OneDrive/Desktop/Capstone_Model/algae_bloom_dataset\train\algae_bloom_2245.png,0
C:/Users/somal/OneDrive/Desktop/Capstone_Model/algae_bloom_dataset\train\algae_bloom_2246.png,1
C:/Users/somal/OneDrive/Desktop/Capstone_Model/algae_bloom_dataset\train\algae_bloom_2247.png,1
C:/Users/somal/OneDrive/Desktop/Capstone_Model/algae_bloom_dataset\train\algae_bloom_2248.png,0
C:/Users/somal/OneDrive/Desktop/Capstone_Model/algae_bloom_dataset\train\algae_bloom_2249.png,0
C:/Users/somal/OneDrive/Desktop/Capstone_Model/algae_bloom_dataset\train\algae_bloom_225.png,0
C:/Users/somal/OneDrive/Desktop/Capstone_Model/algae_bloom_dataset\train\algae_bloom_2250.png,0
C:/Users/somal/OneDrive/Desktop/Capstone_Model/algae_bloom_dataset\train\algae_bloom_2251.png,1
C:/Users/somal/OneDrive/Desktop/Capstone_Model/algae_bloom_dataset\train\algae_bloom_2252.png,0
C:/Users/somal/OneDrive/Desktop/Capstone_Model/algae_bloom_dataset\train\algae_bloom_2253.png,0
C:/Users/somal/OneDrive/Desktop/Capstone_Model/algae_bloom_dataset\train\algae_bloom_2254.png,1
C:/Users/somal/OneDrive/Desktop/Capstone_Model/algae_bloom_dataset\train\algae_bloom_2255.png,0
C:/Users/somal/OneDrive/Desktop/Capstone_Model/algae_bloom_dataset\train\algae_bloom_2256.png,1
C:/Users/somal/OneDrive/Desktop/Capstone_Model/algae_bloom_dataset\train\algae_bloom_2257.png,0
C:/Users/somal/OneDrive/Desktop/Capstone_Model/algae_bloom_dataset\train\algae_bloom_2258.png,0
C:/Users/somal/OneDrive/Desktop/Capstone_Model/algae_bloom_dataset\train\algae_bloom_2259.png,0
C:/Users/somal/OneDrive/Desktop/Capstone_Model/algae_bloom_dataset\train\algae_bloom_226.png,0
C:/Users/somal/OneDrive/Desktop/Capstone_Model/algae_bloom_dataset\train\algae_bloom_2260.png,0
C:/Users/somal/OneDrive/Desktop/Capstone_Model/algae_bloom_dataset\train\algae_bloom_2261.png,0
C:/Users/somal/OneDrive/Desktop/Capstone_Model/algae_bloom_dataset\train\algae_bloom_2262.png,0
C:/Users/somal/OneDrive/Desktop/Capstone_Model/algae_bloom_dataset\train\algae_bloom_2263.png,0
C:/Users/somal/OneDrive/Desktop/Capstone_Model/algae_bloom_dataset\train\algae_bloom_2264.png,0
C:/Users/somal/OneDrive/Desktop/Capstone_Model/algae_bloom_dataset\train\algae_bloom_2265.png,1
C:/Users/somal/OneDrive/Desktop/Capstone_Model/algae_bloom_dataset\train\algae_bloom_2266.png,0
C:/Users/somal/OneDrive/Desktop/Capstone_Model/algae_bloom_dataset\train\algae_bloom_2267.png,0
C:/Users/somal/OneDrive/Desktop/Capstone_Model/algae_bloom_dataset\train\algae_bloom_2268.png,1
C:/Users/somal/OneDrive/Desktop/Capstone_Model/algae_bloom_dataset\train\algae_bloom_2269.png,1
C:/Users/somal/OneDrive/Desktop/Capstone_Model/algae_bloom_dataset\train\algae_bloom_227.png,0
C:/Users/somal/OneDrive/Desktop/Capstone_Model/algae_bloom_dataset\train\algae_bloom_2270.png,1
C:/Users/somal/OneDrive/Desktop/Capstone_Model/algae_bloom_dataset\train\algae_bloom_2271.png,0
C:/Users/somal/OneDrive/Desktop/Capstone_Model/algae_bloom_dataset\train\algae_bloom_2272.png,0
C:/Users/somal/OneDrive/Desktop/Capstone_Model/algae_bloom_dataset\train\algae_bloom_2273.png,0
C:/Users/somal/OneDrive/Desktop/Capstone_Model/algae_bloom_dataset\train\algae_bloom_2274.png,1
C:/Users/somal/OneDrive/Desktop/Capstone_Model/algae_bloom_dataset\train\algae_bloom_2275.png,0
C:/Users/somal/OneDrive/Desktop/Capstone_Model/algae_bloom_dataset\train\algae_bloom_2276.png,0
C:/Users/somal/OneDrive/Desktop/Capstone_Model/algae_bloom_dataset\train\algae_bloom_2277.png,0
C:/Users/somal/OneDrive/Desktop/Capstone_Model/algae_bloom_dataset\train\algae_bloom_2278.png,0
C:/Users/somal/OneDrive/Desktop/Capstone_Model/algae_bloom_dataset\train\algae_bloom_2279.png,0
C:/Users/somal/OneDrive/Desktop/Capstone_Model/algae_bloom_dataset\train\algae_bloom_228.png,0
C:/Users/somal/OneDrive/Desktop/Capstone_Model/algae_bloom_dataset\train\algae_bloom_2280.png,0
C:/Users/somal/OneDrive/Desktop/Capstone_Model/algae_bloom_dataset\train\algae_bloom_2281.png,0
C:/Users/somal/OneDrive/Desktop/Capstone_Model/algae_bloom_dataset\train\algae_bloom_2282.png,0
C:/Users/somal/OneDrive/Desktop/Capstone_Model/algae_bloom_dataset\train\algae_bloom_2283.png,0
C:/Users/somal/OneDrive/Desktop/Capstone_Model/algae_bloom_dataset\train\algae_bloom_2284.png,0
C:/Users/somal/OneDrive/Desktop/Capstone_Model/algae_bloom_dataset\train\algae_bloom_2285.png,0
C:/Users/somal/OneDrive/Desktop/Capstone_Model/algae_bloom_dataset\train\algae_bloom_2286.png,1
C:/Users/somal/OneDrive/Desktop/Capstone_Model/algae_bloom_dataset\train\algae_bloom_2287.png,1
C:/Users/somal/OneDrive/Desktop/Capstone_Model/algae_bloom_dataset\train\algae_bloom_2288.png,0
C:/Users/somal/OneDrive/Desktop/Capstone_Model/algae_bloom_dataset\train\algae_bloom_2289.png,0
C:/Users/somal/OneDrive/Desktop/Capstone_Model/algae_bloom_dataset\train\algae_bloom_229.png,0
C:/Users/somal/OneDrive/Desktop/Capstone_Model/algae_bloom_dataset\train\algae_bloom_2290.png,0
C:/Users/somal/OneDrive/Desktop/Capstone_Model/algae_bloom_dataset\train\algae_bloom_2291.png,1
C:/Users/somal/OneDrive/Desktop/Capstone_Model/algae_bloom_dataset\train\algae_bloom_2292.png,0
C:/Users/somal/OneDrive/Desktop/Capstone_Model/algae_bloom_dataset\train\algae_bloom_2293.png,0
C:/Users/somal/OneDrive/Desktop/Capstone_Model/algae_bloom_dataset\train\algae_bloom_2294.png,0
C:/Users/somal/OneDrive/Desktop/Capstone_Model/algae_bloom_dataset\train\algae_bloom_2295.png,1
C:/Users/somal/OneDrive/Desktop/Capstone_Model/algae_bloom_dataset\train\algae_bloom_2296.png,1
C:/Users/somal/OneDrive/Desktop/Capstone_Model/algae_bloom_dataset\train\algae_bloom_2297.png,0
C:/Users/somal/OneDrive/Desktop/Capstone_Model/algae_bloom_dataset\train\algae_bloom_2298.png,0
C:/Users/somal/OneDrive/Desktop/Capstone_Model/algae_bloom_dataset\train\algae_bloom_2299.png,0
C:/Users/somal/OneDrive/Desktop/Capstone_Model/algae_bloom_dataset\train\algae_bloom_23.png,0
C:/Users/somal/OneDrive/Desktop/Capstone_Model/algae_bloom_dataset\train\algae_bloom_230.png,1
C:/Users/somal/OneDrive/Desktop/Capstone_Model/algae_bloom_dataset\train\algae_bloom_2300.png,1
C:/Users/somal/OneDrive/Desktop/Capstone_Model/algae_bloom_dataset\train\algae_bloom_2301.png,1
C:/Users/somal/OneDrive/Desktop/Capstone_Model/algae_bloom_dataset\train\algae_bloom_2302.png,1
C:/Users/somal/OneDrive/Desktop/Capstone_Model/algae_bloom_dataset\train\algae_bloom_2303.png,0
C:/Users/somal/OneDrive/Desktop/Capstone_Model/algae_bloom_dataset\train\algae_bloom_2304.png,1
C:/Users/somal/OneDrive/Desktop/Capstone_Model/algae_bloom_dataset\train\algae_bloom_2305.png,1
C:/Users/somal/OneDrive/Desktop/Capstone_Model/algae_bloom_dataset\train\algae_bloom_2306.png,0
C:/Users/somal/OneDrive/Desktop/Capstone_Model/algae_bloom_dataset\train\algae_bloom_2307.png,1
C:/Users/somal/OneDrive/Desktop/Capstone_Model/algae_bloom_dataset\train\algae_bloom_2308.png,1
C:/Users/somal/OneDrive/Desktop/Capstone_Model/algae_bloom_dataset\train\algae_bloom_2309.png,0
C:/Users/somal/OneDrive/Desktop/Capstone_Model/algae_bloom_dataset\train\algae_bloom_231.png,0
C:/Users/somal/OneDrive/Desktop/Capstone_Model/algae_bloom_dataset\train\algae_bloom_2310.png,0
C:/Users/somal/OneDrive/Desktop/Capstone_Model/algae_bloom_dataset\train\algae_bloom_2311.png,0
C:/Users/somal/OneDrive/Desktop/Capstone_Model/algae_bloom_dataset\train\algae_bloom_2312.png,0
C:/Users/somal/OneDrive/Desktop/Capstone_Model/algae_bloom_dataset\train\algae_bloom_2313.png,0
C:/Users/somal/OneDrive/Desktop/Capstone_Model/algae_bloom_dataset\train\algae_bloom_2314.png,0
C:/Users/somal/OneDrive/Desktop/Capstone_Model/algae_bloom_dataset\train\algae_bloom_2315.png,0
C:/Users/somal/OneDrive/Desktop/Capstone_Model/algae_bloom_dataset\train\algae_bloom_2316.png,1
C:/Users/somal/OneDrive/Desktop/Capstone_Model/algae_bloom_dataset\train\algae_bloom_2317.png,0
C:/Users/somal/OneDrive/Desktop/Capstone_Model/algae_bloom_dataset\train\algae_bloom_2318.png,0
C:/Users/somal/OneDrive/Desktop/Capstone_Model/algae_bloom_dataset\train\algae_bloom_2319.png,0
C:/Users/somal/OneDrive/Desktop/Capstone_Model/algae_bloom_dataset\train\algae_bloom_232.png,1
C:/Users/somal/OneDrive/Desktop/Capstone_Model/algae_bloom_dataset\train\algae_bloom_2320.png,0
C:/Users/somal/OneDrive/Desktop/Capstone_Model/algae_bloom_dataset\train\algae_bloom_2321.png,0
C:/Users/somal/OneDrive/Desktop/Capstone_Model/algae_bloom_dataset\train\algae_bloom_2322.png,0
C:/Users/somal/OneDrive/Desktop/Capstone_Model/algae_bloom_dataset\train\algae_bloom_2323.png,1
C:/Users/somal/OneDrive/Desktop/Capstone_Model/algae_bloom_dataset\train\algae_bloom_2324.png,1
C:/Users/somal/OneDrive/Desktop/Capstone_Model/algae_bloom_dataset\train\algae_bloom_2325.png,0
C:/Users/somal/OneDrive/Desktop/Capstone_Model/algae_bloom_dataset\train\algae_bloom_2326.png,0
C:/Users/somal/OneDrive/Desktop/Capstone_Model/algae_bloom_dataset\train\algae_bloom_2327.png,0
C:/Users/somal/OneDrive/Desktop/Capstone_Model/algae_bloom_dataset\train\algae_bloom_2328.png,0
C:/Users/somal/OneDrive/Desktop/Capstone_Model/algae_bloom_dataset\train\algae_bloom_2329.png,0
C:/Users/somal/OneDrive/Desktop/Capstone_Model/algae_bloom_dataset\train\algae_bloom_233.png,0
C:/Users/somal/OneDrive/Desktop/Capstone_Model/algae_bloom_dataset\train\algae_bloom_2330.png,1
C:/Users/somal/OneDrive/Desktop/Capstone_Model/algae_bloom_dataset\train\algae_bloom_2331.png,1
C:/Users/somal/OneDrive/Desktop/Capstone_Model/algae_bloom_dataset\train\algae_bloom_2332.png,1
C:/Users/somal/OneDrive/Desktop/Capstone_Model/algae_bloom_dataset\train\algae_bloom_2333.png,0
C:/Users/somal/OneDrive/Desktop/Capstone_Model/algae_bloom_dataset\train\algae_bloom_2334.png,1
C:/Users/somal/OneDrive/Desktop/Capstone_Model/algae_bloom_dataset\train\algae_bloom_2335.png,1
C:/Users/somal/OneDrive/Desktop/Capstone_Model/algae_bloom_dataset\train\algae_bloom_2336.png,0
C:/Users/somal/OneDrive/Desktop/Capstone_Model/algae_bloom_dataset\train\algae_bloom_2337.png,1
C:/Users/somal/OneDrive/Desktop/Capstone_Model/algae_bloom_dataset\train\algae_bloom_2338.png,0
C:/Users/somal/OneDrive/Desktop/Capstone_Model/algae_bloom_dataset\train\algae_bloom_2339.png,0
C:/Users/somal/OneDrive/Desktop/Capstone_Model/algae_bloom_dataset\train\algae_bloom_234.png,0
C:/Users/somal/OneDrive/Desktop/Capstone_Model/algae_bloom_dataset\train\algae_bloom_2340.png,0
C:/Users/somal/OneDrive/Desktop/Capstone_Model/algae_bloom_dataset\train\algae_bloom_2341.png,0
C:/Users/somal/OneDrive/Desktop/Capstone_Model/algae_bloom_dataset\train\algae_bloom_2342.png,0
C:/Users/somal/OneDrive/Desktop/Capstone_Model/algae_bloom_dataset\train\algae_bloom_2343.png,0
C:/Users/somal/OneDrive/Desktop/Capstone_Model/algae_bloom_dataset\train\algae_bloom_2344.png,0
C:/Users/somal/OneDrive/Desktop/Capstone_Model/algae_bloom_dataset\train\algae_bloom_2345.png,0
C:/Users/somal/OneDrive/Desktop/Capstone_Model/algae_bloom_dataset\train\algae_bloom_2346.png,0
C:/Users/somal/OneDrive/Desktop/Capstone_Model/algae_bloom_dataset\train\algae_bloom_2347.png,1
C:/Users/somal/OneDrive/Desktop/Capstone_Model/algae_bloom_dataset\train\algae_bloom_2348.png,0
C:/Users/somal/OneDrive/Desktop/Capstone_Model/algae_bloom_dataset\train\algae_bloom_2349.png,0
C:/Users/somal/OneDrive/Desktop/Capstone_Model/algae_bloom_dataset\train\algae_bloom_235.png,0
C:/Users/somal/OneDrive/Desktop/Capstone_Model/algae_bloom_dataset\train\algae_bloom_2350.png,0
C:/Users/somal/OneDrive/Desktop/Capstone_Model/algae_bloom_dataset\train\algae_bloom_2351.png,1
C:/Users/somal/OneDrive/Desktop/Capstone_Model/algae_bloom_dataset\train\algae_bloom_2352.png,0
C:/Users/somal/OneDrive/Desktop/Capstone_Model/algae_bloom_dataset\train\algae_bloom_2353.png,0
C:/Users/somal/OneDrive/Desktop/Capstone_Model/algae_bloom_dataset\train\algae_bloom_2354.png,0
C:/Users/somal/OneDrive/Desktop/Capstone_Model/algae_bloom_dataset\train\algae_bloom_2355.png,0
C:/Users/somal/OneDrive/Desktop/Capstone_Model/algae_bloom_dataset\train\algae_bloom_2356.png,1
C:/Users/somal/OneDrive/Desktop/Capstone_Model/algae_bloom_dataset\train\algae_bloom_2357.png,0
C:/Users/somal/OneDrive/Desktop/Capstone_Model/algae_bloom_dataset\train\algae_bloom_2358.png,0
C:/Users/somal/OneDrive/Desktop/Capstone_Model/algae_bloom_dataset\train\algae_bloom_2359.png,0
C:/Users/somal/OneDrive/Desktop/Capstone_Model/algae_bloom_dataset\train\algae_bloom_236.png,0
C:/Users/somal/OneDrive/Desktop/Capstone_Model/algae_bloom_dataset\train\algae_bloom_2360.png,0
C:/Users/somal/OneDrive/Desktop/Capstone_Model/algae_bloom_dataset\train\algae_bloom_2361.png,0
C:/Users/somal/OneDrive/Desktop/Capstone_Model/algae_bloom_dataset\train\algae_bloom_2362.png,1
C:/Users/somal/OneDrive/Desktop/Capstone_Model/algae_bloom_dataset\train\algae_bloom_2363.png,0
C:/Users/somal/OneDrive/Desktop/Capstone_Model/algae_bloom_dataset\train\algae_bloom_2364.png,1
C:/Users/somal/OneDrive/Desktop/Capstone_Model/algae_bloom_dataset\train\algae_bloom_2365.png,1
C:/Users/somal/OneDrive/Desktop/Capstone_Model/algae_bloom_dataset\train\algae_bloom_2366.png,1
C:/Users/somal/OneDrive/Desktop/Capstone_Model/algae_bloom_dataset\train\algae_bloom_2367.png,0
C:/Users/somal/OneDrive/Desktop/Capstone_Model/algae_bloom_dataset\train\algae_bloom_2368.png,1
C:/Users/somal/OneDrive/Desktop/Capstone_Model/algae_bloom_dataset\train\algae_bloom_2369.png,1
C:/Users/somal/OneDrive/Desktop/Capstone_Model/algae_bloom_dataset\train\algae_bloom_237.png,1
C:/Users/somal/OneDrive/Desktop/Capstone_Model/algae_bloom_dataset\train\algae_bloom_2370.png,1
C:/Users/somal/OneDrive/Desktop/Capstone_Model/algae_bloom_dataset\train\algae_bloom_2371.png,0
C:/Users/somal/OneDrive/Desktop/Capstone_Model/algae_bloom_dataset\train\algae_bloom_2372.png,0
C:/Users/somal/OneDrive/Desktop/Capstone_Model/algae_bloom_dataset\train\algae_bloom_2373.png,0
C:/Users/somal/OneDrive/Desktop/Capstone_Model/algae_bloom_dataset\train\algae_bloom_2374.png,0
C:/Users/somal/OneDrive/Desktop/Capstone_Model/algae_bloom_dataset\train\algae_bloom_2375.png,0
C:/Users/somal/OneDrive/Desktop/Capstone_Model/algae_bloom_dataset\train\algae_bloom_2376.png,0
C:/Users/somal/OneDrive/Desktop/Capstone_Model/algae_bloom_dataset\train\algae_bloom_2377.png,0
C:/Users/somal/OneDrive/Desktop/Capstone_Model/algae_bloom_dataset\train\algae_bloom_2378.png,0
C:/Users/somal/OneDrive/Desktop/Capstone_Model/algae_bloom_dataset\train\algae_bloom_2379.png,0
C:/Users/somal/OneDrive/Desktop/Capstone_Model/algae_bloom_dataset\train\algae_bloom_238.png,1
C:/Users/somal/OneDrive/Desktop/Capstone_Model/algae_bloom_dataset\train\algae_bloom_2380.png,0
C:/Users/somal/OneDrive/Desktop/Capstone_Model/algae_bloom_dataset\train\algae_bloom_2381.png,0
C:/Users/somal/OneDrive/Desktop/Capstone_Model/algae_bloom_dataset\train\algae_bloom_2382.png,1
C:/Users/somal/OneDrive/Desktop/Capstone_Model/algae_bloom_dataset\train\algae_bloom_2383.png,0
C:/Users/somal/OneDrive/Desktop/Capstone_Model/algae_bloom_dataset\train\algae_bloom_2384.png,0
C:/Users/somal/OneDrive/Desktop/Capstone_Model/algae_bloom_dataset\train\algae_bloom_2385.png,0
C:/Users/somal/OneDrive/Desktop/Capstone_Model/algae_bloom_dataset\train\algae_bloom_2386.png,0
C:/Users/somal/OneDrive/Desktop/Capstone_Model/algae_bloom_dataset\train\algae_bloom_2387.png,0
C:/Users/somal/OneDrive/Desktop/Capstone_Model/algae_bloom_dataset\train\algae_bloom_2388.png,0
C:/Users/somal/OneDrive/Desktop/Capstone_Model/algae_bloom_dataset\train\algae_bloom_2389.png,0
C:/Users/somal/OneDrive/Desktop/Capstone_Model/algae_bloom_dataset\train\algae_bloom_239.png,1
C:/Users/somal/OneDrive/Desktop/Capstone_Model/algae_bloom_dataset\train\algae_bloom_2390.png,0
C:/Users/somal/OneDrive/Desktop/Capstone_Model/algae_bloom_dataset\train\algae_bloom_2391.png,0
C:/Users/somal/OneDrive/Desktop/Capstone_Model/algae_bloom_dataset\train\algae_bloom_2392.png,1
C:/Users/somal/OneDrive/Desktop/Capstone_Model/algae_bloom_dataset\train\algae_bloom_2393.png,0
C:/Users/somal/OneDrive/Desktop/Capstone_Model/algae_bloom_dataset\train\algae_bloom_2394.png,0
C:/Users/somal/OneDrive/Desktop/Capstone_Model/algae_bloom_dataset\train\algae_bloom_2395.png,1
C:/Users/somal/OneDrive/Desktop/Capstone_Model/algae_bloom_dataset\train\algae_bloom_2396.png,0
C:/Users/somal/OneDrive/Desktop/Capstone_Model/algae_bloom_dataset\train\algae_bloom_2397.png,0
C:/Users/somal/OneDrive/Desktop/Capstone_Model/algae_bloom_dataset\train\algae_bloom_2398.png,0
C:/Users/somal/OneDrive/Desktop/Capstone_Model/algae_bloom_dataset\train\algae_bloom_2399.png,1
C:/Users/somal/OneDrive/Desktop/Capstone_Model/algae_bloom_dataset\train\algae_bloom_24.png,1
C:/Users/somal/OneDrive/Desktop/Capstone_Model/algae_bloom_dataset\train\algae_bloom_240.png,0
C:/Users/somal/OneDrive/Desktop/Capstone_Model/algae_bloom_dataset\train\algae_bloom_2400.png,0
C:/Users/somal/OneDrive/Desktop/Capstone_Model/algae_bloom_dataset\train\algae_bloom_2401.png,0
C:/Users/somal/OneDrive/Desktop/Capstone_Model/algae_bloom_dataset\train\algae_bloom_2402.png,1
C:/Users/somal/OneDrive/Desktop/Capstone_Model/algae_bloom_dataset\train\algae_bloom_2403.png,0
C:/Users/somal/OneDrive/Desktop/Capstone_Model/algae_bloom_dataset\train\algae_bloom_2404.png,0
C:/Users/somal/OneDrive/Desktop/Capstone_Model/algae_bloom_dataset\train\algae_bloom_2405.png,0
C:/Users/somal/OneDrive/Desktop/Capstone_Model/algae_bloom_dataset\train\algae_bloom_2406.png,1
C:/Users/somal/OneDrive/Desktop/Capstone_Model/algae_bloom_dataset\train\algae_bloom_2407.png,0
C:/Users/somal/OneDrive/Desktop/Capstone_Model/algae_bloom_dataset\train\algae_bloom_2408.png,1
C:/Users/somal/OneDrive/Desktop/Capstone_Model/algae_bloom_dataset\train\algae_bloom_2409.png,0
C:/Users/somal/OneDrive/Desktop/Capstone_Model/algae_bloom_dataset\train\algae_bloom_241.png,0
C:/Users/somal/OneDrive/Desktop/Capstone_Model/algae_bloom_dataset\train\algae_bloom_2410.png,0
C:/Users/somal/OneDrive/Desktop/Capstone_Model/algae_bloom_dataset\train\algae_bloom_2411.png,1
C:/Users/somal/OneDrive/Desktop/Capstone_Model/algae_bloom_dataset\train\algae_bloom_2412.png,1
C:/Users/somal/OneDrive/Desktop/Capstone_Model/algae_bloom_dataset\train\algae_bloom_2413.png,0
C:/Users/somal/OneDrive/Desktop/Capstone_Model/algae_bloom_dataset\train\algae_bloom_2414.png,1
C:/Users/somal/OneDrive/Desktop/Capstone_Model/algae_bloom_dataset\train\algae_bloom_2415.png,0
C:/Users/somal/OneDrive/Desktop/Capstone_Model/algae_bloom_dataset\train\algae_bloom_2416.png,1
C:/Users/somal/OneDrive/Desktop/Capstone_Model/algae_bloom_dataset\train\algae_bloom_2417.png,1
C:/Users/somal/OneDrive/Desktop/Capstone_Model/algae_bloom_dataset\train\algae_bloom_2418.png,1
C:/Users/somal/OneDrive/Desktop/Capstone_Model/algae_bloom_dataset\train\algae_bloom_2419.png,1
C:/Users/somal/OneDrive/Desktop/Capstone_Model/algae_bloom_dataset\train\algae_bloom_242.png,0
C:/Users/somal/OneDrive/Desktop/Capstone_Model/algae_bloom_dataset\train\algae_bloom_2420.png,1
C:/Users/somal/OneDrive/Desktop/Capstone_Model/algae_bloom_dataset\train\algae_bloom_2421.png,0
C:/Users/somal/OneDrive/Desktop/Capstone_Model/algae_bloom_dataset\train\algae_bloom_2422.png,0
C:/Users/somal/OneDrive/Desktop/Capstone_Model/algae_bloom_dataset\train\algae_bloom_2423.png,0
C:/Users/somal/OneDrive/Desktop/Capstone_Model/algae_bloom_dataset\train\algae_bloom_2424.png,0
C:/Users/somal/OneDrive/Desktop/Capstone_Model/algae_bloom_dataset\train\algae_bloom_2425.png,0
C:/Users/somal/OneDrive/Desktop/Capstone_Model/algae_bloom_dataset\train\algae_bloom_2426.png,1
C:/Users/somal/OneDrive/Desktop/Capstone_Model/algae_bloom_dataset\train\algae_bloom_2427.png,1
C:/Users/somal/OneDrive/Desktop/Capstone_Model/algae_bloom_dataset\train\algae_bloom_2428.png,1
C:/Users/somal/OneDrive/Desktop/Capstone_Model/algae_bloom_dataset\train\algae_bloom_2429.png,0
C:/Users/somal/OneDrive/Desktop/Capstone_Model/algae_bloom_dataset\train\algae_bloom_243.png,1
C:/Users/somal/OneDrive/Desktop/Capstone_Model/algae_bloom_dataset\train\algae_bloom_2430.png,0
C:/Users/somal/OneDrive/Desktop/Capstone_Model/algae_bloom_dataset\train\algae_bloom_2431.png,1
C:/Users/somal/OneDrive/Desktop/Capstone_Model/algae_bloom_dataset\train\algae_bloom_2432.png,0
C:/Users/somal/OneDrive/Desktop/Capstone_Model/algae_bloom_dataset\train\algae_bloom_2433.png,0
C:/Users/somal/OneDrive/Desktop/Capstone_Model/algae_bloom_dataset\train\algae_bloom_2434.png,0
C:/Users/somal/OneDrive/Desktop/Capstone_Model/algae_bloom_dataset\train\algae_bloom_2435.png,0
C:/Users/somal/OneDrive/Desktop/Capstone_Model/algae_bloom_dataset\train\algae_bloom_2436.png,0
C:/Users/somal/OneDrive/Desktop/Capstone_Model/algae_bloom_dataset\train\algae_bloom_2437.png,1
C:/Users/somal/OneDrive/Desktop/Capstone_Model/algae_bloom_dataset\train\algae_bloom_2438.png,0
C:/Users/somal/OneDrive/Desktop/Capstone_Model/algae_bloom_dataset\train\algae_bloom_2439.png,0
C:/Users/somal/OneDrive/Desktop/Capstone_Model/algae_bloom_dataset\train\algae_bloom_244.png,0
C:/Users/somal/OneDrive/Desktop/Capstone_Model/algae_bloom_dataset\train\algae_bloom_2440.png,0
C:/Users/somal/OneDrive/Desktop/Capstone_Model/algae_bloom_dataset\train\algae_bloom_2441.png,0
C:/Users/somal/OneDrive/Desktop/Capstone_Model/algae_bloom_dataset\train\algae_bloom_2442.png,0
C:/Users/somal/OneDrive/Desktop/Capstone_Model/algae_bloom_dataset\train\algae_bloom_2443.png,0
C:/Users/somal/OneDrive/Desktop/Capstone_Model/algae_bloom_dataset\train\algae_bloom_2444.png,0
C:/Users/somal/OneDrive/Desktop/Capstone_Model/algae_bloom_dataset\train\algae_bloom_2445.png,0
C:/Users/somal/OneDrive/Desktop/Capstone_Model/algae_bloom_dataset\train\algae_bloom_2446.png,1
C:/Users/somal/OneDrive/Desktop/Capstone_Model/algae_bloom_dataset\train\algae_bloom_2447.png,1
C:/Users/somal/OneDrive/Desktop/Capstone_Model/algae_bloom_dataset\train\algae_bloom_2448.png,0
C:/Users/somal/OneDrive/Desktop/Capstone_Model/algae_bloom_dataset\train\algae_bloom_2449.png,1
C:/Users/somal/OneDrive/Desktop/Capstone_Model/algae_bloom_dataset\train\algae_bloom_245.png,0
C:/Users/somal/OneDrive/Desktop/Capstone_Model/algae_bloom_dataset\train\algae_bloom_2450.png,0
C:/Users/somal/OneDrive/Desktop/Capstone_Model/algae_bloom_dataset\train\algae_bloom_2451.png,0
C:/Users/somal/OneDrive/Desktop/Capstone_Model/algae_bloom_dataset\train\algae_bloom_2452.png,1
C:/Users/somal/OneDrive/Desktop/Capstone_Model/algae_bloom_dataset\train\algae_bloom_2453.png,0
C:/Users/somal/OneDrive/Desktop/Capstone_Model/algae_bloom_dataset\train\algae_bloom_2454.png,0
C:/Users/somal/OneDrive/Desktop/Capstone_Model/algae_bloom_dataset\train\algae_bloom_2455.png,0
C:/Users/somal/OneDrive/Desktop/Capstone_Model/algae_bloom_dataset\train\algae_bloom_2456.png,1
C:/Users/somal/OneDrive/Desktop/Capstone_Model/algae_bloom_dataset\train\algae_bloom_2457.png,0
C:/Users/somal/OneDrive/Desktop/Capstone_Model/algae_bloom_dataset\train\algae_bloom_2458.png,1
C:/Users/somal/OneDrive/Desktop/Capstone_Model/algae_bloom_dataset\train\algae_bloom_2459.png,0
C:/Users/somal/OneDrive/Desktop/Capstone_Model/algae_bloom_dataset\train\algae_bloom_246.png,1
C:/Users/somal/OneDrive/Desktop/Capstone_Model/algae_bloom_dataset\train\algae_bloom_2460.png,0
C:/Users/somal/OneDrive/Desktop/Capstone_Model/algae_bloom_dataset\train\algae_bloom_2461.png,0
C:/Users/somal/OneDrive/Desktop/Capstone_Model/algae_bloom_dataset\train\algae_bloom_2462.png,1
C:/Users/somal/OneDrive/Desktop/Capstone_Model/algae_bloom_dataset\train\algae_bloom_2463.png,1
C:/Users/somal/OneDrive/Desktop/Capstone_Model/algae_bloom_dataset\train\algae_bloom_2464.png,0
C:/Users/somal/OneDrive/Desktop/Capstone_Model/algae_bloom_dataset\train\algae_bloom_2465.png,0
C:/Users/somal/OneDrive/Desktop/Capstone_Model/algae_bloom_dataset\train\algae_bloom_2466.png,1
C:/Users/somal/OneDrive/Desktop/Capstone_Model/algae_bloom_dataset\train\algae_bloom_2467.png,0
C:/Users/somal/OneDrive/Desktop/Capstone_Model/algae_bloom_dataset\train\algae_bloom_2468.png,0
C:/Users/somal/OneDrive/Desktop/Capstone_Model/algae_bloom_dataset\train\algae_bloom_2469.png,0
C:/Users/somal/OneDrive/Desktop/Capstone_Model/algae_bloom_dataset\train\algae_bloom_247.png,1
C:/Users/somal/OneDrive/Desktop/Capstone_Model/algae_bloom_dataset\train\algae_bloom_2470.png,1
C:/Users/somal/OneDrive/Desktop/Capstone_Model/algae_bloom_dataset\train\algae_bloom_2471.png,0
C:/Users/somal/OneDrive/Desktop/Capstone_Model/algae_bloom_dataset\train\algae_bloom_2472.png,0
C:/Users/somal/OneDrive/Desktop/Capstone_Model/algae_bloom_dataset\train\algae_bloom_2473.png,0
C:/Users/somal/OneDrive/Desktop/Capstone_Model/algae_bloom_dataset\train\algae_bloom_2474.png,0
C:/Users/somal/OneDrive/Desktop/Capstone_Model/algae_bloom_dataset\train\algae_bloom_2475.png,1
C:/Users/somal/OneDrive/Desktop/Capstone_Model/algae_bloom_dataset\train\algae_bloom_2476.png,0
C:/Users/somal/OneDrive/Desktop/Capstone_Model/algae_bloom_dataset\train\algae_bloom_2477.png,0
C:/Users/somal/OneDrive/Desktop/Capstone_Model/algae_bloom_dataset\train\algae_bloom_2478.png,1
C:/Users/somal/OneDrive/Desktop/Capstone_Model/algae_bloom_dataset\train\algae_bloom_2479.png,1
C:/Users/somal/OneDrive/Desktop/Capstone_Model/algae_bloom_dataset\train\algae_bloom_248.png,1
C:/Users/somal/OneDrive/Desktop/Capstone_Model/algae_bloom_dataset\train\algae_bloom_2480.png,1
C:/Users/somal/OneDrive/Desktop/Capstone_Model/algae_bloom_dataset\train\algae_bloom_2481.png,0
C:/Users/somal/OneDrive/Desktop/Capstone_Model/algae_bloom_dataset\train\algae_bloom_2482.png,0
C:/Users/somal/OneDrive/Desktop/Capstone_Model/algae_bloom_dataset\train\algae_bloom_2483.png,0
C:/Users/somal/OneDrive/Desktop/Capstone_Model/algae_bloom_dataset\train\algae_bloom_2484.png,0
C:/Users/somal/OneDrive/Desktop/Capstone_Model/algae_bloom_dataset\train\algae_bloom_2485.png,1
C:/Users/somal/OneDrive/Desktop/Capstone_Model/algae_bloom_dataset\train\algae_bloom_2486.png,0
C:/Users/somal/OneDrive/Desktop/Capstone_Model/algae_bloom_dataset\train\algae_bloom_2487.png,1
C:/Users/somal/OneDrive/Desktop/Capstone_Model/algae_bloom_dataset\train\algae_bloom_2488.png,1
C:/Users/somal/OneDrive/Desktop/Capstone_Model/algae_bloom_dataset\train\algae_bloom_2489.png,1
C:/Users/somal/OneDrive/Desktop/Capstone_Model/algae_bloom_dataset\train\algae_bloom_249.png,0
C:/Users/somal/OneDrive/Desktop/Capstone_Model/algae_bloom_dataset\train\algae_bloom_2490.png,1
C:/Users/somal/OneDrive/Desktop/Capstone_Model/algae_bloom_dataset\train\algae_bloom_2491.png,0
C:/Users/somal/OneDrive/Desktop/Capstone_Model/algae_bloom_dataset\train\algae_bloom_2492.png,0
C:/Users/somal/OneDrive/Desktop/Capstone_Model/algae_bloom_dataset\train\algae_bloom_2493.png,0
C:/Users/somal/OneDrive/Desktop/Capstone_Model/algae_bloom_dataset\train\algae_bloom_2494.png,0
C:/Users/somal/OneDrive/Desktop/Capstone_Model/algae_bloom_dataset\train\algae_bloom_2495.png,0
C:/Users/somal/OneDrive/Desktop/Capstone_Model/algae_bloom_dataset\train\algae_bloom_2496.png,0
C:/Users/somal/OneDrive/Desktop/Capstone_Model/algae_bloom_dataset\train\algae_bloom_2497.png,0
C:/Users/somal/OneDrive/Desktop/Capstone_Model/algae_bloom_dataset\train\algae_bloom_2498.png,0
C:/Users/somal/OneDrive/Desktop/Capstone_Model/algae_bloom_dataset\train\algae_bloom_2499.png,0
C:/Users/somal/OneDrive/Desktop/Capstone_Model/algae_bloom_dataset\train\algae_bloom_25.png,0
C:/Users/somal/OneDrive/Desktop/Capstone_Model/algae_bloom_dataset\train\algae_bloom_250.png,0
C:/Users/somal/OneDrive/Desktop/Capstone_Model/algae_bloom_dataset\train\algae_bloom_2500.png,0
C:/Users/somal/OneDrive/Desktop/Capstone_Model/algae_bloom_dataset\train\algae_bloom_2501.png,0
C:/Users/somal/OneDrive/Desktop/Capstone_Model/algae_bloom_dataset\train\algae_bloom_2502.png,0
C:/Users/somal/OneDrive/Desktop/Capstone_Model/algae_bloom_dataset\train\algae_bloom_2503.png,0
C:/Users/somal/OneDrive/Desktop/Capstone_Model/algae_bloom_dataset\train\algae_bloom_2504.png,0
C:/Users/somal/OneDrive/Desktop/Capstone_Model/algae_bloom_dataset\train\algae_bloom_2505.png,0
C:/Users/somal/OneDrive/Desktop/Capstone_Model/algae_bloom_dataset\train\algae_bloom_2506.png,1
C:/Users/somal/OneDrive/Desktop/Capstone_Model/algae_bloom_dataset\train\algae_bloom_2507.png,1
C:/Users/somal/OneDrive/Desktop/Capstone_Model/algae_bloom_dataset\train\algae_bloom_2508.png,1
C:/Users/somal/OneDrive/Desktop/Capstone_Model/algae_bloom_dataset\train\algae_bloom_2509.png,0
C:/Users/somal/OneDrive/Desktop/Capstone_Model/algae_bloom_dataset\train\algae_bloom_251.png,0
C:/Users/somal/OneDrive/Desktop/Capstone_Model/algae_bloom_dataset\train\algae_bloom_2510.png,1
C:/Users/somal/OneDrive/Desktop/Capstone_Model/algae_bloom_dataset\train\algae_bloom_2511.png,0
C:/Users/somal/OneDrive/Desktop/Capstone_Model/algae_bloom_dataset\train\algae_bloom_2512.png,0
C:/Users/somal/OneDrive/Desktop/Capstone_Model/algae_bloom_dataset\train\algae_bloom_2513.png,1
C:/Users/somal/OneDrive/Desktop/Capstone_Model/algae_bloom_dataset\train\algae_bloom_2514.png,0
C:/Users/somal/OneDrive/Desktop/Capstone_Model/algae_bloom_dataset\train\algae_bloom_2515.png,0
C:/Users/somal/OneDrive/Desktop/Capstone_Model/algae_bloom_dataset\train\algae_bloom_2516.png,0
C:/Users/somal/OneDrive/Desktop/Capstone_Model/algae_bloom_dataset\train\algae_bloom_2517.png,0
C:/Users/somal/OneDrive/Desktop/Capstone_Model/algae_bloom_dataset\train\algae_bloom_2518.png,1
C:/Users/somal/OneDrive/Desktop/Capstone_Model/algae_bloom_dataset\train\algae_bloom_2519.png,0
C:/Users/somal/OneDrive/Desktop/Capstone_Model/algae_bloom_dataset\train\algae_bloom_252.png,1
C:/Users/somal/OneDrive/Desktop/Capstone_Model/algae_bloom_dataset\train\algae_bloom_2520.png,0
C:/Users/somal/OneDrive/Desktop/Capstone_Model/algae_bloom_dataset\train\algae_bloom_2521.png,0
C:/Users/somal/OneDrive/Desktop/Capstone_Model/algae_bloom_dataset\train\algae_bloom_2522.png,0
C:/Users/somal/OneDrive/Desktop/Capstone_Model/algae_bloom_dataset\train\algae_bloom_2523.png,0
C:/Users/somal/OneDrive/Desktop/Capstone_Model/algae_bloom_dataset\train\algae_bloom_2524.png,0
C:/Users/somal/OneDrive/Desktop/Capstone_Model/algae_bloom_dataset\train\algae_bloom_2525.png,0
C:/Users/somal/OneDrive/Desktop/Capstone_Model/algae_bloom_dataset\train\algae_bloom_2526.png,1
C:/Users/somal/OneDrive/Desktop/Capstone_Model/algae_bloom_dataset\train\algae_bloom_2527.png,1
C:/Users/somal/OneDrive/Desktop/Capstone_Model/algae_bloom_dataset\train\algae_bloom_2528.png,0
C:/Users/somal/OneDrive/Desktop/Capstone_Model/algae_bloom_dataset\train\algae_bloom_2529.png,0
C:/Users/somal/OneDrive/Desktop/Capstone_Model/algae_bloom_dataset\train\algae_bloom_253.png,0
C:/Users/somal/OneDrive/Desktop/Capstone_Model/algae_bloom_dataset\train\algae_bloom_2530.png,1
C:/Users/somal/OneDrive/Desktop/Capstone_Model/algae_bloom_dataset\train\algae_bloom_2531.png,1
C:/Users/somal/OneDrive/Desktop/Capstone_Model/algae_bloom_dataset\train\algae_bloom_2532.png,0
C:/Users/somal/OneDrive/Desktop/Capstone_Model/algae_bloom_dataset\train\algae_bloom_2533.png,0
C:/Users/somal/OneDrive/Desktop/Capstone_Model/algae_bloom_dataset\train\algae_bloom_2534.png,0
C:/Users/somal/OneDrive/Desktop/Capstone_Model/algae_bloom_dataset\train\algae_bloom_2535.png,0
C:/Users/somal/OneDrive/Desktop/Capstone_Model/algae_bloom_dataset\train\algae_bloom_2536.png,0
C:/Users/somal/OneDrive/Desktop/Capstone_Model/algae_bloom_dataset\train\algae_bloom_2537.png,1
C:/Users/somal/OneDrive/Desktop/Capstone_Model/algae_bloom_dataset\train\algae_bloom_2538.png,0
C:/Users/somal/OneDrive/Desktop/Capstone_Model/algae_bloom_dataset\train\algae_bloom_2539.png,0
C:/Users/somal/OneDrive/Desktop/Capstone_Model/algae_bloom_dataset\train\algae_bloom_254.png,0
C:/Users/somal/OneDrive/Desktop/Capstone_Model/algae_bloom_dataset\train\algae_bloom_2540.png,0
C:/Users/somal/OneDrive/Desktop/Capstone_Model/algae_bloom_dataset\train\algae_bloom_2541.png,0
C:/Users/somal/OneDrive/Desktop/Capstone_Model/algae_bloom_dataset\train\algae_bloom_2542.png,0
C:/Users/somal/OneDrive/Desktop/Capstone_Model/algae_bloom_dataset\train\algae_bloom_2543.png,0
C:/Users/somal/OneDrive/Desktop/Capstone_Model/algae_bloom_dataset\train\algae_bloom_2544.png,0
C:/Users/somal/OneDrive/Desktop/Capstone_Model/algae_bloom_dataset\train\algae_bloom_2545.png,0
C:/Users/somal/OneDrive/Desktop/Capstone_Model/algae_bloom_dataset\train\algae_bloom_2546.png,1
C:/Users/somal/OneDrive/Desktop/Capstone_Model/algae_bloom_dataset\train\algae_bloom_2547.png,1
C:/Users/somal/OneDrive/Desktop/Capstone_Model/algae_bloom_dataset\train\algae_bloom_2548.png,0
C:/Users/somal/OneDrive/Desktop/Capstone_Model/algae_bloom_dataset\train\algae_bloom_2549.png,1
C:/Users/somal/OneDrive/Desktop/Capstone_Model/algae_bloom_dataset\train\algae_bloom_255.png,0
C:/Users/somal/OneDrive/Desktop/Capstone_Model/algae_bloom_dataset\train\algae_bloom_2550.png,0
C:/Users/somal/OneDrive/Desktop/Capstone_Model/algae_bloom_dataset\train\algae_bloom_2551.png,0
C:/Users/somal/OneDrive/Desktop/Capstone_Model/algae_bloom_dataset\train\algae_bloom_2552.png,0
C:/Users/somal/OneDrive/Desktop/Capstone_Model/algae_bloom_dataset\train\algae_bloom_2553.png,1
C:/Users/somal/OneDrive/Desktop/Capstone_Model/algae_bloom_dataset\train\algae_bloom_2554.png,0
C:/Users/somal/OneDrive/Desktop/Capstone_Model/algae_bloom_dataset\train\algae_bloom_2555.png,0
C:/Users/somal/OneDrive/Desktop/Capstone_Model/algae_bloom_dataset\train\algae_bloom_2556.png,1
C:/Users/somal/OneDrive/Desktop/Capstone_Model/algae_bloom_dataset\train\algae_bloom_2557.png,1
C:/Users/somal/OneDrive/Desktop/Capstone_Model/algae_bloom_dataset\train\algae_bloom_2558.png,0
C:/Users/somal/OneDrive/Desktop/Capstone_Model/algae_bloom_dataset\train\algae_bloom_2559.png,0
C:/Users/somal/OneDrive/Desktop/Capstone_Model/algae_bloom_dataset\train\algae_bloom_256.png,0
C:/Users/somal/OneDrive/Desktop/Capstone_Model/algae_bloom_dataset\train\algae_bloom_2560.png,0
C:/Users/somal/OneDrive/Desktop/Capstone_Model/algae_bloom_dataset\train\algae_bloom_2561.png,1
C:/Users/somal/OneDrive/Desktop/Capstone_Model/algae_bloom_dataset\train\algae_bloom_2562.png,0
C:/Users/somal/OneDrive/Desktop/Capstone_Model/algae_bloom_dataset\train\algae_bloom_2563.png,0
C:/Users/somal/OneDrive/Desktop/Capstone_Model/algae_bloom_dataset\train\algae_bloom_2564.png,1
C:/Users/somal/OneDrive/Desktop/Capstone_Model/algae_bloom_dataset\train\algae_bloom_2565.png,0
C:/Users/somal/OneDrive/Desktop/Capstone_Model/algae_bloom_dataset\train\algae_bloom_2566.png,0
C:/Users/somal/OneDrive/Desktop/Capstone_Model/algae_bloom_dataset\train\algae_bloom_2567.png,1
C:/Users/somal/OneDrive/Desktop/Capstone_Model/algae_bloom_dataset\train\algae_bloom_2568.png,0
C:/Users/somal/OneDrive/Desktop/Capstone_Model/algae_bloom_dataset\train\algae_bloom_2569.png,0
C:/Users/somal/OneDrive/Desktop/Capstone_Model/algae_bloom_dataset\train\algae_bloom_257.png,0
C:/Users/somal/OneDrive/Desktop/Capstone_Model/algae_bloom_dataset\train\algae_bloom_2570.png,0
C:/Users/somal/OneDrive/Desktop/Capstone_Model/algae_bloom_dataset\train\algae_bloom_2571.png,0
C:/Users/somal/OneDrive/Desktop/Capstone_Model/algae_bloom_dataset\train\algae_bloom_2572.png,1
C:/Users/somal/OneDrive/Desktop/Capstone_Model/algae_bloom_dataset\train\algae_bloom_2573.png,1
C:/Users/somal/OneDrive/Desktop/Capstone_Model/algae_bloom_dataset\train\algae_bloom_2574.png,0
C:/Users/somal/OneDrive/Desktop/Capstone_Model/algae_bloom_dataset\train\algae_bloom_2575.png,0
C:/Users/somal/OneDrive/Desktop/Capstone_Model/algae_bloom_dataset\train\algae_bloom_2576.png,0
C:/Users/somal/OneDrive/Desktop/Capstone_Model/algae_bloom_dataset\train\algae_bloom_2577.png,0
C:/Users/somal/OneDrive/Desktop/Capstone_Model/algae_bloom_dataset\train\algae_bloom_2578.png,0
C:/Users/somal/OneDrive/Desktop/Capstone_Model/algae_bloom_dataset\train\algae_bloom_2579.png,0
C:/Users/somal/OneDrive/Desktop/Capstone_Model/algae_bloom_dataset\train\algae_bloom_258.png,0
C:/Users/somal/OneDrive/Desktop/Capstone_Model/algae_bloom_dataset\train\algae_bloom_2580.png,0
C:/Users/somal/OneDrive/Desktop/Capstone_Model/algae_bloom_dataset\train\algae_bloom_2581.png,0
C:/Users/somal/OneDrive/Desktop/Capstone_Model/algae_bloom_dataset\train\algae_bloom_2582.png,0
C:/Users/somal/OneDrive/Desktop/Capstone_Model/algae_bloom_dataset\train\algae_bloom_2583.png,0
C:/Users/somal/OneDrive/Desktop/Capstone_Model/algae_bloom_dataset\train\algae_bloom_2584.png,0
C:/Users/somal/OneDrive/Desktop/Capstone_Model/algae_bloom_dataset\train\algae_bloom_2585.png,1
C:/Users/somal/OneDrive/Desktop/Capstone_Model/algae_bloom_dataset\train\algae_bloom_2586.png,0
C:/Users/somal/OneDrive/Desktop/Capstone_Model/algae_bloom_dataset\train\algae_bloom_2587.png,1
C:/Users/somal/OneDrive/Desktop/Capstone_Model/algae_bloom_dataset\train\algae_bloom_2588.png,0
C:/Users/somal/OneDrive/Desktop/Capstone_Model/algae_bloom_dataset\train\algae_bloom_2589.png,1
C:/Users/somal/OneDrive/Desktop/Capstone_Model/algae_bloom_dataset\train\algae_bloom_259.png,0
C:/Users/somal/OneDrive/Desktop/Capstone_Model/algae_bloom_dataset\train\algae_bloom_2590.png,0
C:/Users/somal/OneDrive/Desktop/Capstone_Model/algae_bloom_dataset\train\algae_bloom_2591.png,1
C:/Users/somal/OneDrive/Desktop/Capstone_Model/algae_bloom_dataset\train\algae_bloom_2592.png,0
C:/Users/somal/OneDrive/Desktop/Capstone_Model/algae_bloom_dataset\train\algae_bloom_2593.png,0
C:/Users/somal/OneDrive/Desktop/Capstone_Model/algae_bloom_dataset\train\algae_bloom_2594.png,0
C:/Users/somal/OneDrive/Desktop/Capstone_Model/algae_bloom_dataset\train\algae_bloom_2595.png,0
C:/Users/somal/OneDrive/Desktop/Capstone_Model/algae_bloom_dataset\train\algae_bloom_2596.png,0
C:/Users/somal/OneDrive/Desktop/Capstone_Model/algae_bloom_dataset\train\algae_bloom_2597.png,1
C:/Users/somal/OneDrive/Desktop/Capstone_Model/algae_bloom_dataset\train\algae_bloom_2598.png,1
C:/Users/somal/OneDrive/Desktop/Capstone_Model/algae_bloom_dataset\train\algae_bloom_2599.png,1
C:/Users/somal/OneDrive/Desktop/Capstone_Model/algae_bloom_dataset\train\algae_bloom_26.png,0
C:/Users/somal/OneDrive/Desktop/Capstone_Model/algae_bloom_dataset\train\algae_bloom_260.png,0
C:/Users/somal/OneDrive/Desktop/Capstone_Model/algae_bloom_dataset\train\algae_bloom_2600.png,1
C:/Users/somal/OneDrive/Desktop/Capstone_Model/algae_bloom_dataset\train\algae_bloom_2601.png,0
C:/Users/somal/OneDrive/Desktop/Capstone_Model/algae_bloom_dataset\train\algae_bloom_2602.png,0
C:/Users/somal/OneDrive/Desktop/Capstone_Model/algae_bloom_dataset\train\algae_bloom_2603.png,0
C:/Users/somal/OneDrive/Desktop/Capstone_Model/algae_bloom_dataset\train\algae_bloom_2604.png,0
C:/Users/somal/OneDrive/Desktop/Capstone_Model/algae_bloom_dataset\train\algae_bloom_2605.png,0
C:/Users/somal/OneDrive/Desktop/Capstone_Model/algae_bloom_dataset\train\algae_bloom_2606.png,0
C:/Users/somal/OneDrive/Desktop/Capstone_Model/algae_bloom_dataset\train\algae_bloom_2607.png,0
C:/Users/somal/OneDrive/Desktop/Capstone_Model/algae_bloom_dataset\train\algae_bloom_2608.png,1
C:/Users/somal/OneDrive/Desktop/Capstone_Model/algae_bloom_dataset\train\algae_bloom_2609.png,0
C:/Users/somal/OneDrive/Desktop/Capstone_Model/algae_bloom_dataset\train\algae_bloom_261.png,0
C:/Users/somal/OneDrive/Desktop/Capstone_Model/algae_bloom_dataset\train\algae_bloom_2610.png,0
C:/Users/somal/OneDrive/Desktop/Capstone_Model/algae_bloom_dataset\train\algae_bloom_2611.png,0
C:/Users/somal/OneDrive/Desktop/Capstone_Model/algae_bloom_dataset\train\algae_bloom_2612.png,1
C:/Users/somal/OneDrive/Desktop/Capstone_Model/algae_bloom_dataset\train\algae_bloom_2613.png,0
C:/Users/somal/OneDrive/Desktop/Capstone_Model/algae_bloom_dataset\train\algae_bloom_2614.png,0
C:/Users/somal/OneDrive/Desktop/Capstone_Model/algae_bloom_dataset\train\algae_bloom_2615.png,0
C:/Users/somal/OneDrive/Desktop/Capstone_Model/algae_bloom_dataset\train\algae_bloom_2616.png,0
C:/Users/somal/OneDrive/Desktop/Capstone_Model/algae_bloom_dataset\train\algae_bloom_2617.png,0
C:/Users/somal/OneDrive/Desktop/Capstone_Model/algae_bloom_dataset\train\algae_bloom_2618.png,0
C:/Users/somal/OneDrive/Desktop/Capstone_Model/algae_bloom_dataset\train\algae_bloom_2619.png,1
C:/Users/somal/OneDrive/Desktop/Capstone_Model/algae_bloom_dataset\train\algae_bloom_262.png,0
C:/Users/somal/OneDrive/Desktop/Capstone_Model/algae_bloom_dataset\train\algae_bloom_2620.png,1
C:/Users/somal/OneDrive/Desktop/Capstone_Model/algae_bloom_dataset\train\algae_bloom_2621.png,0
C:/Users/somal/OneDrive/Desktop/Capstone_Model/algae_bloom_dataset\train\algae_bloom_2622.png,0
C:/Users/somal/OneDrive/Desktop/Capstone_Model/algae_bloom_dataset\train\algae_bloom_2623.png,0
C:/Users/somal/OneDrive/Desktop/Capstone_Model/algae_bloom_dataset\train\algae_bloom_2624.png,0
C:/Users/somal/OneDrive/Desktop/Capstone_Model/algae_bloom_dataset\train\algae_bloom_2625.png,1
C:/Users/somal/OneDrive/Desktop/Capstone_Model/algae_bloom_dataset\train\algae_bloom_2626.png,1
C:/Users/somal/OneDrive/Desktop/Capstone_Model/algae_bloom_dataset\train\algae_bloom_2627.png,1
C:/Users/somal/OneDrive/Desktop/Capstone_Model/algae_bloom_dataset\train\algae_bloom_2628.png,1
C:/Users/somal/OneDrive/Desktop/Capstone_Model/algae_bloom_dataset\train\algae_bloom_2629.png,1
C:/Users/somal/OneDrive/Desktop/Capstone_Model/algae_bloom_dataset\train\algae_bloom_263.png,1
C:/Users/somal/OneDrive/Desktop/Capstone_Model/algae_bloom_dataset\train\algae_bloom_2630.png,0
C:/Users/somal/OneDrive/Desktop/Capstone_Model/algae_bloom_dataset\train\algae_bloom_2631.png,0
C:/Users/somal/OneDrive/Desktop/Capstone_Model/algae_bloom_dataset\train\algae_bloom_2632.png,0
C:/Users/somal/OneDrive/Desktop/Capstone_Model/algae_bloom_dataset\train\algae_bloom_2633.png,0
C:/Users/somal/OneDrive/Desktop/Capstone_Model/algae_bloom_dataset\train\algae_bloom_2634.png,0
C:/Users/somal/OneDrive/Desktop/Capstone_Model/algae_bloom_dataset\train\algae_bloom_2635.png,0
C:/Users/somal/OneDrive/Desktop/Capstone_Model/algae_bloom_dataset\train\algae_bloom_2636.png,1
C:/Users/somal/OneDrive/Desktop/Capstone_Model/algae_bloom_dataset\train\algae_bloom_2637.png,0
C:/Users/somal/OneDrive/Desktop/Capstone_Model/algae_bloom_dataset\train\algae_bloom_2638.png,0
C:/Users/somal/OneDrive/Desktop/Capstone_Model/algae_bloom_dataset\train\algae_bloom_2639.png,0
C:/Users/somal/OneDrive/Desktop/Capstone_Model/algae_bloom_dataset\train\algae_bloom_264.png,0
C:/Users/somal/OneDrive/Desktop/Capstone_Model/algae_bloom_dataset\train\algae_bloom_2640.png,1
C:/Users/somal/OneDrive/Desktop/Capstone_Model/algae_bloom_dataset\train\algae_bloom_2641.png,1
C:/Users/somal/OneDrive/Desktop/Capstone_Model/algae_bloom_dataset\train\algae_bloom_2642.png,0
C:/Users/somal/OneDrive/Desktop/Capstone_Model/algae_bloom_dataset\train\algae_bloom_2643.png,1
C:/Users/somal/OneDrive/Desktop/Capstone_Model/algae_bloom_dataset\train\algae_bloom_2644.png,0
C:/Users/somal/OneDrive/Desktop/Capstone_Model/algae_bloom_dataset\train\algae_bloom_2645.png,1
C:/Users/somal/OneDrive/Desktop/Capstone_Model/algae_bloom_dataset\train\algae_bloom_2646.png,0
C:/Users/somal/OneDrive/Desktop/Capstone_Model/algae_bloom_dataset\train\algae_bloom_2647.png,0
C:/Users/somal/OneDrive/Desktop/Capstone_Model/algae_bloom_dataset\train\algae_bloom_2648.png,0
C:/Users/somal/OneDrive/Desktop/Capstone_Model/algae_bloom_dataset\train\algae_bloom_2649.png,0
C:/Users/somal/OneDrive/Desktop/Capstone_Model/algae_bloom_dataset\train\algae_bloom_265.png,0
C:/Users/somal/OneDrive/Desktop/Capstone_Model/algae_bloom_dataset\train\algae_bloom_2650.png,1
C:/Users/somal/OneDrive/Desktop/Capstone_Model/algae_bloom_dataset\train\algae_bloom_2651.png,0
C:/Users/somal/OneDrive/Desktop/Capstone_Model/algae_bloom_dataset\train\algae_bloom_2652.png,0
C:/Users/somal/OneDrive/Desktop/Capstone_Model/algae_bloom_dataset\train\algae_bloom_2653.png,1
C:/Users/somal/OneDrive/Desktop/Capstone_Model/algae_bloom_dataset\train\algae_bloom_2654.png,1
C:/Users/somal/OneDrive/Desktop/Capstone_Model/algae_bloom_dataset\train\algae_bloom_2655.png,0
C:/Users/somal/OneDrive/Desktop/Capstone_Model/algae_bloom_dataset\train\algae_bloom_2656.png,1
C:/Users/somal/OneDrive/Desktop/Capstone_Model/algae_bloom_dataset\train\algae_bloom_2657.png,0
C:/Users/somal/OneDrive/Desktop/Capstone_Model/algae_bloom_dataset\train\algae_bloom_2658.png,0
C:/Users/somal/OneDrive/Desktop/Capstone_Model/algae_bloom_dataset\train\algae_bloom_2659.png,1
C:/Users/somal/OneDrive/Desktop/Capstone_Model/algae_bloom_dataset\train\algae_bloom_266.png,0
C:/Users/somal/OneDrive/Desktop/Capstone_Model/algae_bloom_dataset\train\algae_bloom_2660.png,0
C:/Users/somal/OneDrive/Desktop/Capstone_Model/algae_bloom_dataset\train\algae_bloom_2661.png,1
C:/Users/somal/OneDrive/Desktop/Capstone_Model/algae_bloom_dataset\train\algae_bloom_2662.png,0
C:/Users/somal/OneDrive/Desktop/Capstone_Model/algae_bloom_dataset\train\algae_bloom_2663.png,1
C:/Users/somal/OneDrive/Desktop/Capstone_Model/algae_bloom_dataset\train\algae_bloom_2664.png,0
C:/Users/somal/OneDrive/Desktop/Capstone_Model/algae_bloom_dataset\train\algae_bloom_2665.png,0
C:/Users/somal/OneDrive/Desktop/Capstone_Model/algae_bloom_dataset\train\algae_bloom_2666.png,0
C:/Users/somal/OneDrive/Desktop/Capstone_Model/algae_bloom_dataset\train\algae_bloom_2667.png,1
C:/Users/somal/OneDrive/Desktop/Capstone_Model/algae_bloom_dataset\train\algae_bloom_2668.png,0
C:/Users/somal/OneDrive/Desktop/Capstone_Model/algae_bloom_dataset\train\algae_bloom_2669.png,0
C:/Users/somal/OneDrive/Desktop/Capstone_Model/algae_bloom_dataset\train\algae_bloom_267.png,0
C:/Users/somal/OneDrive/Desktop/Capstone_Model/algae_bloom_dataset\train\algae_bloom_2670.png,0
C:/Users/somal/OneDrive/Desktop/Capstone_Model/algae_bloom_dataset\train\algae_bloom_2671.png,0
C:/Users/somal/OneDrive/Desktop/Capstone_Model/algae_bloom_dataset\train\algae_bloom_2672.png,0
C:/Users/somal/OneDrive/Desktop/Capstone_Model/algae_bloom_dataset\train\algae_bloom_2673.png,1
C:/Users/somal/OneDrive/Desktop/Capstone_Model/algae_bloom_dataset\train\algae_bloom_2674.png,0
C:/Users/somal/OneDrive/Desktop/Capstone_Model/algae_bloom_dataset\train\algae_bloom_2675.png,0
C:/Users/somal/OneDrive/Desktop/Capstone_Model/algae_bloom_dataset\train\algae_bloom_2676.png,0
C:/Users/somal/OneDrive/Desktop/Capstone_Model/algae_bloom_dataset\train\algae_bloom_2677.png,0
C:/Users/somal/OneDrive/Desktop/Capstone_Model/algae_bloom_dataset\train\algae_bloom_2678.png,1
C:/Users/somal/OneDrive/Desktop/Capstone_Model/algae_bloom_dataset\train\algae_bloom_2679.png,1
C:/Users/somal/OneDrive/Desktop/Capstone_Model/algae_bloom_dataset\train\algae_bloom_268.png,0
C:/Users/somal/OneDrive/Desktop/Capstone_Model/algae_bloom_dataset\train\algae_bloom_2680.png,0
C:/Users/somal/OneDrive/Desktop/Capstone_Model/algae_bloom_dataset\train\algae_bloom_2681.png,1
C:/Users/somal/OneDrive/Desktop/Capstone_Model/algae_bloom_dataset\train\algae_bloom_2682.png,0
C:/Users/somal/OneDrive/Desktop/Capstone_Model/algae_bloom_dataset\train\algae_bloom_2683.png,0
C:/Users/somal/OneDrive/Desktop/Capstone_Model/algae_bloom_dataset\train\algae_bloom_2684.png,1
C:/Users/somal/OneDrive/Desktop/Capstone_Model/algae_bloom_dataset\train\algae_bloom_2685.png,0
C:/Users/somal/OneDrive/Desktop/Capstone_Model/algae_bloom_dataset\train\algae_bloom_2686.png,1
C:/Users/somal/OneDrive/Desktop/Capstone_Model/algae_bloom_dataset\train\algae_bloom_2687.png,0
C:/Users/somal/OneDrive/Desktop/Capstone_Model/algae_bloom_dataset\train\algae_bloom_2688.png,0
C:/Users/somal/OneDrive/Desktop/Capstone_Model/algae_bloom_dataset\train\algae_bloom_2689.png,1
C:/Users/somal/OneDrive/Desktop/Capstone_Model/algae_bloom_dataset\train\algae_bloom_269.png,0
C:/Users/somal/OneDrive/Desktop/Capstone_Model/algae_bloom_dataset\train\algae_bloom_2690.png,0
C:/Users/somal/OneDrive/Desktop/Capstone_Model/algae_bloom_dataset\train\algae_bloom_2691.png,1
C:/Users/somal/OneDrive/Desktop/Capstone_Model/algae_bloom_dataset\train\algae_bloom_2692.png,0
C:/Users/somal/OneDrive/Desktop/Capstone_Model/algae_bloom_dataset\train\algae_bloom_2693.png,0
C:/Users/somal/OneDrive/Desktop/Capstone_Model/algae_bloom_dataset\train\algae_bloom_2694.png,0
C:/Users/somal/OneDrive/Desktop/Capstone_Model/algae_bloom_dataset\train\algae_bloom_2695.png,1
C:/Users/somal/OneDrive/Desktop/Capstone_Model/algae_bloom_dataset\train\algae_bloom_2696.png,0
C:/Users/somal/OneDrive/Desktop/Capstone_Model/algae_bloom_dataset\train\algae_bloom_2697.png,0
C:/Users/somal/OneDrive/Desktop/Capstone_Model/algae_bloom_dataset\train\algae_bloom_2698.png,0
C:/Users/somal/OneDrive/Desktop/Capstone_Model/algae_bloom_dataset\train\algae_bloom_2699.png,0
C:/Users/somal/OneDrive/Desktop/Capstone_Model/algae_bloom_dataset\train\algae_bloom_27.png,0
C:/Users/somal/OneDrive/Desktop/Capstone_Model/algae_bloom_dataset\train\algae_bloom_270.png,0
C:/Users/somal/OneDrive/Desktop/Capstone_Model/algae_bloom_dataset\train\algae_bloom_2700.png,1
C:/Users/somal/OneDrive/Desktop/Capstone_Model/algae_bloom_dataset\train\algae_bloom_2701.png,0
C:/Users/somal/OneDrive/Desktop/Capstone_Model/algae_bloom_dataset\train\algae_bloom_2702.png,0
C:/Users/somal/OneDrive/Desktop/Capstone_Model/algae_bloom_dataset\train\algae_bloom_2703.png,1
C:/Users/somal/OneDrive/Desktop/Capstone_Model/algae_bloom_dataset\train\algae_bloom_2704.png,1
C:/Users/somal/OneDrive/Desktop/Capstone_Model/algae_bloom_dataset\train\algae_bloom_2705.png,0
C:/Users/somal/OneDrive/Desktop/Capstone_Model/algae_bloom_dataset\train\algae_bloom_2706.png,1
C:/Users/somal/OneDrive/Desktop/Capstone_Model/algae_bloom_dataset\train\algae_bloom_2707.png,0
C:/Users/somal/OneDrive/Desktop/Capstone_Model/algae_bloom_dataset\train\algae_bloom_2708.png,0
C:/Users/somal/OneDrive/Desktop/Capstone_Model/algae_bloom_dataset\train\algae_bloom_2709.png,0
C:/Users/somal/OneDrive/Desktop/Capstone_Model/algae_bloom_dataset\train\algae_bloom_271.png,0
C:/Users/somal/OneDrive/Desktop/Capstone_Model/algae_bloom_dataset\train\algae_bloom_2710.png,0
C:/Users/somal/OneDrive/Desktop/Capstone_Model/algae_bloom_dataset\train\algae_bloom_2711.png,0
C:/Users/somal/OneDrive/Desktop/Capstone_Model/algae_bloom_dataset\train\algae_bloom_2712.png,0
C:/Users/somal/OneDrive/Desktop/Capstone_Model/algae_bloom_dataset\train\algae_bloom_2713.png,0
C:/Users/somal/OneDrive/Desktop/Capstone_Model/algae_bloom_dataset\train\algae_bloom_2714.png,0
C:/Users/somal/OneDrive/Desktop/Capstone_Model/algae_bloom_dataset\train\algae_bloom_2715.png,0
C:/Users/somal/OneDrive/Desktop/Capstone_Model/algae_bloom_dataset\train\algae_bloom_2716.png,1
C:/Users/somal/OneDrive/Desktop/Capstone_Model/algae_bloom_dataset\train\algae_bloom_2717.png,0
C:/Users/somal/OneDrive/Desktop/Capstone_Model/algae_bloom_dataset\train\algae_bloom_2718.png,0
C:/Users/somal/OneDrive/Desktop/Capstone_Model/algae_bloom_dataset\train\algae_bloom_2719.png,0
C:/Users/somal/OneDrive/Desktop/Capstone_Model/algae_bloom_dataset\train\algae_bloom_272.png,1
C:/Users/somal/OneDrive/Desktop/Capstone_Model/algae_bloom_dataset\train\algae_bloom_2720.png,0
C:/Users/somal/OneDrive/Desktop/Capstone_Model/algae_bloom_dataset\train\algae_bloom_2721.png,0
C:/Users/somal/OneDrive/Desktop/Capstone_Model/algae_bloom_dataset\train\algae_bloom_2722.png,0
C:/Users/somal/OneDrive/Desktop/Capstone_Model/algae_bloom_dataset\train\algae_bloom_2723.png,0
C:/Users/somal/OneDrive/Desktop/Capstone_Model/algae_bloom_dataset\train\algae_bloom_2724.png,0
C:/Users/somal/OneDrive/Desktop/Capstone_Model/algae_bloom_dataset\train\algae_bloom_2725.png,0
C:/Users/somal/OneDrive/Desktop/Capstone_Model/algae_bloom_dataset\train\algae_bloom_2726.png,0
C:/Users/somal/OneDrive/Desktop/Capstone_Model/algae_bloom_dataset\train\algae_bloom_2727.png,0
C:/Users/somal/OneDrive/Desktop/Capstone_Model/algae_bloom_dataset\train\algae_bloom_2728.png,0
C:/Users/somal/OneDrive/Desktop/Capstone_Model/algae_bloom_dataset\train\algae_bloom_2729.png,0
C:/Users/somal/OneDrive/Desktop/Capstone_Model/algae_bloom_dataset\train\algae_bloom_273.png,1
C:/Users/somal/OneDrive/Desktop/Capstone_Model/algae_bloom_dataset\train\algae_bloom_2730.png,0
C:/Users/somal/OneDrive/Desktop/Capstone_Model/algae_bloom_dataset\train\algae_bloom_2731.png,0
C:/Users/somal/OneDrive/Desktop/Capstone_Model/algae_bloom_dataset\train\algae_bloom_2732.png,1
C:/Users/somal/OneDrive/Desktop/Capstone_Model/algae_bloom_dataset\train\algae_bloom_2733.png,0
C:/Users/somal/OneDrive/Desktop/Capstone_Model/algae_bloom_dataset\train\algae_bloom_2734.png,0
C:/Users/somal/OneDrive/Desktop/Capstone_Model/algae_bloom_dataset\train\algae_bloom_2735.png,0
C:/Users/somal/OneDrive/Desktop/Capstone_Model/algae_bloom_dataset\train\algae_bloom_2736.png,0
C:/Users/somal/OneDrive/Desktop/Capstone_Model/algae_bloom_dataset\train\algae_bloom_2737.png,0
C:/Users/somal/OneDrive/Desktop/Capstone_Model/algae_bloom_dataset\train\algae_bloom_2738.png,0
C:/Users/somal/OneDrive/Desktop/Capstone_Model/algae_bloom_dataset\train\algae_bloom_2739.png,1
C:/Users/somal/OneDrive/Desktop/Capstone_Model/algae_bloom_dataset\train\algae_bloom_274.png,1
C:/Users/somal/OneDrive/Desktop/Capstone_Model/algae_bloom_dataset\train\algae_bloom_2740.png,1
C:/Users/somal/OneDrive/Desktop/Capstone_Model/algae_bloom_dataset\train\algae_bloom_2741.png,1
C:/Users/somal/OneDrive/Desktop/Capstone_Model/algae_bloom_dataset\train\algae_bloom_2742.png,0
C:/Users/somal/OneDrive/Desktop/Capstone_Model/algae_bloom_dataset\train\algae_bloom_2743.png,0
C:/Users/somal/OneDrive/Desktop/Capstone_Model/algae_bloom_dataset\train\algae_bloom_2744.png,0
C:/Users/somal/OneDrive/Desktop/Capstone_Model/algae_bloom_dataset\train\algae_bloom_2745.png,0
C:/Users/somal/OneDrive/Desktop/Capstone_Model/algae_bloom_dataset\train\algae_bloom_2746.png,0
C:/Users/somal/OneDrive/Desktop/Capstone_Model/algae_bloom_dataset\train\algae_bloom_2747.png,0
C:/Users/somal/OneDrive/Desktop/Capstone_Model/algae_bloom_dataset\train\algae_bloom_2748.png,1
C:/Users/somal/OneDrive/Desktop/Capstone_Model/algae_bloom_dataset\train\algae_bloom_2749.png,0
C:/Users/somal/OneDrive/Desktop/Capstone_Model/algae_bloom_dataset\train\algae_bloom_275.png,1
C:/Users/somal/OneDrive/Desktop/Capstone_Model/algae_bloom_dataset\train\algae_bloom_2750.png,1
C:/Users/somal/OneDrive/Desktop/Capstone_Model/algae_bloom_dataset\train\algae_bloom_2751.png,0
C:/Users/somal/OneDrive/Desktop/Capstone_Model/algae_bloom_dataset\train\algae_bloom_2752.png,0
C:/Users/somal/OneDrive/Desktop/Capstone_Model/algae_bloom_dataset\train\algae_bloom_2753.png,0
C:/Users/somal/OneDrive/Desktop/Capstone_Model/algae_bloom_dataset\train\algae_bloom_2754.png,0
C:/Users/somal/OneDrive/Desktop/Capstone_Model/algae_bloom_dataset\train\algae_bloom_2755.png,0
C:/Users/somal/OneDrive/Desktop/Capstone_Model/algae_bloom_dataset\train\algae_bloom_2756.png,0
C:/Users/somal/OneDrive/Desktop/Capstone_Model/algae_bloom_dataset\train\algae_bloom_2757.png,0
C:/Users/somal/OneDrive/Desktop/Capstone_Model/algae_bloom_dataset\train\algae_bloom_2758.png,0
C:/Users/somal/OneDrive/Desktop/Capstone_Model/algae_bloom_dataset\train\algae_bloom_2759.png,0
C:/Users/somal/OneDrive/Desktop/Capstone_Model/algae_bloom_dataset\train\algae_bloom_276.png,0
C:/Users/somal/OneDrive/Desktop/Capstone_Model/algae_bloom_dataset\train\algae_bloom_2760.png,0
C:/Users/somal/OneDrive/Desktop/Capstone_Model/algae_bloom_dataset\train\algae_bloom_2761.png,0
C:/Users/somal/OneDrive/Desktop/Capstone_Model/algae_bloom_dataset\train\algae_bloom_2762.png,1
C:/Users/somal/OneDrive/Desktop/Capstone_Model/algae_bloom_dataset\train\algae_bloom_2763.png,0
C:/Users/somal/OneDrive/Desktop/Capstone_Model/algae_bloom_dataset\train\algae_bloom_2764.png,0
C:/Users/somal/OneDrive/Desktop/Capstone_Model/algae_bloom_dataset\train\algae_bloom_2765.png,0
C:/Users/somal/OneDrive/Desktop/Capstone_Model/algae_bloom_dataset\train\algae_bloom_2766.png,0
C:/Users/somal/OneDrive/Desktop/Capstone_Model/algae_bloom_dataset\train\algae_bloom_2767.png,1
C:/Users/somal/OneDrive/Desktop/Capstone_Model/algae_bloom_dataset\train\algae_bloom_2768.png,0
C:/Users/somal/OneDrive/Desktop/Capstone_Model/algae_bloom_dataset\train\algae_bloom_2769.png,1
C:/Users/somal/OneDrive/Desktop/Capstone_Model/algae_bloom_dataset\train\algae_bloom_277.png,0
C:/Users/somal/OneDrive/Desktop/Capstone_Model/algae_bloom_dataset\train\algae_bloom_2770.png,1
C:/Users/somal/OneDrive/Desktop/Capstone_Model/algae_bloom_dataset\train\algae_bloom_2771.png,1
C:/Users/somal/OneDrive/Desktop/Capstone_Model/algae_bloom_dataset\train\algae_bloom_2772.png,0
C:/Users/somal/OneDrive/Desktop/Capstone_Model/algae_bloom_dataset\train\algae_bloom_2773.png,0
C:/Users/somal/OneDrive/Desktop/Capstone_Model/algae_bloom_dataset\train\algae_bloom_2774.png,0
C:/Users/somal/OneDrive/Desktop/Capstone_Model/algae_bloom_dataset\train\algae_bloom_2775.png,0
C:/Users/somal/OneDrive/Desktop/Capstone_Model/algae_bloom_dataset\train\algae_bloom_2776.png,1
C:/Users/somal/OneDrive/Desktop/Capstone_Model/algae_bloom_dataset\train\algae_bloom_2777.png,0
C:/Users/somal/OneDrive/Desktop/Capstone_Model/algae_bloom_dataset\train\algae_bloom_2778.png,0
C:/Users/somal/OneDrive/Desktop/Capstone_Model/algae_bloom_dataset\train\algae_bloom_2779.png,0
C:/Users/somal/OneDrive/Desktop/Capstone_Model/algae_bloom_dataset\train\algae_bloom_278.png,0
C:/Users/somal/OneDrive/Desktop/Capstone_Model/algae_bloom_dataset\train\algae_bloom_2780.png,1
C:/Users/somal/OneDrive/Desktop/Capstone_Model/algae_bloom_dataset\train\algae_bloom_2781.png,0
C:/Users/somal/OneDrive/Desktop/Capstone_Model/algae_bloom_dataset\train\algae_bloom_2782.png,0
C:/Users/somal/OneDrive/Desktop/Capstone_Model/algae_bloom_dataset\train\algae_bloom_2783.png,0
C:/Users/somal/OneDrive/Desktop/Capstone_Model/algae_bloom_dataset\train\algae_bloom_2784.png,1
C:/Users/somal/OneDrive/Desktop/Capstone_Model/algae_bloom_dataset\train\algae_bloom_2785.png,0
C:/Users/somal/OneDrive/Desktop/Capstone_Model/algae_bloom_dataset\train\algae_bloom_2786.png,0
C:/Users/somal/OneDrive/Desktop/Capstone_Model/algae_bloom_dataset\train\algae_bloom_2787.png,0
C:/Users/somal/OneDrive/Desktop/Capstone_Model/algae_bloom_dataset\train\algae_bloom_2788.png,1
C:/Users/somal/OneDrive/Desktop/Capstone_Model/algae_bloom_dataset\train\algae_bloom_2789.png,1
C:/Users/somal/OneDrive/Desktop/Capstone_Model/algae_bloom_dataset\train\algae_bloom_279.png,1
C:/Users/somal/OneDrive/Desktop/Capstone_Model/algae_bloom_dataset\train\algae_bloom_2790.png,1
C:/Users/somal/OneDrive/Desktop/Capstone_Model/algae_bloom_dataset\train\algae_bloom_2791.png,1
C:/Users/somal/OneDrive/Desktop/Capstone_Model/algae_bloom_dataset\train\algae_bloom_2792.png,1
C:/Users/somal/OneDrive/Desktop/Capstone_Model/algae_bloom_dataset\train\algae_bloom_2793.png,0
C:/Users/somal/OneDrive/Desktop/Capstone_Model/algae_bloom_dataset\train\algae_bloom_2794.png,0
C:/Users/somal/OneDrive/Desktop/Capstone_Model/algae_bloom_dataset\train\algae_bloom_2795.png,0
C:/Users/somal/OneDrive/Desktop/Capstone_Model/algae_bloom_dataset\train\algae_bloom_2796.png,0
C:/Users/somal/OneDrive/Desktop/Capstone_Model/algae_bloom_dataset\train\algae_bloom_2797.png,1
C:/Users/somal/OneDrive/Desktop/Capstone_Model/algae_bloom_dataset\train\algae_bloom_2798.png,0
C:/Users/somal/OneDrive/Desktop/Capstone_Model/algae_bloom_dataset\train\algae_bloom_2799.png,1
C:/Users/somal/OneDrive/Desktop/Capstone_Model/algae_bloom_dataset\train\algae_bloom_28.png,1
C:/Users/somal/OneDrive/Desktop/Capstone_Model/algae_bloom_dataset\train\algae_bloom_280.png,1
C:/Users/somal/OneDrive/Desktop/Capstone_Model/algae_bloom_dataset\train\algae_bloom_2800.png,0
C:/Users/somal/OneDrive/Desktop/Capstone_Model/algae_bloom_dataset\train\algae_bloom_2801.png,0
C:/Users/somal/OneDrive/Desktop/Capstone_Model/algae_bloom_dataset\train\algae_bloom_2802.png,1
C:/Users/somal/OneDrive/Desktop/Capstone_Model/algae_bloom_dataset\train\algae_bloom_2803.png,1
C:/Users/somal/OneDrive/Desktop/Capstone_Model/algae_bloom_dataset\train\algae_bloom_2804.png,1
C:/Users/somal/OneDrive/Desktop/Capstone_Model/algae_bloom_dataset\train\algae_bloom_2805.png,0
C:/Users/somal/OneDrive/Desktop/Capstone_Model/algae_bloom_dataset\train\algae_bloom_2806.png,0
C:/Users/somal/OneDrive/Desktop/Capstone_Model/algae_bloom_dataset\train\algae_bloom_2807.png,0
C:/Users/somal/OneDrive/Desktop/Capstone_Model/algae_bloom_dataset\train\algae_bloom_2808.png,0
C:/Users/somal/OneDrive/Desktop/Capstone_Model/algae_bloom_dataset\train\algae_bloom_2809.png,0
C:/Users/somal/OneDrive/Desktop/Capstone_Model/algae_bloom_dataset\train\algae_bloom_281.png,0
C:/Users/somal/OneDrive/Desktop/Capstone_Model/algae_bloom_dataset\train\algae_bloom_2810.png,0
C:/Users/somal/OneDrive/Desktop/Capstone_Model/algae_bloom_dataset\train\algae_bloom_2811.png,0
C:/Users/somal/OneDrive/Desktop/Capstone_Model/algae_bloom_dataset\train\algae_bloom_2812.png,0
C:/Users/somal/OneDrive/Desktop/Capstone_Model/algae_bloom_dataset\train\algae_bloom_2813.png,0
C:/Users/somal/OneDrive/Desktop/Capstone_Model/algae_bloom_dataset\train\algae_bloom_2814.png,1
C:/Users/somal/OneDrive/Desktop/Capstone_Model/algae_bloom_dataset\train\algae_bloom_2815.png,0
C:/Users/somal/OneDrive/Desktop/Capstone_Model/algae_bloom_dataset\train\algae_bloom_2816.png,1
C:/Users/somal/OneDrive/Desktop/Capstone_Model/algae_bloom_dataset\train\algae_bloom_2817.png,1
C:/Users/somal/OneDrive/Desktop/Capstone_Model/algae_bloom_dataset\train\algae_bloom_2818.png,1
C:/Users/somal/OneDrive/Desktop/Capstone_Model/algae_bloom_dataset\train\algae_bloom_2819.png,0
C:/Users/somal/OneDrive/Desktop/Capstone_Model/algae_bloom_dataset\train\algae_bloom_282.png,0
C:/Users/somal/OneDrive/Desktop/Capstone_Model/algae_bloom_dataset\train\algae_bloom_2820.png,0
C:/Users/somal/OneDrive/Desktop/Capstone_Model/algae_bloom_dataset\train\algae_bloom_2821.png,0
C:/Users/somal/OneDrive/Desktop/Capstone_Model/algae_bloom_dataset\train\algae_bloom_2822.png,0
C:/Users/somal/OneDrive/Desktop/Capstone_Model/algae_bloom_dataset\train\algae_bloom_2823.png,0
C:/Users/somal/OneDrive/Desktop/Capstone_Model/algae_bloom_dataset\train\algae_bloom_2824.png,1
C:/Users/somal/OneDrive/Desktop/Capstone_Model/algae_bloom_dataset\train\algae_bloom_2825.png,0
C:/Users/somal/OneDrive/Desktop/Capstone_Model/algae_bloom_dataset\train\algae_bloom_2826.png,0
C:/Users/somal/OneDrive/Desktop/Capstone_Model/algae_bloom_dataset\train\algae_bloom_2827.png,0
C:/Users/somal/OneDrive/Desktop/Capstone_Model/algae_bloom_dataset\train\algae_bloom_2828.png,0
C:/Users/somal/OneDrive/Desktop/Capstone_Model/algae_bloom_dataset\train\algae_bloom_2829.png,0
C:/Users/somal/OneDrive/Desktop/Capstone_Model/algae_bloom_dataset\train\algae_bloom_283.png,0
C:/Users/somal/OneDrive/Desktop/Capstone_Model/algae_bloom_dataset\train\algae_bloom_2830.png,0
C:/Users/somal/OneDrive/Desktop/Capstone_Model/algae_bloom_dataset\train\algae_bloom_2831.png,1
C:/Users/somal/OneDrive/Desktop/Capstone_Model/algae_bloom_dataset\train\algae_bloom_2832.png,0
C:/Users/somal/OneDrive/Desktop/Capstone_Model/algae_bloom_dataset\train\algae_bloom_2833.png,0
C:/Users/somal/OneDrive/Desktop/Capstone_Model/algae_bloom_dataset\train\algae_bloom_2834.png,0
C:/Users/somal/OneDrive/Desktop/Capstone_Model/algae_bloom_dataset\train\algae_bloom_2835.png,1
C:/Users/somal/OneDrive/Desktop/Capstone_Model/algae_bloom_dataset\train\algae_bloom_2836.png,0
C:/Users/somal/OneDrive/Desktop/Capstone_Model/algae_bloom_dataset\train\algae_bloom_2837.png,1
C:/Users/somal/OneDrive/Desktop/Capstone_Model/algae_bloom_dataset\train\algae_bloom_2838.png,0
C:/Users/somal/OneDrive/Desktop/Capstone_Model/algae_bloom_dataset\train\algae_bloom_2839.png,0
C:/Users/somal/OneDrive/Desktop/Capstone_Model/algae_bloom_dataset\train\algae_bloom_284.png,0
C:/Users/somal/OneDrive/Desktop/Capstone_Model/algae_bloom_dataset\train\algae_bloom_2840.png,0
C:/Users/somal/OneDrive/Desktop/Capstone_Model/algae_bloom_dataset\train\algae_bloom_2841.png,0
C:/Users/somal/OneDrive/Desktop/Capstone_Model/algae_bloom_dataset\train\algae_bloom_2842.png,0
C:/Users/somal/OneDrive/Desktop/Capstone_Model/algae_bloom_dataset\train\algae_bloom_2843.png,1
C:/Users/somal/OneDrive/Desktop/Capstone_Model/algae_bloom_dataset\train\algae_bloom_2844.png,1
C:/Users/somal/OneDrive/Desktop/Capstone_Model/algae_bloom_dataset\train\algae_bloom_2845.png,1
C:/Users/somal/OneDrive/Desktop/Capstone_Model/algae_bloom_dataset\train\algae_bloom_2846.png,0
C:/Users/somal/OneDrive/Desktop/Capstone_Model/algae_bloom_dataset\train\algae_bloom_2847.png,0
C:/Users/somal/OneDrive/Desktop/Capstone_Model/algae_bloom_dataset\train\algae_bloom_2848.png,0
C:/Users/somal/OneDrive/Desktop/Capstone_Model/algae_bloom_dataset\train\algae_bloom_2849.png,1
C:/Users/somal/OneDrive/Desktop/Capstone_Model/algae_bloom_dataset\train\algae_bloom_285.png,0
C:/Users/somal/OneDrive/Desktop/Capstone_Model/algae_bloom_dataset\train\algae_bloom_2850.png,1
C:/Users/somal/OneDrive/Desktop/Capstone_Model/algae_bloom_dataset\train\algae_bloom_2851.png,0
C:/Users/somal/OneDrive/Desktop/Capstone_Model/algae_bloom_dataset\train\algae_bloom_2852.png,1
C:/Users/somal/OneDrive/Desktop/Capstone_Model/algae_bloom_dataset\train\algae_bloom_2853.png,0
C:/Users/somal/OneDrive/Desktop/Capstone_Model/algae_bloom_dataset\train\algae_bloom_2854.png,0
C:/Users/somal/OneDrive/Desktop/Capstone_Model/algae_bloom_dataset\train\algae_bloom_2855.png,0
C:/Users/somal/OneDrive/Desktop/Capstone_Model/algae_bloom_dataset\train\algae_bloom_2856.png,1
C:/Users/somal/OneDrive/Desktop/Capstone_Model/algae_bloom_dataset\train\algae_bloom_2857.png,1
C:/Users/somal/OneDrive/Desktop/Capstone_Model/algae_bloom_dataset\train\algae_bloom_2858.png,0
C:/Users/somal/OneDrive/Desktop/Capstone_Model/algae_bloom_dataset\train\algae_bloom_2859.png,0
C:/Users/somal/OneDrive/Desktop/Capstone_Model/algae_bloom_dataset\train\algae_bloom_286.png,0
C:/Users/somal/OneDrive/Desktop/Capstone_Model/algae_bloom_dataset\train\algae_bloom_2860.png,0
C:/Users/somal/OneDrive/Desktop/Capstone_Model/algae_bloom_dataset\train\algae_bloom_2861.png,0
C:/Users/somal/OneDrive/Desktop/Capstone_Model/algae_bloom_dataset\train\algae_bloom_2862.png,0
C:/Users/somal/OneDrive/Desktop/Capstone_Model/algae_bloom_dataset\train\algae_bloom_2863.png,1
C:/Users/somal/OneDrive/Desktop/Capstone_Model/algae_bloom_dataset\train\algae_bloom_2864.png,1
C:/Users/somal/OneDrive/Desktop/Capstone_Model/algae_bloom_dataset\train\algae_bloom_2865.png,0
C:/Users/somal/OneDrive/Desktop/Capstone_Model/algae_bloom_dataset\train\algae_bloom_2866.png,0
C:/Users/somal/OneDrive/Desktop/Capstone_Model/algae_bloom_dataset\train\algae_bloom_2867.png,1
C:/Users/somal/OneDrive/Desktop/Capstone_Model/algae_bloom_dataset\train\algae_bloom_2868.png,0
C:/Users/somal/OneDrive/Desktop/Capstone_Model/algae_bloom_dataset\train\algae_bloom_2869.png,0
C:/Users/somal/OneDrive/Desktop/Capstone_Model/algae_bloom_dataset\train\algae_bloom_287.png,1
C:/Users/somal/OneDrive/Desktop/Capstone_Model/algae_bloom_dataset\train\algae_bloom_2870.png,0
C:/Users/somal/OneDrive/Desktop/Capstone_Model/algae_bloom_dataset\train\algae_bloom_2871.png,1
C:/Users/somal/OneDrive/Desktop/Capstone_Model/algae_bloom_dataset\train\algae_bloom_2872.png,0
C:/Users/somal/OneDrive/Desktop/Capstone_Model/algae_bloom_dataset\train\algae_bloom_2873.png,1
C:/Users/somal/OneDrive/Desktop/Capstone_Model/algae_bloom_dataset\train\algae_bloom_2874.png,0
C:/Users/somal/OneDrive/Desktop/Capstone_Model/algae_bloom_dataset\train\algae_bloom_2875.png,0
C:/Users/somal/OneDrive/Desktop/Capstone_Model/algae_bloom_dataset\train\algae_bloom_2876.png,0
C:/Users/somal/OneDrive/Desktop/Capstone_Model/algae_bloom_dataset\train\algae_bloom_2877.png,0
C:/Users/somal/OneDrive/Desktop/Capstone_Model/algae_bloom_dataset\train\algae_bloom_2878.png,1
C:/Users/somal/OneDrive/Desktop/Capstone_Model/algae_bloom_dataset\train\algae_bloom_2879.png,0
C:/Users/somal/OneDrive/Desktop/Capstone_Model/algae_bloom_dataset\train\algae_bloom_288.png,0
C:/Users/somal/OneDrive/Desktop/Capstone_Model/algae_bloom_dataset\train\algae_bloom_2880.png,0
C:/Users/somal/OneDrive/Desktop/Capstone_Model/algae_bloom_dataset\train\algae_bloom_2881.png,0
C:/Users/somal/OneDrive/Desktop/Capstone_Model/algae_bloom_dataset\train\algae_bloom_2882.png,0
C:/Users/somal/OneDrive/Desktop/Capstone_Model/algae_bloom_dataset\train\algae_bloom_2883.png,0
C:/Users/somal/OneDrive/Desktop/Capstone_Model/algae_bloom_dataset\train\algae_bloom_2884.png,0
C:/Users/somal/OneDrive/Desktop/Capstone_Model/algae_bloom_dataset\train\algae_bloom_2885.png,1
C:/Users/somal/OneDrive/Desktop/Capstone_Model/algae_bloom_dataset\train\algae_bloom_2886.png,0
C:/Users/somal/OneDrive/Desktop/Capstone_Model/algae_bloom_dataset\train\algae_bloom_2887.png,0
C:/Users/somal/OneDrive/Desktop/Capstone_Model/algae_bloom_dataset\train\algae_bloom_2888.png,0
C:/Users/somal/OneDrive/Desktop/Capstone_Model/algae_bloom_dataset\train\algae_bloom_2889.png,1
C:/Users/somal/OneDrive/Desktop/Capstone_Model/algae_bloom_dataset\train\algae_bloom_289.png,1
C:/Users/somal/OneDrive/Desktop/Capstone_Model/algae_bloom_dataset\train\algae_bloom_2890.png,0
C:/Users/somal/OneDrive/Desktop/Capstone_Model/algae_bloom_dataset\train\algae_bloom_2891.png,0
C:/Users/somal/OneDrive/Desktop/Capstone_Model/algae_bloom_dataset\train\algae_bloom_2892.png,1
C:/Users/somal/OneDrive/Desktop/Capstone_Model/algae_bloom_dataset\train\algae_bloom_2893.png,1
C:/Users/somal/OneDrive/Desktop/Capstone_Model/algae_bloom_dataset\train\algae_bloom_2894.png,1
C:/Users/somal/OneDrive/Desktop/Capstone_Model/algae_bloom_dataset\train\algae_bloom_2895.png,1
C:/Users/somal/OneDrive/Desktop/Capstone_Model/algae_bloom_dataset\train\algae_bloom_2896.png,1
C:/Users/somal/OneDrive/Desktop/Capstone_Model/algae_bloom_dataset\train\algae_bloom_2897.png,0
C:/Users/somal/OneDrive/Desktop/Capstone_Model/algae_bloom_dataset\train\algae_bloom_2898.png,0
C:/Users/somal/OneDrive/Desktop/Capstone_Model/algae_bloom_dataset\train\algae_bloom_2899.png,1
C:/Users/somal/OneDrive/Desktop/Capstone_Model/algae_bloom_dataset\train\algae_bloom_29.png,0
C:/Users/somal/OneDrive/Desktop/Capstone_Model/algae_bloom_dataset\train\algae_bloom_290.png,0
C:/Users/somal/OneDrive/Desktop/Capstone_Model/algae_bloom_dataset\train\algae_bloom_2900.png,1
C:/Users/somal/OneDrive/Desktop/Capstone_Model/algae_bloom_dataset\train\algae_bloom_2901.png,1
C:/Users/somal/OneDrive/Desktop/Capstone_Model/algae_bloom_dataset\train\algae_bloom_2902.png,1
C:/Users/somal/OneDrive/Desktop/Capstone_Model/algae_bloom_dataset\train\algae_bloom_2903.png,0
C:/Users/somal/OneDrive/Desktop/Capstone_Model/algae_bloom_dataset\train\algae_bloom_2904.png,0
C:/Users/somal/OneDrive/Desktop/Capstone_Model/algae_bloom_dataset\train\algae_bloom_2905.png,0
C:/Users/somal/OneDrive/Desktop/Capstone_Model/algae_bloom_dataset\train\algae_bloom_2906.png,0
C:/Users/somal/OneDrive/Desktop/Capstone_Model/algae_bloom_dataset\train\algae_bloom_2907.png,0
C:/Users/somal/OneDrive/Desktop/Capstone_Model/algae_bloom_dataset\train\algae_bloom_2908.png,1
C:/Users/somal/OneDrive/Desktop/Capstone_Model/algae_bloom_dataset\train\algae_bloom_2909.png,0
C:/Users/somal/OneDrive/Desktop/Capstone_Model/algae_bloom_dataset\train\algae_bloom_291.png,1
C:/Users/somal/OneDrive/Desktop/Capstone_Model/algae_bloom_dataset\train\algae_bloom_2910.png,0
C:/Users/somal/OneDrive/Desktop/Capstone_Model/algae_bloom_dataset\train\algae_bloom_2911.png,0
C:/Users/somal/OneDrive/Desktop/Capstone_Model/algae_bloom_dataset\train\algae_bloom_2912.png,0
C:/Users/somal/OneDrive/Desktop/Capstone_Model/algae_bloom_dataset\train\algae_bloom_2913.png,0
C:/Users/somal/OneDrive/Desktop/Capstone_Model/algae_bloom_dataset\train\algae_bloom_2914.png,0
C:/Users/somal/OneDrive/Desktop/Capstone_Model/algae_bloom_dataset\train\algae_bloom_2915.png,0
C:/Users/somal/OneDrive/Desktop/Capstone_Model/algae_bloom_dataset\train\algae_bloom_2916.png,0
C:/Users/somal/OneDrive/Desktop/Capstone_Model/algae_bloom_dataset\train\algae_bloom_2917.png,0
C:/Users/somal/OneDrive/Desktop/Capstone_Model/algae_bloom_dataset\train\algae_bloom_2918.png,1
C:/Users/somal/OneDrive/Desktop/Capstone_Model/algae_bloom_dataset\train\algae_bloom_2919.png,0
C:/Users/somal/OneDrive/Desktop/Capstone_Model/algae_bloom_dataset\train\algae_bloom_292.png,1
C:/Users/somal/OneDrive/Desktop/Capstone_Model/algae_bloom_dataset\train\algae_bloom_2920.png,0
C:/Users/somal/OneDrive/Desktop/Capstone_Model/algae_bloom_dataset\train\algae_bloom_2921.png,0
C:/Users/somal/OneDrive/Desktop/Capstone_Model/algae_bloom_dataset\train\algae_bloom_2922.png,0
C:/Users/somal/OneDrive/Desktop/Capstone_Model/algae_bloom_dataset\train\algae_bloom_2923.png,0
C:/Users/somal/OneDrive/Desktop/Capstone_Model/algae_bloom_dataset\train\algae_bloom_2924.png,0
C:/Users/somal/OneDrive/Desktop/Capstone_Model/algae_bloom_dataset\train\algae_bloom_2925.png,0
C:/Users/somal/OneDrive/Desktop/Capstone_Model/algae_bloom_dataset\train\algae_bloom_2926.png,0
C:/Users/somal/OneDrive/Desktop/Capstone_Model/algae_bloom_dataset\train\algae_bloom_2927.png,1
C:/Users/somal/OneDrive/Desktop/Capstone_Model/algae_bloom_dataset\train\algae_bloom_2928.png,0
C:/Users/somal/OneDrive/Desktop/Capstone_Model/algae_bloom_dataset\train\algae_bloom_2929.png,1
C:/Users/somal/OneDrive/Desktop/Capstone_Model/algae_bloom_dataset\train\algae_bloom_293.png,0
C:/Users/somal/OneDrive/Desktop/Capstone_Model/algae_bloom_dataset\train\algae_bloom_2930.png,1
C:/Users/somal/OneDrive/Desktop/Capstone_Model/algae_bloom_dataset\train\algae_bloom_2931.png,1
C:/Users/somal/OneDrive/Desktop/Capstone_Model/algae_bloom_dataset\train\algae_bloom_2932.png,1
C:/Users/somal/OneDrive/Desktop/Capstone_Model/algae_bloom_dataset\train\algae_bloom_2933.png,0
C:/Users/somal/OneDrive/Desktop/Capstone_Model/algae_bloom_dataset\train\algae_bloom_2934.png,0
C:/Users/somal/OneDrive/Desktop/Capstone_Model/algae_bloom_dataset\train\algae_bloom_2935.png,0
C:/Users/somal/OneDrive/Desktop/Capstone_Model/algae_bloom_dataset\train\algae_bloom_2936.png,0
C:/Users/somal/OneDrive/Desktop/Capstone_Model/algae_bloom_dataset\train\algae_bloom_2937.png,1
C:/Users/somal/OneDrive/Desktop/Capstone_Model/algae_bloom_dataset\train\algae_bloom_2938.png,0
C:/Users/somal/OneDrive/Desktop/Capstone_Model/algae_bloom_dataset\train\algae_bloom_2939.png,0
C:/Users/somal/OneDrive/Desktop/Capstone_Model/algae_bloom_dataset\train\algae_bloom_294.png,0
C:/Users/somal/OneDrive/Desktop/Capstone_Model/algae_bloom_dataset\train\algae_bloom_2940.png,0
C:/Users/somal/OneDrive/Desktop/Capstone_Model/algae_bloom_dataset\train\algae_bloom_2941.png,1
C:/Users/somal/OneDrive/Desktop/Capstone_Model/algae_bloom_dataset\train\algae_bloom_2942.png,0
C:/Users/somal/OneDrive/Desktop/Capstone_Model/algae_bloom_dataset\train\algae_bloom_2943.png,0
C:/Users/somal/OneDrive/Desktop/Capstone_Model/algae_bloom_dataset\train\algae_bloom_2944.png,0
C:/Users/somal/OneDrive/Desktop/Capstone_Model/algae_bloom_dataset\train\algae_bloom_2945.png,0
C:/Users/somal/OneDrive/Desktop/Capstone_Model/algae_bloom_dataset\train\algae_bloom_2946.png,0
C:/Users/somal/OneDrive/Desktop/Capstone_Model/algae_bloom_dataset\train\algae_bloom_2947.png,0
C:/Users/somal/OneDrive/Desktop/Capstone_Model/algae_bloom_dataset\train\algae_bloom_2948.png,1
C:/Users/somal/OneDrive/Desktop/Capstone_Model/algae_bloom_dataset\train\algae_bloom_2949.png,1
C:/Users/somal/OneDrive/Desktop/Capstone_Model/algae_bloom_dataset\train\algae_bloom_295.png,1
C:/Users/somal/OneDrive/Desktop/Capstone_Model/algae_bloom_dataset\train\algae_bloom_2950.png,1
C:/Users/somal/OneDrive/Desktop/Capstone_Model/algae_bloom_dataset\train\algae_bloom_2951.png,0
C:/Users/somal/OneDrive/Desktop/Capstone_Model/algae_bloom_dataset\train\algae_bloom_2952.png,1
C:/Users/somal/OneDrive/Desktop/Capstone_Model/algae_bloom_dataset\train\algae_bloom_2953.png,0
C:/Users/somal/OneDrive/Desktop/Capstone_Model/algae_bloom_dataset\train\algae_bloom_2954.png,0
C:/Users/somal/OneDrive/Desktop/Capstone_Model/algae_bloom_dataset\train\algae_bloom_2955.png,0
C:/Users/somal/OneDrive/Desktop/Capstone_Model/algae_bloom_dataset\train\algae_bloom_2956.png,0
C:/Users/somal/OneDrive/Desktop/Capstone_Model/algae_bloom_dataset\train\algae_bloom_2957.png,1
C:/Users/somal/OneDrive/Desktop/Capstone_Model/algae_bloom_dataset\train\algae_bloom_2958.png,1
C:/Users/somal/OneDrive/Desktop/Capstone_Model/algae_bloom_dataset\train\algae_bloom_2959.png,0
C:/Users/somal/OneDrive/Desktop/Capstone_Model/algae_bloom_dataset\train\algae_bloom_296.png,0
C:/Users/somal/OneDrive/Desktop/Capstone_Model/algae_bloom_dataset\train\algae_bloom_2960.png,1
C:/Users/somal/OneDrive/Desktop/Capstone_Model/algae_bloom_dataset\train\algae_bloom_2961.png,0
C:/Users/somal/OneDrive/Desktop/Capstone_Model/algae_bloom_dataset\train\algae_bloom_2962.png,0
C:/Users/somal/OneDrive/Desktop/Capstone_Model/algae_bloom_dataset\train\algae_bloom_2963.png,0
C:/Users/somal/OneDrive/Desktop/Capstone_Model/algae_bloom_dataset\train\algae_bloom_2964.png,1
C:/Users/somal/OneDrive/Desktop/Capstone_Model/algae_bloom_dataset\train\algae_bloom_2965.png,0
C:/Users/somal/OneDrive/Desktop/Capstone_Model/algae_bloom_dataset\train\algae_bloom_2966.png,0
C:/Users/somal/OneDrive/Desktop/Capstone_Model/algae_bloom_dataset\train\algae_bloom_2967.png,0
C:/Users/somal/OneDrive/Desktop/Capstone_Model/algae_bloom_dataset\train\algae_bloom_2968.png,0
C:/Users/somal/OneDrive/Desktop/Capstone_Model/algae_bloom_dataset\train\algae_bloom_2969.png,0
C:/Users/somal/OneDrive/Desktop/Capstone_Model/algae_bloom_dataset\train\algae_bloom_297.png,0
C:/Users/somal/OneDrive/Desktop/Capstone_Model/algae_bloom_dataset\train\algae_bloom_2970.png,0
C:/Users/somal/OneDrive/Desktop/Capstone_Model/algae_bloom_dataset\train\algae_bloom_2971.png,0
C:/Users/somal/OneDrive/Desktop/Capstone_Model/algae_bloom_dataset\train\algae_bloom_2972.png,0
C:/Users/somal/OneDrive/Desktop/Capstone_Model/algae_bloom_dataset\train\algae_bloom_2973.png,1
C:/Users/somal/OneDrive/Desktop/Capstone_Model/algae_bloom_dataset\train\algae_bloom_2974.png,0
C:/Users/somal/OneDrive/Desktop/Capstone_Model/algae_bloom_dataset\train\algae_bloom_2975.png,0
C:/Users/somal/OneDrive/Desktop/Capstone_Model/algae_bloom_dataset\train\algae_bloom_2976.png,0
C:/Users/somal/OneDrive/Desktop/Capstone_Model/algae_bloom_dataset\train\algae_bloom_2977.png,0
C:/Users/somal/OneDrive/Desktop/Capstone_Model/algae_bloom_dataset\train\algae_bloom_2978.png,1
C:/Users/somal/OneDrive/Desktop/Capstone_Model/algae_bloom_dataset\train\algae_bloom_2979.png,0
C:/Users/somal/OneDrive/Desktop/Capstone_Model/algae_bloom_dataset\train\algae_bloom_298.png,1
C:/Users/somal/OneDrive/Desktop/Capstone_Model/algae_bloom_dataset\train\algae_bloom_2980.png,0
C:/Users/somal/OneDrive/Desktop/Capstone_Model/algae_bloom_dataset\train\algae_bloom_2981.png,0
C:/Users/somal/OneDrive/Desktop/Capstone_Model/algae_bloom_dataset\train\algae_bloom_2982.png,1
C:/Users/somal/OneDrive/Desktop/Capstone_Model/algae_bloom_dataset\train\algae_bloom_2983.png,1
C:/Users/somal/OneDrive/Desktop/Capstone_Model/algae_bloom_dataset\train\algae_bloom_2984.png,0
C:/Users/somal/OneDrive/Desktop/Capstone_Model/algae_bloom_dataset\train\algae_bloom_2985.png,0
C:/Users/somal/OneDrive/Desktop/Capstone_Model/algae_bloom_dataset\train\algae_bloom_2986.png,0
C:/Users/somal/OneDrive/Desktop/Capstone_Model/algae_bloom_dataset\train\algae_bloom_2987.png,1
C:/Users/somal/OneDrive/Desktop/Capstone_Model/algae_bloom_dataset\train\algae_bloom_2988.png,1
C:/Users/somal/OneDrive/Desktop/Capstone_Model/algae_bloom_dataset\train\algae_bloom_2989.png,1
C:/Users/somal/OneDrive/Desktop/Capstone_Model/algae_bloom_dataset\train\algae_bloom_299.png,1
C:/Users/somal/OneDrive/Desktop/Capstone_Model/algae_bloom_dataset\train\algae_bloom_2990.png,0
C:/Users/somal/OneDrive/Desktop/Capstone_Model/algae_bloom_dataset\train\algae_bloom_2991.png,0
C:/Users/somal/OneDrive/Desktop/Capstone_Model/algae_bloom_dataset\train\algae_bloom_2992.png,0
C:/Users/somal/OneDrive/Desktop/Capstone_Model/algae_bloom_dataset\train\algae_bloom_2993.png,1
C:/Users/somal/OneDrive/Desktop/Capstone_Model/algae_bloom_dataset\train\algae_bloom_2994.png,1
C:/Users/somal/OneDrive/Desktop/Capstone_Model/algae_bloom_dataset\train\algae_bloom_2995.png,1
C:/Users/somal/OneDrive/Desktop/Capstone_Model/algae_bloom_dataset\train\algae_bloom_2996.png,0
C:/Users/somal/OneDrive/Desktop/Capstone_Model/algae_bloom_dataset\train\algae_bloom_2997.png,0
C:/Users/somal/OneDrive/Desktop/Capstone_Model/algae_bloom_dataset\train\algae_bloom_2998.png,0
C:/Users/somal/OneDrive/Desktop/Capstone_Model/algae_bloom_dataset\train\algae_bloom_2999.png,0
C:/Users/somal/OneDrive/Desktop/Capstone_Model/algae_bloom_dataset\train\algae_bloom_3.png,0
C:/Users/somal/OneDrive/Desktop/Capstone_Model/algae_bloom_dataset\train\algae_bloom_30.png,0
C:/Users/somal/OneDrive/Desktop/Capstone_Model/algae_bloom_dataset\train\algae_bloom_300.png,1
C:/Users/somal/OneDrive/Desktop/Capstone_Model/algae_bloom_dataset\train\algae_bloom_3000.png,0
C:/Users/somal/OneDrive/Desktop/Capstone_Model/algae_bloom_dataset\train\algae_bloom_3001.png,0
C:/Users/somal/OneDrive/Desktop/Capstone_Model/algae_bloom_dataset\train\algae_bloom_3002.png,0
C:/Users/somal/OneDrive/Desktop/Capstone_Model/algae_bloom_dataset\train\algae_bloom_3003.png,0
C:/Users/somal/OneDrive/Desktop/Capstone_Model/algae_bloom_dataset\train\algae_bloom_3004.png,0
C:/Users/somal/OneDrive/Desktop/Capstone_Model/algae_bloom_dataset\train\algae_bloom_3005.png,0
C:/Users/somal/OneDrive/Desktop/Capstone_Model/algae_bloom_dataset\train\algae_bloom_3006.png,1
C:/Users/somal/OneDrive/Desktop/Capstone_Model/algae_bloom_dataset\train\algae_bloom_3007.png,0
C:/Users/somal/OneDrive/Desktop/Capstone_Model/algae_bloom_dataset\train\algae_bloom_3008.png,0
C:/Users/somal/OneDrive/Desktop/Capstone_Model/algae_bloom_dataset\train\algae_bloom_3009.png,1
C:/Users/somal/OneDrive/Desktop/Capstone_Model/algae_bloom_dataset\train\algae_bloom_301.png,0
C:/Users/somal/OneDrive/Desktop/Capstone_Model/algae_bloom_dataset\train\algae_bloom_3010.png,0
C:/Users/somal/OneDrive/Desktop/Capstone_Model/algae_bloom_dataset\train\algae_bloom_3011.png,0
C:/Users/somal/OneDrive/Desktop/Capstone_Model/algae_bloom_dataset\train\algae_bloom_3012.png,1
C:/Users/somal/OneDrive/Desktop/Capstone_Model/algae_bloom_dataset\train\algae_bloom_3013.png,1
C:/Users/somal/OneDrive/Desktop/Capstone_Model/algae_bloom_dataset\train\algae_bloom_3014.png,0
C:/Users/somal/OneDrive/Desktop/Capstone_Model/algae_bloom_dataset\train\algae_bloom_3015.png,0
C:/Users/somal/OneDrive/Desktop/Capstone_Model/algae_bloom_dataset\train\algae_bloom_3016.png,0
C:/Users/somal/OneDrive/Desktop/Capstone_Model/algae_bloom_dataset\train\algae_bloom_3017.png,0
C:/Users/somal/OneDrive/Desktop/Capstone_Model/algae_bloom_dataset\train\algae_bloom_3018.png,1
C:/Users/somal/OneDrive/Desktop/Capstone_Model/algae_bloom_dataset\train\algae_bloom_3019.png,0
C:/Users/somal/OneDrive/Desktop/Capstone_Model/algae_bloom_dataset\train\algae_bloom_302.png,0
C:/Users/somal/OneDrive/Desktop/Capstone_Model/algae_bloom_dataset\train\algae_bloom_3020.png,0
C:/Users/somal/OneDrive/Desktop/Capstone_Model/algae_bloom_dataset\train\algae_bloom_3021.png,0
C:/Users/somal/OneDrive/Desktop/Capstone_Model/algae_bloom_dataset\train\algae_bloom_3022.png,0
C:/Users/somal/OneDrive/Desktop/Capstone_Model/algae_bloom_dataset\train\algae_bloom_3023.png,0
C:/Users/somal/OneDrive/Desktop/Capstone_Model/algae_bloom_dataset\train\algae_bloom_3024.png,0
C:/Users/somal/OneDrive/Desktop/Capstone_Model/algae_bloom_dataset\train\algae_bloom_3025.png,0
C:/Users/somal/OneDrive/Desktop/Capstone_Model/algae_bloom_dataset\train\algae_bloom_3026.png,0
C:/Users/somal/OneDrive/Desktop/Capstone_Model/algae_bloom_dataset\train\algae_bloom_3027.png,1
C:/Users/somal/OneDrive/Desktop/Capstone_Model/algae_bloom_dataset\train\algae_bloom_3028.png,0
C:/Users/somal/OneDrive/Desktop/Capstone_Model/algae_bloom_dataset\train\algae_bloom_3029.png,1
C:/Users/somal/OneDrive/Desktop/Capstone_Model/algae_bloom_dataset\train\algae_bloom_303.png,1
C:/Users/somal/OneDrive/Desktop/Capstone_Model/algae_bloom_dataset\train\algae_bloom_3030.png,0
C:/Users/somal/OneDrive/Desktop/Capstone_Model/algae_bloom_dataset\train\algae_bloom_3031.png,1
C:/Users/somal/OneDrive/Desktop/Capstone_Model/algae_bloom_dataset\train\algae_bloom_3032.png,0
C:/Users/somal/OneDrive/Desktop/Capstone_Model/algae_bloom_dataset\train\algae_bloom_3033.png,0
C:/Users/somal/OneDrive/Desktop/Capstone_Model/algae_bloom_dataset\train\algae_bloom_3034.png,0
C:/Users/somal/OneDrive/Desktop/Capstone_Model/algae_bloom_dataset\train\algae_bloom_3035.png,1
C:/Users/somal/OneDrive/Desktop/Capstone_Model/algae_bloom_dataset\train\algae_bloom_3036.png,0
C:/Users/somal/OneDrive/Desktop/Capstone_Model/algae_bloom_dataset\train\algae_bloom_3037.png,0
C:/Users/somal/OneDrive/Desktop/Capstone_Model/algae_bloom_dataset\train\algae_bloom_3038.png,1
C:/Users/somal/OneDrive/Desktop/Capstone_Model/algae_bloom_dataset\train\algae_bloom_3039.png,0
C:/Users/somal/OneDrive/Desktop/Capstone_Model/algae_bloom_dataset\train\algae_bloom_304.png,0
C:/Users/somal/OneDrive/Desktop/Capstone_Model/algae_bloom_dataset\train\algae_bloom_3040.png,0
C:/Users/somal/OneDrive/Desktop/Capstone_Model/algae_bloom_dataset\train\algae_bloom_3041.png,0
C:/Users/somal/OneDrive/Desktop/Capstone_Model/algae_bloom_dataset\train\algae_bloom_3042.png,0
C:/Users/somal/OneDrive/Desktop/Capstone_Model/algae_bloom_dataset\train\algae_bloom_3043.png,0
C:/Users/somal/OneDrive/Desktop/Capstone_Model/algae_bloom_dataset\train\algae_bloom_3044.png,1
C:/Users/somal/OneDrive/Desktop/Capstone_Model/algae_bloom_dataset\train\algae_bloom_3045.png,0
C:/Users/somal/OneDrive/Desktop/Capstone_Model/algae_bloom_dataset\train\algae_bloom_3046.png,1
C:/Users/somal/OneDrive/Desktop/Capstone_Model/algae_bloom_dataset\train\algae_bloom_3047.png,1
C:/Users/somal/OneDrive/Desktop/Capstone_Model/algae_bloom_dataset\train\algae_bloom_3048.png,1
C:/Users/somal/OneDrive/Desktop/Capstone_Model/algae_bloom_dataset\train\algae_bloom_3049.png,0
C:/Users/somal/OneDrive/Desktop/Capstone_Model/algae_bloom_dataset\train\algae_bloom_305.png,0
C:/Users/somal/OneDrive/Desktop/Capstone_Model/algae_bloom_dataset\train\algae_bloom_3050.png,0
C:/Users/somal/OneDrive/Desktop/Capstone_Model/algae_bloom_dataset\train\algae_bloom_3051.png,0
C:/Users/somal/OneDrive/Desktop/Capstone_Model/algae_bloom_dataset\train\algae_bloom_3052.png,0
C:/Users/somal/OneDrive/Desktop/Capstone_Model/algae_bloom_dataset\train\algae_bloom_3053.png,0
C:/Users/somal/OneDrive/Desktop/Capstone_Model/algae_bloom_dataset\train\algae_bloom_3054.png,0
C:/Users/somal/OneDrive/Desktop/Capstone_Model/algae_bloom_dataset\train\algae_bloom_3055.png,0
C:/Users/somal/OneDrive/Desktop/Capstone_Model/algae_bloom_dataset\train\algae_bloom_3056.png,0
C:/Users/somal/OneDrive/Desktop/Capstone_Model/algae_bloom_dataset\train\algae_bloom_3057.png,1
C:/Users/somal/OneDrive/Desktop/Capstone_Model/algae_bloom_dataset\train\algae_bloom_3058.png,0
C:/Users/somal/OneDrive/Desktop/Capstone_Model/algae_bloom_dataset\train\algae_bloom_3059.png,0
C:/Users/somal/OneDrive/Desktop/Capstone_Model/algae_bloom_dataset\train\algae_bloom_306.png,0
C:/Users/somal/OneDrive/Desktop/Capstone_Model/algae_bloom_dataset\train\algae_bloom_3060.png,0
C:/Users/somal/OneDrive/Desktop/Capstone_Model/algae_bloom_dataset\train\algae_bloom_3061.png,1
C:/Users/somal/OneDrive/Desktop/Capstone_Model/algae_bloom_dataset\train\algae_bloom_3062.png,0
C:/Users/somal/OneDrive/Desktop/Capstone_Model/algae_bloom_dataset\train\algae_bloom_3063.png,0
C:/Users/somal/OneDrive/Desktop/Capstone_Model/algae_bloom_dataset\train\algae_bloom_3064.png,1
C:/Users/somal/OneDrive/Desktop/Capstone_Model/algae_bloom_dataset\train\algae_bloom_3065.png,0
C:/Users/somal/OneDrive/Desktop/Capstone_Model/algae_bloom_dataset\train\algae_bloom_3066.png,1
C:/Users/somal/OneDrive/Desktop/Capstone_Model/algae_bloom_dataset\train\algae_bloom_3067.png,1
C:/Users/somal/OneDrive/Desktop/Capstone_Model/algae_bloom_dataset\train\algae_bloom_3068.png,0
C:/Users/somal/OneDrive/Desktop/Capstone_Model/algae_bloom_dataset\train\algae_bloom_3069.png,0
C:/Users/somal/OneDrive/Desktop/Capstone_Model/algae_bloom_dataset\train\algae_bloom_307.png,0
C:/Users/somal/OneDrive/Desktop/Capstone_Model/algae_bloom_dataset\train\algae_bloom_3070.png,0
C:/Users/somal/OneDrive/Desktop/Capstone_Model/algae_bloom_dataset\train\algae_bloom_3071.png,0
C:/Users/somal/OneDrive/Desktop/Capstone_Model/algae_bloom_dataset\train\algae_bloom_3072.png,1
C:/Users/somal/OneDrive/Desktop/Capstone_Model/algae_bloom_dataset\train\algae_bloom_3073.png,0
C:/Users/somal/OneDrive/Desktop/Capstone_Model/algae_bloom_dataset\train\algae_bloom_3074.png,0
C:/Users/somal/OneDrive/Desktop/Capstone_Model/algae_bloom_dataset\train\algae_bloom_3075.png,0
C:/Users/somal/OneDrive/Desktop/Capstone_Model/algae_bloom_dataset\train\algae_bloom_3076.png,1
C:/Users/somal/OneDrive/Desktop/Capstone_Model/algae_bloom_dataset\train\algae_bloom_3077.png,0
C:/Users/somal/OneDrive/Desktop/Capstone_Model/algae_bloom_dataset\train\algae_bloom_3078.png,0
C:/Users/somal/OneDrive/Desktop/Capstone_Model/algae_bloom_dataset\train\algae_bloom_3079.png,0
C:/Users/somal/OneDrive/Desktop/Capstone_Model/algae_bloom_dataset\train\algae_bloom_308.png,0
C:/Users/somal/OneDrive/Desktop/Capstone_Model/algae_bloom_dataset\train\algae_bloom_3080.png,0
C:/Users/somal/OneDrive/Desktop/Capstone_Model/algae_bloom_dataset\train\algae_bloom_3081.png,0
C:/Users/somal/OneDrive/Desktop/Capstone_Model/algae_bloom_dataset\train\algae_bloom_3082.png,0
C:/Users/somal/OneDrive/Desktop/Capstone_Model/algae_bloom_dataset\train\algae_bloom_3083.png,1
C:/Users/somal/OneDrive/Desktop/Capstone_Model/algae_bloom_dataset\train\algae_bloom_3084.png,0
C:/Users/somal/OneDrive/Desktop/Capstone_Model/algae_bloom_dataset\train\algae_bloom_3085.png,0
C:/Users/somal/OneDrive/Desktop/Capstone_Model/algae_bloom_dataset\train\algae_bloom_3086.png,0
C:/Users/somal/OneDrive/Desktop/Capstone_Model/algae_bloom_dataset\train\algae_bloom_3087.png,1
C:/Users/somal/OneDrive/Desktop/Capstone_Model/algae_bloom_dataset\train\algae_bloom_3088.png,0
C:/Users/somal/OneDrive/Desktop/Capstone_Model/algae_bloom_dataset\train\algae_bloom_3089.png,0
C:/Users/somal/OneDrive/Desktop/Capstone_Model/algae_bloom_dataset\train\algae_bloom_309.png,1
C:/Users/somal/OneDrive/Desktop/Capstone_Model/algae_bloom_dataset\train\algae_bloom_3090.png,0
C:/Users/somal/OneDrive/Desktop/Capstone_Model/algae_bloom_dataset\train\algae_bloom_3091.png,0
C:/Users/somal/OneDrive/Desktop/Capstone_Model/algae_bloom_dataset\train\algae_bloom_3092.png,1
C:/Users/somal/OneDrive/Desktop/Capstone_Model/algae_bloom_dataset\train\algae_bloom_3093.png,0
C:/Users/somal/OneDrive/Desktop/Capstone_Model/algae_bloom_dataset\train\algae_bloom_3094.png,0
C:/Users/somal/OneDrive/Desktop/Capstone_Model/algae_bloom_dataset\train\algae_bloom_3095.png,1
C:/Users/somal/OneDrive/Desktop/Capstone_Model/algae_bloom_dataset\train\algae_bloom_3096.png,1
C:/Users/somal/OneDrive/Desktop/Capstone_Model/algae_bloom_dataset\train\algae_bloom_3097.png,0
C:/Users/somal/OneDrive/Desktop/Capstone_Model/algae_bloom_dataset\train\algae_bloom_3098.png,1
C:/Users/somal/OneDrive/Desktop/Capstone_Model/algae_bloom_dataset\train\algae_bloom_3099.png,1
C:/Users/somal/OneDrive/Desktop/Capstone_Model/algae_bloom_dataset\train\algae_bloom_31.png,0
C:/Users/somal/OneDrive/Desktop/Capstone_Model/algae_bloom_dataset\train\algae_bloom_310.png,0
C:/Users/somal/OneDrive/Desktop/Capstone_Model/algae_bloom_dataset\train\algae_bloom_3100.png,1
C:/Users/somal/OneDrive/Desktop/Capstone_Model/algae_bloom_dataset\train\algae_bloom_3101.png,0
C:/Users/somal/OneDrive/Desktop/Capstone_Model/algae_bloom_dataset\train\algae_bloom_3102.png,0
C:/Users/somal/OneDrive/Desktop/Capstone_Model/algae_bloom_dataset\train\algae_bloom_3103.png,1
C:/Users/somal/OneDrive/Desktop/Capstone_Model/algae_bloom_dataset\train\algae_bloom_3104.png,0
C:/Users/somal/OneDrive/Desktop/Capstone_Model/algae_bloom_dataset\train\algae_bloom_3105.png,0
C:/Users/somal/OneDrive/Desktop/Capstone_Model/algae_bloom_dataset\train\algae_bloom_3106.png,1
C:/Users/somal/OneDrive/Desktop/Capstone_Model/algae_bloom_dataset\train\algae_bloom_3107.png,1
C:/Users/somal/OneDrive/Desktop/Capstone_Model/algae_bloom_dataset\train\algae_bloom_3108.png,1
C:/Users/somal/OneDrive/Desktop/Capstone_Model/algae_bloom_dataset\train\algae_bloom_3109.png,1
C:/Users/somal/OneDrive/Desktop/Capstone_Model/algae_bloom_dataset\train\algae_bloom_311.png,1
C:/Users/somal/OneDrive/Desktop/Capstone_Model/algae_bloom_dataset\train\algae_bloom_3110.png,0
C:/Users/somal/OneDrive/Desktop/Capstone_Model/algae_bloom_dataset\train\algae_bloom_3111.png,0
C:/Users/somal/OneDrive/Desktop/Capstone_Model/algae_bloom_dataset\train\algae_bloom_3112.png,0
C:/Users/somal/OneDrive/Desktop/Capstone_Model/algae_bloom_dataset\train\algae_bloom_3113.png,1
C:/Users/somal/OneDrive/Desktop/Capstone_Model/algae_bloom_dataset\train\algae_bloom_3114.png,0
C:/Users/somal/OneDrive/Desktop/Capstone_Model/algae_bloom_dataset\train\algae_bloom_3115.png,0
C:/Users/somal/OneDrive/Desktop/Capstone_Model/algae_bloom_dataset\train\algae_bloom_3116.png,0
C:/Users/somal/OneDrive/Desktop/Capstone_Model/algae_bloom_dataset\train\algae_bloom_3117.png,0
C:/Users/somal/OneDrive/Desktop/Capstone_Model/algae_bloom_dataset\train\algae_bloom_3118.png,0
C:/Users/somal/OneDrive/Desktop/Capstone_Model/algae_bloom_dataset\train\algae_bloom_3119.png,0
C:/Users/somal/OneDrive/Desktop/Capstone_Model/algae_bloom_dataset\train\algae_bloom_312.png,1
C:/Users/somal/OneDrive/Desktop/Capstone_Model/algae_bloom_dataset\train\algae_bloom_3120.png,0
C:/Users/somal/OneDrive/Desktop/Capstone_Model/algae_bloom_dataset\train\algae_bloom_3121.png,0
C:/Users/somal/OneDrive/Desktop/Capstone_Model/algae_bloom_dataset\train\algae_bloom_3122.png,0
C:/Users/somal/OneDrive/Desktop/Capstone_Model/algae_bloom_dataset\train\algae_bloom_3123.png,0
C:/Users/somal/OneDrive/Desktop/Capstone_Model/algae_bloom_dataset\train\algae_bloom_3124.png,0
C:/Users/somal/OneDrive/Desktop/Capstone_Model/algae_bloom_dataset\train\algae_bloom_3125.png,1
C:/Users/somal/OneDrive/Desktop/Capstone_Model/algae_bloom_dataset\train\algae_bloom_3126.png,0
C:/Users/somal/OneDrive/Desktop/Capstone_Model/algae_bloom_dataset\train\algae_bloom_3127.png,0
C:/Users/somal/OneDrive/Desktop/Capstone_Model/algae_bloom_dataset\train\algae_bloom_3128.png,1
C:/Users/somal/OneDrive/Desktop/Capstone_Model/algae_bloom_dataset\train\algae_bloom_3129.png,1
C:/Users/somal/OneDrive/Desktop/Capstone_Model/algae_bloom_dataset\train\algae_bloom_313.png,0
C:/Users/somal/OneDrive/Desktop/Capstone_Model/algae_bloom_dataset\train\algae_bloom_3130.png,1
C:/Users/somal/OneDrive/Desktop/Capstone_Model/algae_bloom_dataset\train\algae_bloom_3131.png,0
C:/Users/somal/OneDrive/Desktop/Capstone_Model/algae_bloom_dataset\train\algae_bloom_3132.png,0
C:/Users/somal/OneDrive/Desktop/Capstone_Model/algae_bloom_dataset\train\algae_bloom_3133.png,0
C:/Users/somal/OneDrive/Desktop/Capstone_Model/algae_bloom_dataset\train\algae_bloom_3134.png,0
C:/Users/somal/OneDrive/Desktop/Capstone_Model/algae_bloom_dataset\train\algae_bloom_3135.png,0
C:/Users/somal/OneDrive/Desktop/Capstone_Model/algae_bloom_dataset\train\algae_bloom_3136.png,0
C:/Users/somal/OneDrive/Desktop/Capstone_Model/algae_bloom_dataset\train\algae_bloom_3137.png,0
C:/Users/somal/OneDrive/Desktop/Capstone_Model/algae_bloom_dataset\train\algae_bloom_3138.png,0
C:/Users/somal/OneDrive/Desktop/Capstone_Model/algae_bloom_dataset\train\algae_bloom_3139.png,0
C:/Users/somal/OneDrive/Desktop/Capstone_Model/algae_bloom_dataset\train\algae_bloom_314.png,1
C:/Users/somal/OneDrive/Desktop/Capstone_Model/algae_bloom_dataset\train\algae_bloom_3140.png,0
C:/Users/somal/OneDrive/Desktop/Capstone_Model/algae_bloom_dataset\train\algae_bloom_3141.png,0
C:/Users/somal/OneDrive/Desktop/Capstone_Model/algae_bloom_dataset\train\algae_bloom_3142.png,0
C:/Users/somal/OneDrive/Desktop/Capstone_Model/algae_bloom_dataset\train\algae_bloom_3143.png,0
C:/Users/somal/OneDrive/Desktop/Capstone_Model/algae_bloom_dataset\train\algae_bloom_3144.png,0
C:/Users/somal/OneDrive/Desktop/Capstone_Model/algae_bloom_dataset\train\algae_bloom_3145.png,0
C:/Users/somal/OneDrive/Desktop/Capstone_Model/algae_bloom_dataset\train\algae_bloom_3146.png,1
C:/Users/somal/OneDrive/Desktop/Capstone_Model/algae_bloom_dataset\train\algae_bloom_3147.png,0
C:/Users/somal/OneDrive/Desktop/Capstone_Model/algae_bloom_dataset\train\algae_bloom_3148.png,1
C:/Users/somal/OneDrive/Desktop/Capstone_Model/algae_bloom_dataset\train\algae_bloom_3149.png,0
C:/Users/somal/OneDrive/Desktop/Capstone_Model/algae_bloom_dataset\train\algae_bloom_315.png,0
C:/Users/somal/OneDrive/Desktop/Capstone_Model/algae_bloom_dataset\train\algae_bloom_3150.png,0
C:/Users/somal/OneDrive/Desktop/Capstone_Model/algae_bloom_dataset\train\algae_bloom_3151.png,0
C:/Users/somal/OneDrive/Desktop/Capstone_Model/algae_bloom_dataset\train\algae_bloom_3152.png,1
C:/Users/somal/OneDrive/Desktop/Capstone_Model/algae_bloom_dataset\train\algae_bloom_3153.png,1
C:/Users/somal/OneDrive/Desktop/Capstone_Model/algae_bloom_dataset\train\algae_bloom_3154.png,1
C:/Users/somal/OneDrive/Desktop/Capstone_Model/algae_bloom_dataset\train\algae_bloom_3155.png,1
C:/Users/somal/OneDrive/Desktop/Capstone_Model/algae_bloom_dataset\train\algae_bloom_3156.png,1
C:/Users/somal/OneDrive/Desktop/Capstone_Model/algae_bloom_dataset\train\algae_bloom_3157.png,1
C:/Users/somal/OneDrive/Desktop/Capstone_Model/algae_bloom_dataset\train\algae_bloom_3158.png,0
C:/Users/somal/OneDrive/Desktop/Capstone_Model/algae_bloom_dataset\train\algae_bloom_3159.png,0
C:/Users/somal/OneDrive/Desktop/Capstone_Model/algae_bloom_dataset\train\algae_bloom_316.png,0
C:/Users/somal/OneDrive/Desktop/Capstone_Model/algae_bloom_dataset\train\algae_bloom_3160.png,0
C:/Users/somal/OneDrive/Desktop/Capstone_Model/algae_bloom_dataset\train\algae_bloom_3161.png,0
C:/Users/somal/OneDrive/Desktop/Capstone_Model/algae_bloom_dataset\train\algae_bloom_3162.png,0
C:/Users/somal/OneDrive/Desktop/Capstone_Model/algae_bloom_dataset\train\algae_bloom_3163.png,0
C:/Users/somal/OneDrive/Desktop/Capstone_Model/algae_bloom_dataset\train\algae_bloom_3164.png,1
C:/Users/somal/OneDrive/Desktop/Capstone_Model/algae_bloom_dataset\train\algae_bloom_3165.png,1
C:/Users/somal/OneDrive/Desktop/Capstone_Model/algae_bloom_dataset\train\algae_bloom_3166.png,1
C:/Users/somal/OneDrive/Desktop/Capstone_Model/algae_bloom_dataset\train\algae_bloom_3167.png,0
C:/Users/somal/OneDrive/Desktop/Capstone_Model/algae_bloom_dataset\train\algae_bloom_3168.png,0
C:/Users/somal/OneDrive/Desktop/Capstone_Model/algae_bloom_dataset\train\algae_bloom_3169.png,1
C:/Users/somal/OneDrive/Desktop/Capstone_Model/algae_bloom_dataset\train\algae_bloom_317.png,0
C:/Users/somal/OneDrive/Desktop/Capstone_Model/algae_bloom_dataset\train\algae_bloom_3170.png,0
C:/Users/somal/OneDrive/Desktop/Capstone_Model/algae_bloom_dataset\train\algae_bloom_3171.png,0
C:/Users/somal/OneDrive/Desktop/Capstone_Model/algae_bloom_dataset\train\algae_bloom_3172.png,0
C:/Users/somal/OneDrive/Desktop/Capstone_Model/algae_bloom_dataset\train\algae_bloom_3173.png,0
C:/Users/somal/OneDrive/Desktop/Capstone_Model/algae_bloom_dataset\train\algae_bloom_3174.png,0
C:/Users/somal/OneDrive/Desktop/Capstone_Model/algae_bloom_dataset\train\algae_bloom_3175.png,0
C:/Users/somal/OneDrive/Desktop/Capstone_Model/algae_bloom_dataset\train\algae_bloom_3176.png,1
C:/Users/somal/OneDrive/Desktop/Capstone_Model/algae_bloom_dataset\train\algae_bloom_3177.png,0
C:/Users/somal/OneDrive/Desktop/Capstone_Model/algae_bloom_dataset\train\algae_bloom_3178.png,0
C:/Users/somal/OneDrive/Desktop/Capstone_Model/algae_bloom_dataset\train\algae_bloom_3179.png,1
C:/Users/somal/OneDrive/Desktop/Capstone_Model/algae_bloom_dataset\train\algae_bloom_318.png,0
C:/Users/somal/OneDrive/Desktop/Capstone_Model/algae_bloom_dataset\train\algae_bloom_3180.png,0
C:/Users/somal/OneDrive/Desktop/Capstone_Model/algae_bloom_dataset\train\algae_bloom_3181.png,1
C:/Users/somal/OneDrive/Desktop/Capstone_Model/algae_bloom_dataset\train\algae_bloom_3182.png,0
C:/Users/somal/OneDrive/Desktop/Capstone_Model/algae_bloom_dataset\train\algae_bloom_3183.png,0
C:/Users/somal/OneDrive/Desktop/Capstone_Model/algae_bloom_dataset\train\algae_bloom_3184.png,0
C:/Users/somal/OneDrive/Desktop/Capstone_Model/algae_bloom_dataset\train\algae_bloom_3185.png,1
C:/Users/somal/OneDrive/Desktop/Capstone_Model/algae_bloom_dataset\train\algae_bloom_3186.png,0
C:/Users/somal/OneDrive/Desktop/Capstone_Model/algae_bloom_dataset\train\algae_bloom_3187.png,0
C:/Users/somal/OneDrive/Desktop/Capstone_Model/algae_bloom_dataset\train\algae_bloom_3188.png,0
C:/Users/somal/OneDrive/Desktop/Capstone_Model/algae_bloom_dataset\train\algae_bloom_3189.png,0
C:/Users/somal/OneDrive/Desktop/Capstone_Model/algae_bloom_dataset\train\algae_bloom_319.png,0
C:/Users/somal/OneDrive/Desktop/Capstone_Model/algae_bloom_dataset\train\algae_bloom_3190.png,0
C:/Users/somal/OneDrive/Desktop/Capstone_Model/algae_bloom_dataset\train\algae_bloom_3191.png,0
C:/Users/somal/OneDrive/Desktop/Capstone_Model/algae_bloom_dataset\train\algae_bloom_3192.png,1
C:/Users/somal/OneDrive/Desktop/Capstone_Model/algae_bloom_dataset\train\algae_bloom_3193.png,1
C:/Users/somal/OneDrive/Desktop/Capstone_Model/algae_bloom_dataset\train\algae_bloom_3194.png,0
C:/Users/somal/OneDrive/Desktop/Capstone_Model/algae_bloom_dataset\train\algae_bloom_3195.png,1
C:/Users/somal/OneDrive/Desktop/Capstone_Model/algae_bloom_dataset\train\algae_bloom_3196.png,1
C:/Users/somal/OneDrive/Desktop/Capstone_Model/algae_bloom_dataset\train\algae_bloom_3197.png,1
C:/Users/somal/OneDrive/Desktop/Capstone_Model/algae_bloom_dataset\train\algae_bloom_3198.png,0
C:/Users/somal/OneDrive/Desktop/Capstone_Model/algae_bloom_dataset\train\algae_bloom_3199.png,0
C:/Users/somal/OneDrive/Desktop/Capstone_Model/algae_bloom_dataset\train\algae_bloom_32.png,1
C:/Users/somal/OneDrive/Desktop/Capstone_Model/algae_bloom_dataset\train\algae_bloom_320.png,1
C:/Users/somal/OneDrive/Desktop/Capstone_Model/algae_bloom_dataset\train\algae_bloom_3200.png,0
C:/Users/somal/OneDrive/Desktop/Capstone_Model/algae_bloom_dataset\train\algae_bloom_3201.png,1
C:/Users/somal/OneDrive/Desktop/Capstone_Model/algae_bloom_dataset\train\algae_bloom_3202.png,1
C:/Users/somal/OneDrive/Desktop/Capstone_Model/algae_bloom_dataset\train\algae_bloom_3203.png,0
C:/Users/somal/OneDrive/Desktop/Capstone_Model/algae_bloom_dataset\train\algae_bloom_3204.png,0
C:/Users/somal/OneDrive/Desktop/Capstone_Model/algae_bloom_dataset\train\algae_bloom_3205.png,0
C:/Users/somal/OneDrive/Desktop/Capstone_Model/algae_bloom_dataset\train\algae_bloom_3206.png,1
C:/Users/somal/OneDrive/Desktop/Capstone_Model/algae_bloom_dataset\train\algae_bloom_3207.png,0
C:/Users/somal/OneDrive/Desktop/Capstone_Model/algae_bloom_dataset\train\algae_bloom_3208.png,0
C:/Users/somal/OneDrive/Desktop/Capstone_Model/algae_bloom_dataset\train\algae_bloom_3209.png,0
C:/Users/somal/OneDrive/Desktop/Capstone_Model/algae_bloom_dataset\train\algae_bloom_321.png,1
C:/Users/somal/OneDrive/Desktop/Capstone_Model/algae_bloom_dataset\train\algae_bloom_3210.png,0
C:/Users/somal/OneDrive/Desktop/Capstone_Model/algae_bloom_dataset\train\algae_bloom_3211.png,0
C:/Users/somal/OneDrive/Desktop/Capstone_Model/algae_bloom_dataset\train\algae_bloom_3212.png,1
C:/Users/somal/OneDrive/Desktop/Capstone_Model/algae_bloom_dataset\train\algae_bloom_3213.png,0
C:/Users/somal/OneDrive/Desktop/Capstone_Model/algae_bloom_dataset\train\algae_bloom_3214.png,1
C:/Users/somal/OneDrive/Desktop/Capstone_Model/algae_bloom_dataset\train\algae_bloom_3215.png,1
C:/Users/somal/OneDrive/Desktop/Capstone_Model/algae_bloom_dataset\train\algae_bloom_3216.png,1
C:/Users/somal/OneDrive/Desktop/Capstone_Model/algae_bloom_dataset\train\algae_bloom_3217.png,0
C:/Users/somal/OneDrive/Desktop/Capstone_Model/algae_bloom_dataset\train\algae_bloom_3218.png,0
C:/Users/somal/OneDrive/Desktop/Capstone_Model/algae_bloom_dataset\train\algae_bloom_3219.png,0
C:/Users/somal/OneDrive/Desktop/Capstone_Model/algae_bloom_dataset\train\algae_bloom_322.png,0
C:/Users/somal/OneDrive/Desktop/Capstone_Model/algae_bloom_dataset\train\algae_bloom_3220.png,1
C:/Users/somal/OneDrive/Desktop/Capstone_Model/algae_bloom_dataset\train\algae_bloom_3221.png,0
C:/Users/somal/OneDrive/Desktop/Capstone_Model/algae_bloom_dataset\train\algae_bloom_3222.png,0
C:/Users/somal/OneDrive/Desktop/Capstone_Model/algae_bloom_dataset\train\algae_bloom_3223.png,0
C:/Users/somal/OneDrive/Desktop/Capstone_Model/algae_bloom_dataset\train\algae_bloom_3224.png,0
C:/Users/somal/OneDrive/Desktop/Capstone_Model/algae_bloom_dataset\train\algae_bloom_3225.png,0
C:/Users/somal/OneDrive/Desktop/Capstone_Model/algae_bloom_dataset\train\algae_bloom_3226.png,0
C:/Users/somal/OneDrive/Desktop/Capstone_Model/algae_bloom_dataset\train\algae_bloom_3227.png,0
C:/Users/somal/OneDrive/Desktop/Capstone_Model/algae_bloom_dataset\train\algae_bloom_3228.png,0
C:/Users/somal/OneDrive/Desktop/Capstone_Model/algae_bloom_dataset\train\algae_bloom_3229.png,0
C:/Users/somal/OneDrive/Desktop/Capstone_Model/algae_bloom_dataset\train\algae_bloom_323.png,0
C:/Users/somal/OneDrive/Desktop/Capstone_Model/algae_bloom_dataset\train\algae_bloom_3230.png,0
C:/Users/somal/OneDrive/Desktop/Capstone_Model/algae_bloom_dataset\train\algae_bloom_3231.png,0
C:/Users/somal/OneDrive/Desktop/Capstone_Model/algae_bloom_dataset\train\algae_bloom_3232.png,0
C:/Users/somal/OneDrive/Desktop/Capstone_Model/algae_bloom_dataset\train\algae_bloom_3233.png,1
C:/Users/somal/OneDrive/Desktop/Capstone_Model/algae_bloom_dataset\train\algae_bloom_3234.png,1
C:/Users/somal/OneDrive/Desktop/Capstone_Model/algae_bloom_dataset\train\algae_bloom_3235.png,0
C:/Users/somal/OneDrive/Desktop/Capstone_Model/algae_bloom_dataset\train\algae_bloom_3236.png,1
C:/Users/somal/OneDrive/Desktop/Capstone_Model/algae_bloom_dataset\train\algae_bloom_3237.png,0
C:/Users/somal/OneDrive/Desktop/Capstone_Model/algae_bloom_dataset\train\algae_bloom_3238.png,0
C:/Users/somal/OneDrive/Desktop/Capstone_Model/algae_bloom_dataset\train\algae_bloom_3239.png,0
C:/Users/somal/OneDrive/Desktop/Capstone_Model/algae_bloom_dataset\train\algae_bloom_324.png,0
C:/Users/somal/OneDrive/Desktop/Capstone_Model/algae_bloom_dataset\train\algae_bloom_3240.png,1
C:/Users/somal/OneDrive/Desktop/Capstone_Model/algae_bloom_dataset\train\algae_bloom_3241.png,0
C:/Users/somal/OneDrive/Desktop/Capstone_Model/algae_bloom_dataset\train\algae_bloom_3242.png,1
C:/Users/somal/OneDrive/Desktop/Capstone_Model/algae_bloom_dataset\train\algae_bloom_3243.png,0
C:/Users/somal/OneDrive/Desktop/Capstone_Model/algae_bloom_dataset\train\algae_bloom_3244.png,0
C:/Users/somal/OneDrive/Desktop/Capstone_Model/algae_bloom_dataset\train\algae_bloom_3245.png,0
C:/Users/somal/OneDrive/Desktop/Capstone_Model/algae_bloom_dataset\train\algae_bloom_3246.png,0
C:/Users/somal/OneDrive/Desktop/Capstone_Model/algae_bloom_dataset\train\algae_bloom_3247.png,1
C:/Users/somal/OneDrive/Desktop/Capstone_Model/algae_bloom_dataset\train\algae_bloom_3248.png,0
C:/Users/somal/OneDrive/Desktop/Capstone_Model/algae_bloom_dataset\train\algae_bloom_3249.png,0
C:/Users/somal/OneDrive/Desktop/Capstone_Model/algae_bloom_dataset\train\algae_bloom_325.png,0
C:/Users/somal/OneDrive/Desktop/Capstone_Model/algae_bloom_dataset\train\algae_bloom_3250.png,0
C:/Users/somal/OneDrive/Desktop/Capstone_Model/algae_bloom_dataset\train\algae_bloom_3251.png,1
C:/Users/somal/OneDrive/Desktop/Capstone_Model/algae_bloom_dataset\train\algae_bloom_3252.png,0
C:/Users/somal/OneDrive/Desktop/Capstone_Model/algae_bloom_dataset\train\algae_bloom_3253.png,1
C:/Users/somal/OneDrive/Desktop/Capstone_Model/algae_bloom_dataset\train\algae_bloom_3254.png,1
C:/Users/somal/OneDrive/Desktop/Capstone_Model/algae_bloom_dataset\train\algae_bloom_3255.png,0
C:/Users/somal/OneDrive/Desktop/Capstone_Model/algae_bloom_dataset\train\algae_bloom_3256.png,0
C:/Users/somal/OneDrive/Desktop/Capstone_Model/algae_bloom_dataset\train\algae_bloom_3257.png,0
C:/Users/somal/OneDrive/Desktop/Capstone_Model/algae_bloom_dataset\train\algae_bloom_3258.png,0
C:/Users/somal/OneDrive/Desktop/Capstone_Model/algae_bloom_dataset\train\algae_bloom_3259.png,0
C:/Users/somal/OneDrive/Desktop/Capstone_Model/algae_bloom_dataset\train\algae_bloom_326.png,0
C:/Users/somal/OneDrive/Desktop/Capstone_Model/algae_bloom_dataset\train\algae_bloom_3260.png,1
C:/Users/somal/OneDrive/Desktop/Capstone_Model/algae_bloom_dataset\train\algae_bloom_3261.png,0
C:/Users/somal/OneDrive/Desktop/Capstone_Model/algae_bloom_dataset\train\algae_bloom_3262.png,1
C:/Users/somal/OneDrive/Desktop/Capstone_Model/algae_bloom_dataset\train\algae_bloom_3263.png,1
C:/Users/somal/OneDrive/Desktop/Capstone_Model/algae_bloom_dataset\train\algae_bloom_3264.png,0
C:/Users/somal/OneDrive/Desktop/Capstone_Model/algae_bloom_dataset\train\algae_bloom_3265.png,1
C:/Users/somal/OneDrive/Desktop/Capstone_Model/algae_bloom_dataset\train\algae_bloom_3266.png,0
C:/Users/somal/OneDrive/Desktop/Capstone_Model/algae_bloom_dataset\train\algae_bloom_3267.png,1
C:/Users/somal/OneDrive/Desktop/Capstone_Model/algae_bloom_dataset\train\algae_bloom_3268.png,1
C:/Users/somal/OneDrive/Desktop/Capstone_Model/algae_bloom_dataset\train\algae_bloom_3269.png,1
C:/Users/somal/OneDrive/Desktop/Capstone_Model/algae_bloom_dataset\train\algae_bloom_327.png,0
C:/Users/somal/OneDrive/Desktop/Capstone_Model/algae_bloom_dataset\train\algae_bloom_3270.png,0
C:/Users/somal/OneDrive/Desktop/Capstone_Model/algae_bloom_dataset\train\algae_bloom_3271.png,1
C:/Users/somal/OneDrive/Desktop/Capstone_Model/algae_bloom_dataset\train\algae_bloom_3272.png,0
C:/Users/somal/OneDrive/Desktop/Capstone_Model/algae_bloom_dataset\train\algae_bloom_3273.png,1
C:/Users/somal/OneDrive/Desktop/Capstone_Model/algae_bloom_dataset\train\algae_bloom_3274.png,0
C:/Users/somal/OneDrive/Desktop/Capstone_Model/algae_bloom_dataset\train\algae_bloom_3275.png,0
C:/Users/somal/OneDrive/Desktop/Capstone_Model/algae_bloom_dataset\train\algae_bloom_3276.png,0
C:/Users/somal/OneDrive/Desktop/Capstone_Model/algae_bloom_dataset\train\algae_bloom_3277.png,0
C:/Users/somal/OneDrive/Desktop/Capstone_Model/algae_bloom_dataset\train\algae_bloom_3278.png,1
C:/Users/somal/OneDrive/Desktop/Capstone_Model/algae_bloom_dataset\train\algae_bloom_3279.png,1
C:/Users/somal/OneDrive/Desktop/Capstone_Model/algae_bloom_dataset\train\algae_bloom_328.png,0
C:/Users/somal/OneDrive/Desktop/Capstone_Model/algae_bloom_dataset\train\algae_bloom_3280.png,0
C:/Users/somal/OneDrive/Desktop/Capstone_Model/algae_bloom_dataset\train\algae_bloom_3281.png,0
C:/Users/somal/OneDrive/Desktop/Capstone_Model/algae_bloom_dataset\train\algae_bloom_3282.png,1
C:/Users/somal/OneDrive/Desktop/Capstone_Model/algae_bloom_dataset\train\algae_bloom_3283.png,0
C:/Users/somal/OneDrive/Desktop/Capstone_Model/algae_bloom_dataset\train\algae_bloom_3284.png,0
C:/Users/somal/OneDrive/Desktop/Capstone_Model/algae_bloom_dataset\train\algae_bloom_3285.png,1
C:/Users/somal/OneDrive/Desktop/Capstone_Model/algae_bloom_dataset\train\algae_bloom_3286.png,0
C:/Users/somal/OneDrive/Desktop/Capstone_Model/algae_bloom_dataset\train\algae_bloom_3287.png,0
C:/Users/somal/OneDrive/Desktop/Capstone_Model/algae_bloom_dataset\train\algae_bloom_3288.png,0
C:/Users/somal/OneDrive/Desktop/Capstone_Model/algae_bloom_dataset\train\algae_bloom_3289.png,0
C:/Users/somal/OneDrive/Desktop/Capstone_Model/algae_bloom_dataset\train\algae_bloom_329.png,1
C:/Users/somal/OneDrive/Desktop/Capstone_Model/algae_bloom_dataset\train\algae_bloom_3290.png,0
C:/Users/somal/OneDrive/Desktop/Capstone_Model/algae_bloom_dataset\train\algae_bloom_3291.png,1
C:/Users/somal/OneDrive/Desktop/Capstone_Model/algae_bloom_dataset\train\algae_bloom_3292.png,0
C:/Users/somal/OneDrive/Desktop/Capstone_Model/algae_bloom_dataset\train\algae_bloom_3293.png,0
C:/Users/somal/OneDrive/Desktop/Capstone_Model/algae_bloom_dataset\train\algae_bloom_3294.png,1
C:/Users/somal/OneDrive/Desktop/Capstone_Model/algae_bloom_dataset\train\algae_bloom_3295.png,0
C:/Users/somal/OneDrive/Desktop/Capstone_Model/algae_bloom_dataset\train\algae_bloom_3296.png,0
C:/Users/somal/OneDrive/Desktop/Capstone_Model/algae_bloom_dataset\train\algae_bloom_3297.png,0
C:/Users/somal/OneDrive/Desktop/Capstone_Model/algae_bloom_dataset\train\algae_bloom_3298.png,0
C:/Users/somal/OneDrive/Desktop/Capstone_Model/algae_bloom_dataset\train\algae_bloom_3299.png,1
C:/Users/somal/OneDrive/Desktop/Capstone_Model/algae_bloom_dataset\train\algae_bloom_33.png,0
C:/Users/somal/OneDrive/Desktop/Capstone_Model/algae_bloom_dataset\train\algae_bloom_330.png,0
C:/Users/somal/OneDrive/Desktop/Capstone_Model/algae_bloom_dataset\train\algae_bloom_3300.png,0
C:/Users/somal/OneDrive/Desktop/Capstone_Model/algae_bloom_dataset\train\algae_bloom_3301.png,0
C:/Users/somal/OneDrive/Desktop/Capstone_Model/algae_bloom_dataset\train\algae_bloom_3302.png,1
C:/Users/somal/OneDrive/Desktop/Capstone_Model/algae_bloom_dataset\train\algae_bloom_3303.png,0
C:/Users/somal/OneDrive/Desktop/Capstone_Model/algae_bloom_dataset\train\algae_bloom_3304.png,1
C:/Users/somal/OneDrive/Desktop/Capstone_Model/algae_bloom_dataset\train\algae_bloom_3305.png,0
C:/Users/somal/OneDrive/Desktop/Capstone_Model/algae_bloom_dataset\train\algae_bloom_3306.png,0
C:/Users/somal/OneDrive/Desktop/Capstone_Model/algae_bloom_dataset\train\algae_bloom_3307.png,1
C:/Users/somal/OneDrive/Desktop/Capstone_Model/algae_bloom_dataset\train\algae_bloom_3308.png,0
C:/Users/somal/OneDrive/Desktop/Capstone_Model/algae_bloom_dataset\train\algae_bloom_3309.png,1
C:/Users/somal/OneDrive/Desktop/Capstone_Model/algae_bloom_dataset\train\algae_bloom_331.png,0
C:/Users/somal/OneDrive/Desktop/Capstone_Model/algae_bloom_dataset\train\algae_bloom_3310.png,0
C:/Users/somal/OneDrive/Desktop/Capstone_Model/algae_bloom_dataset\train\algae_bloom_3311.png,1
C:/Users/somal/OneDrive/Desktop/Capstone_Model/algae_bloom_dataset\train\algae_bloom_3312.png,0
C:/Users/somal/OneDrive/Desktop/Capstone_Model/algae_bloom_dataset\train\algae_bloom_3313.png,1
C:/Users/somal/OneDrive/Desktop/Capstone_Model/algae_bloom_dataset\train\algae_bloom_3314.png,1
C:/Users/somal/OneDrive/Desktop/Capstone_Model/algae_bloom_dataset\train\algae_bloom_3315.png,1
C:/Users/somal/OneDrive/Desktop/Capstone_Model/algae_bloom_dataset\train\algae_bloom_3316.png,0
C:/Users/somal/OneDrive/Desktop/Capstone_Model/algae_bloom_dataset\train\algae_bloom_3317.png,1
C:/Users/somal/OneDrive/Desktop/Capstone_Model/algae_bloom_dataset\train\algae_bloom_3318.png,0
C:/Users/somal/OneDrive/Desktop/Capstone_Model/algae_bloom_dataset\train\algae_bloom_3319.png,0
C:/Users/somal/OneDrive/Desktop/Capstone_Model/algae_bloom_dataset\train\algae_bloom_332.png,0
C:/Users/somal/OneDrive/Desktop/Capstone_Model/algae_bloom_dataset\train\algae_bloom_3320.png,1
C:/Users/somal/OneDrive/Desktop/Capstone_Model/algae_bloom_dataset\train\algae_bloom_3321.png,0
C:/Users/somal/OneDrive/Desktop/Capstone_Model/algae_bloom_dataset\train\algae_bloom_3322.png,1
C:/Users/somal/OneDrive/Desktop/Capstone_Model/algae_bloom_dataset\train\algae_bloom_3323.png,0
C:/Users/somal/OneDrive/Desktop/Capstone_Model/algae_bloom_dataset\train\algae_bloom_3324.png,0
C:/Users/somal/OneDrive/Desktop/Capstone_Model/algae_bloom_dataset\train\algae_bloom_3325.png,0
C:/Users/somal/OneDrive/Desktop/Capstone_Model/algae_bloom_dataset\train\algae_bloom_3326.png,0
C:/Users/somal/OneDrive/Desktop/Capstone_Model/algae_bloom_dataset\train\algae_bloom_3327.png,0
C:/Users/somal/OneDrive/Desktop/Capstone_Model/algae_bloom_dataset\train\algae_bloom_3328.png,1
C:/Users/somal/OneDrive/Desktop/Capstone_Model/algae_bloom_dataset\train\algae_bloom_3329.png,0
C:/Users/somal/OneDrive/Desktop/Capstone_Model/algae_bloom_dataset\train\algae_bloom_333.png,0
C:/Users/somal/OneDrive/Desktop/Capstone_Model/algae_bloom_dataset\train\algae_bloom_3330.png,0
C:/Users/somal/OneDrive/Desktop/Capstone_Model/algae_bloom_dataset\train\algae_bloom_3331.png,0
C:/Users/somal/OneDrive/Desktop/Capstone_Model/algae_bloom_dataset\train\algae_bloom_3332.png,0
C:/Users/somal/OneDrive/Desktop/Capstone_Model/algae_bloom_dataset\train\algae_bloom_3333.png,1
C:/Users/somal/OneDrive/Desktop/Capstone_Model/algae_bloom_dataset\train\algae_bloom_3334.png,0
C:/Users/somal/OneDrive/Desktop/Capstone_Model/algae_bloom_dataset\train\algae_bloom_3335.png,0
C:/Users/somal/OneDrive/Desktop/Capstone_Model/algae_bloom_dataset\train\algae_bloom_3336.png,0
C:/Users/somal/OneDrive/Desktop/Capstone_Model/algae_bloom_dataset\train\algae_bloom_3337.png,1
C:/Users/somal/OneDrive/Desktop/Capstone_Model/algae_bloom_dataset\train\algae_bloom_3338.png,0
C:/Users/somal/OneDrive/Desktop/Capstone_Model/algae_bloom_dataset\train\algae_bloom_3339.png,0
C:/Users/somal/OneDrive/Desktop/Capstone_Model/algae_bloom_dataset\train\algae_bloom_334.png,0
C:/Users/somal/OneDrive/Desktop/Capstone_Model/algae_bloom_dataset\train\algae_bloom_3340.png,0
C:/Users/somal/OneDrive/Desktop/Capstone_Model/algae_bloom_dataset\train\algae_bloom_3341.png,0
C:/Users/somal/OneDrive/Desktop/Capstone_Model/algae_bloom_dataset\train\algae_bloom_3342.png,0
C:/Users/somal/OneDrive/Desktop/Capstone_Model/algae_bloom_dataset\train\algae_bloom_3343.png,1
C:/Users/somal/OneDrive/Desktop/Capstone_Model/algae_bloom_dataset\train\algae_bloom_3344.png,0
C:/Users/somal/OneDrive/Desktop/Capstone_Model/algae_bloom_dataset\train\algae_bloom_3345.png,1
C:/Users/somal/OneDrive/Desktop/Capstone_Model/algae_bloom_dataset\train\algae_bloom_3346.png,0
C:/Users/somal/OneDrive/Desktop/Capstone_Model/algae_bloom_dataset\train\algae_bloom_3347.png,1
C:/Users/somal/OneDrive/Desktop/Capstone_Model/algae_bloom_dataset\train\algae_bloom_3348.png,1
C:/Users/somal/OneDrive/Desktop/Capstone_Model/algae_bloom_dataset\train\algae_bloom_3349.png,0
C:/Users/somal/OneDrive/Desktop/Capstone_Model/algae_bloom_dataset\train\algae_bloom_335.png,0
C:/Users/somal/OneDrive/Desktop/Capstone_Model/algae_bloom_dataset\train\algae_bloom_3350.png,0
C:/Users/somal/OneDrive/Desktop/Capstone_Model/algae_bloom_dataset\train\algae_bloom_3351.png,1
C:/Users/somal/OneDrive/Desktop/Capstone_Model/algae_bloom_dataset\train\algae_bloom_3352.png,0
C:/Users/somal/OneDrive/Desktop/Capstone_Model/algae_bloom_dataset\train\algae_bloom_3353.png,1
C:/Users/somal/OneDrive/Desktop/Capstone_Model/algae_bloom_dataset\train\algae_bloom_3354.png,0
C:/Users/somal/OneDrive/Desktop/Capstone_Model/algae_bloom_dataset\train\algae_bloom_3355.png,0
C:/Users/somal/OneDrive/Desktop/Capstone_Model/algae_bloom_dataset\train\algae_bloom_3356.png,1
C:/Users/somal/OneDrive/Desktop/Capstone_Model/algae_bloom_dataset\train\algae_bloom_3357.png,1
C:/Users/somal/OneDrive/Desktop/Capstone_Model/algae_bloom_dataset\train\algae_bloom_3358.png,0
C:/Users/somal/OneDrive/Desktop/Capstone_Model/algae_bloom_dataset\train\algae_bloom_3359.png,1
C:/Users/somal/OneDrive/Desktop/Capstone_Model/algae_bloom_dataset\train\algae_bloom_336.png,0
C:/Users/somal/OneDrive/Desktop/Capstone_Model/algae_bloom_dataset\train\algae_bloom_3360.png,0
C:/Users/somal/OneDrive/Desktop/Capstone_Model/algae_bloom_dataset\train\algae_bloom_3361.png,0
C:/Users/somal/OneDrive/Desktop/Capstone_Model/algae_bloom_dataset\train\algae_bloom_3362.png,0
C:/Users/somal/OneDrive/Desktop/Capstone_Model/algae_bloom_dataset\train\algae_bloom_3363.png,0
C:/Users/somal/OneDrive/Desktop/Capstone_Model/algae_bloom_dataset\train\algae_bloom_3364.png,1
C:/Users/somal/OneDrive/Desktop/Capstone_Model/algae_bloom_dataset\train\algae_bloom_3365.png,0
C:/Users/somal/OneDrive/Desktop/Capstone_Model/algae_bloom_dataset\train\algae_bloom_3366.png,0
C:/Users/somal/OneDrive/Desktop/Capstone_Model/algae_bloom_dataset\train\algae_bloom_3367.png,0
C:/Users/somal/OneDrive/Desktop/Capstone_Model/algae_bloom_dataset\train\algae_bloom_3368.png,1
C:/Users/somal/OneDrive/Desktop/Capstone_Model/algae_bloom_dataset\train\algae_bloom_3369.png,0
C:/Users/somal/OneDrive/Desktop/Capstone_Model/algae_bloom_dataset\train\algae_bloom_337.png,1
C:/Users/somal/OneDrive/Desktop/Capstone_Model/algae_bloom_dataset\train\algae_bloom_3370.png,0
C:/Users/somal/OneDrive/Desktop/Capstone_Model/algae_bloom_dataset\train\algae_bloom_3371.png,1
C:/Users/somal/OneDrive/Desktop/Capstone_Model/algae_bloom_dataset\train\algae_bloom_3372.png,1
C:/Users/somal/OneDrive/Desktop/Capstone_Model/algae_bloom_dataset\train\algae_bloom_3373.png,0
C:/Users/somal/OneDrive/Desktop/Capstone_Model/algae_bloom_dataset\train\algae_bloom_3374.png,1
C:/Users/somal/OneDrive/Desktop/Capstone_Model/algae_bloom_dataset\train\algae_bloom_3375.png,0
C:/Users/somal/OneDrive/Desktop/Capstone_Model/algae_bloom_dataset\train\algae_bloom_3376.png,0
C:/Users/somal/OneDrive/Desktop/Capstone_Model/algae_bloom_dataset\train\algae_bloom_3377.png,1
C:/Users/somal/OneDrive/Desktop/Capstone_Model/algae_bloom_dataset\train\algae_bloom_3378.png,0
C:/Users/somal/OneDrive/Desktop/Capstone_Model/algae_bloom_dataset\train\algae_bloom_3379.png,0
C:/Users/somal/OneDrive/Desktop/Capstone_Model/algae_bloom_dataset\train\algae_bloom_338.png,1
C:/Users/somal/OneDrive/Desktop/Capstone_Model/algae_bloom_dataset\train\algae_bloom_3380.png,0
C:/Users/somal/OneDrive/Desktop/Capstone_Model/algae_bloom_dataset\train\algae_bloom_3381.png,0
C:/Users/somal/OneDrive/Desktop/Capstone_Model/algae_bloom_dataset\train\algae_bloom_3382.png,1
C:/Users/somal/OneDrive/Desktop/Capstone_Model/algae_bloom_dataset\train\algae_bloom_3383.png,1
C:/Users/somal/OneDrive/Desktop/Capstone_Model/algae_bloom_dataset\train\algae_bloom_3384.png,0
C:/Users/somal/OneDrive/Desktop/Capstone_Model/algae_bloom_dataset\train\algae_bloom_3385.png,0
C:/Users/somal/OneDrive/Desktop/Capstone_Model/algae_bloom_dataset\train\algae_bloom_3386.png,1
C:/Users/somal/OneDrive/Desktop/Capstone_Model/algae_bloom_dataset\train\algae_bloom_3387.png,1
C:/Users/somal/OneDrive/Desktop/Capstone_Model/algae_bloom_dataset\train\algae_bloom_3388.png,0
C:/Users/somal/OneDrive/Desktop/Capstone_Model/algae_bloom_dataset\train\algae_bloom_3389.png,0
C:/Users/somal/OneDrive/Desktop/Capstone_Model/algae_bloom_dataset\train\algae_bloom_339.png,0
C:/Users/somal/OneDrive/Desktop/Capstone_Model/algae_bloom_dataset\train\algae_bloom_3390.png,1
C:/Users/somal/OneDrive/Desktop/Capstone_Model/algae_bloom_dataset\train\algae_bloom_3391.png,1
C:/Users/somal/OneDrive/Desktop/Capstone_Model/algae_bloom_dataset\train\algae_bloom_3392.png,0
C:/Users/somal/OneDrive/Desktop/Capstone_Model/algae_bloom_dataset\train\algae_bloom_3393.png,1
C:/Users/somal/OneDrive/Desktop/Capstone_Model/algae_bloom_dataset\train\algae_bloom_3394.png,1
C:/Users/somal/OneDrive/Desktop/Capstone_Model/algae_bloom_dataset\train\algae_bloom_3395.png,0
C:/Users/somal/OneDrive/Desktop/Capstone_Model/algae_bloom_dataset\train\algae_bloom_3396.png,0
C:/Users/somal/OneDrive/Desktop/Capstone_Model/algae_bloom_dataset\train\algae_bloom_3397.png,0
C:/Users/somal/OneDrive/Desktop/Capstone_Model/algae_bloom_dataset\train\algae_bloom_3398.png,0
C:/Users/somal/OneDrive/Desktop/Capstone_Model/algae_bloom_dataset\train\algae_bloom_3399.png,0
C:/Users/somal/OneDrive/Desktop/Capstone_Model/algae_bloom_dataset\train\algae_bloom_34.png,1
C:/Users/somal/OneDrive/Desktop/Capstone_Model/algae_bloom_dataset\train\algae_bloom_340.png,0
C:/Users/somal/OneDrive/Desktop/Capstone_Model/algae_bloom_dataset\train\algae_bloom_3400.png,0
C:/Users/somal/OneDrive/Desktop/Capstone_Model/algae_bloom_dataset\train\algae_bloom_3401.png,1
C:/Users/somal/OneDrive/Desktop/Capstone_Model/algae_bloom_dataset\train\algae_bloom_3402.png,1
C:/Users/somal/OneDrive/Desktop/Capstone_Model/algae_bloom_dataset\train\algae_bloom_3403.png,0
C:/Users/somal/OneDrive/Desktop/Capstone_Model/algae_bloom_dataset\train\algae_bloom_3404.png,0
C:/Users/somal/OneDrive/Desktop/Capstone_Model/algae_bloom_dataset\train\algae_bloom_3405.png,0
C:/Users/somal/OneDrive/Desktop/Capstone_Model/algae_bloom_dataset\train\algae_bloom_3406.png,1
C:/Users/somal/OneDrive/Desktop/Capstone_Model/algae_bloom_dataset\train\algae_bloom_3407.png,0
C:/Users/somal/OneDrive/Desktop/Capstone_Model/algae_bloom_dataset\train\algae_bloom_3408.png,0
C:/Users/somal/OneDrive/Desktop/Capstone_Model/algae_bloom_dataset\train\algae_bloom_3409.png,0
C:/Users/somal/OneDrive/Desktop/Capstone_Model/algae_bloom_dataset\train\algae_bloom_341.png,1
C:/Users/somal/OneDrive/Desktop/Capstone_Model/algae_bloom_dataset\train\algae_bloom_3410.png,1
C:/Users/somal/OneDrive/Desktop/Capstone_Model/algae_bloom_dataset\train\algae_bloom_3411.png,0
C:/Users/somal/OneDrive/Desktop/Capstone_Model/algae_bloom_dataset\train\algae_bloom_3412.png,1
C:/Users/somal/OneDrive/Desktop/Capstone_Model/algae_bloom_dataset\train\algae_bloom_3413.png,1
C:/Users/somal/OneDrive/Desktop/Capstone_Model/algae_bloom_dataset\train\algae_bloom_3414.png,1
C:/Users/somal/OneDrive/Desktop/Capstone_Model/algae_bloom_dataset\train\algae_bloom_3415.png,0
C:/Users/somal/OneDrive/Desktop/Capstone_Model/algae_bloom_dataset\train\algae_bloom_3416.png,1
C:/Users/somal/OneDrive/Desktop/Capstone_Model/algae_bloom_dataset\train\algae_bloom_3417.png,0
C:/Users/somal/OneDrive/Desktop/Capstone_Model/algae_bloom_dataset\train\algae_bloom_3418.png,1
C:/Users/somal/OneDrive/Desktop/Capstone_Model/algae_bloom_dataset\train\algae_bloom_3419.png,1
C:/Users/somal/OneDrive/Desktop/Capstone_Model/algae_bloom_dataset\train\algae_bloom_342.png,0
C:/Users/somal/OneDrive/Desktop/Capstone_Model/algae_bloom_dataset\train\algae_bloom_3420.png,0
C:/Users/somal/OneDrive/Desktop/Capstone_Model/algae_bloom_dataset\train\algae_bloom_3421.png,0
C:/Users/somal/OneDrive/Desktop/Capstone_Model/algae_bloom_dataset\train\algae_bloom_3422.png,1
C:/Users/somal/OneDrive/Desktop/Capstone_Model/algae_bloom_dataset\train\algae_bloom_3423.png,0
C:/Users/somal/OneDrive/Desktop/Capstone_Model/algae_bloom_dataset\train\algae_bloom_3424.png,0
C:/Users/somal/OneDrive/Desktop/Capstone_Model/algae_bloom_dataset\train\algae_bloom_3425.png,0
C:/Users/somal/OneDrive/Desktop/Capstone_Model/algae_bloom_dataset\train\algae_bloom_3426.png,1
C:/Users/somal/OneDrive/Desktop/Capstone_Model/algae_bloom_dataset\train\algae_bloom_3427.png,0
C:/Users/somal/OneDrive/Desktop/Capstone_Model/algae_bloom_dataset\train\algae_bloom_3428.png,1
C:/Users/somal/OneDrive/Desktop/Capstone_Model/algae_bloom_dataset\train\algae_bloom_3429.png,1
C:/Users/somal/OneDrive/Desktop/Capstone_Model/algae_bloom_dataset\train\algae_bloom_343.png,0
C:/Users/somal/OneDrive/Desktop/Capstone_Model/algae_bloom_dataset\train\algae_bloom_3430.png,0
C:/Users/somal/OneDrive/Desktop/Capstone_Model/algae_bloom_dataset\train\algae_bloom_3431.png,0
C:/Users/somal/OneDrive/Desktop/Capstone_Model/algae_bloom_dataset\train\algae_bloom_3432.png,0
C:/Users/somal/OneDrive/Desktop/Capstone_Model/algae_bloom_dataset\train\algae_bloom_3433.png,0
C:/Users/somal/OneDrive/Desktop/Capstone_Model/algae_bloom_dataset\train\algae_bloom_3434.png,1
C:/Users/somal/OneDrive/Desktop/Capstone_Model/algae_bloom_dataset\train\algae_bloom_3435.png,0
C:/Users/somal/OneDrive/Desktop/Capstone_Model/algae_bloom_dataset\train\algae_bloom_3436.png,0
C:/Users/somal/OneDrive/Desktop/Capstone_Model/algae_bloom_dataset\train\algae_bloom_3437.png,0
C:/Users/somal/OneDrive/Desktop/Capstone_Model/algae_bloom_dataset\train\algae_bloom_3438.png,1
C:/Users/somal/OneDrive/Desktop/Capstone_Model/algae_bloom_dataset\train\algae_bloom_3439.png,0
C:/Users/somal/OneDrive/Desktop/Capstone_Model/algae_bloom_dataset\train\algae_bloom_344.png,0
C:/Users/somal/OneDrive/Desktop/Capstone_Model/algae_bloom_dataset\train\algae_bloom_3440.png,1
C:/Users/somal/OneDrive/Desktop/Capstone_Model/algae_bloom_dataset\train\algae_bloom_3441.png,0
C:/Users/somal/OneDrive/Desktop/Capstone_Model/algae_bloom_dataset\train\algae_bloom_3442.png,0
C:/Users/somal/OneDrive/Desktop/Capstone_Model/algae_bloom_dataset\train\algae_bloom_3443.png,1
C:/Users/somal/OneDrive/Desktop/Capstone_Model/algae_bloom_dataset\train\algae_bloom_3444.png,1
C:/Users/somal/OneDrive/Desktop/Capstone_Model/algae_bloom_dataset\train\algae_bloom_3445.png,1
C:/Users/somal/OneDrive/Desktop/Capstone_Model/algae_bloom_dataset\train\algae_bloom_3446.png,1
C:/Users/somal/OneDrive/Desktop/Capstone_Model/algae_bloom_dataset\train\algae_bloom_3447.png,0
C:/Users/somal/OneDrive/Desktop/Capstone_Model/algae_bloom_dataset\train\algae_bloom_3448.png,1
C:/Users/somal/OneDrive/Desktop/Capstone_Model/algae_bloom_dataset\train\algae_bloom_3449.png,1
C:/Users/somal/OneDrive/Desktop/Capstone_Model/algae_bloom_dataset\train\algae_bloom_345.png,1
C:/Users/somal/OneDrive/Desktop/Capstone_Model/algae_bloom_dataset\train\algae_bloom_3450.png,1
C:/Users/somal/OneDrive/Desktop/Capstone_Model/algae_bloom_dataset\train\algae_bloom_3451.png,1
C:/Users/somal/OneDrive/Desktop/Capstone_Model/algae_bloom_dataset\train\algae_bloom_3452.png,1
C:/Users/somal/OneDrive/Desktop/Capstone_Model/algae_bloom_dataset\train\algae_bloom_3453.png,0
C:/Users/somal/OneDrive/Desktop/Capstone_Model/algae_bloom_dataset\train\algae_bloom_3454.png,1
C:/Users/somal/OneDrive/Desktop/Capstone_Model/algae_bloom_dataset\train\algae_bloom_3455.png,0
C:/Users/somal/OneDrive/Desktop/Capstone_Model/algae_bloom_dataset\train\algae_bloom_3456.png,1
C:/Users/somal/OneDrive/Desktop/Capstone_Model/algae_bloom_dataset\train\algae_bloom_3457.png,0
C:/Users/somal/OneDrive/Desktop/Capstone_Model/algae_bloom_dataset\train\algae_bloom_3458.png,0
C:/Users/somal/OneDrive/Desktop/Capstone_Model/algae_bloom_dataset\train\algae_bloom_3459.png,1
C:/Users/somal/OneDrive/Desktop/Capstone_Model/algae_bloom_dataset\train\algae_bloom_346.png,1
C:/Users/somal/OneDrive/Desktop/Capstone_Model/algae_bloom_dataset\train\algae_bloom_3460.png,0
C:/Users/somal/OneDrive/Desktop/Capstone_Model/algae_bloom_dataset\train\algae_bloom_3461.png,1
C:/Users/somal/OneDrive/Desktop/Capstone_Model/algae_bloom_dataset\train\algae_bloom_3462.png,0
C:/Users/somal/OneDrive/Desktop/Capstone_Model/algae_bloom_dataset\train\algae_bloom_3463.png,0
C:/Users/somal/OneDrive/Desktop/Capstone_Model/algae_bloom_dataset\train\algae_bloom_3464.png,0
C:/Users/somal/OneDrive/Desktop/Capstone_Model/algae_bloom_dataset\train\algae_bloom_3465.png,0
C:/Users/somal/OneDrive/Desktop/Capstone_Model/algae_bloom_dataset\train\algae_bloom_3466.png,1
C:/Users/somal/OneDrive/Desktop/Capstone_Model/algae_bloom_dataset\train\algae_bloom_3467.png,1
C:/Users/somal/OneDrive/Desktop/Capstone_Model/algae_bloom_dataset\train\algae_bloom_3468.png,0
C:/Users/somal/OneDrive/Desktop/Capstone_Model/algae_bloom_dataset\train\algae_bloom_3469.png,0
C:/Users/somal/OneDrive/Desktop/Capstone_Model/algae_bloom_dataset\train\algae_bloom_347.png,0
C:/Users/somal/OneDrive/Desktop/Capstone_Model/algae_bloom_dataset\train\algae_bloom_3470.png,0
C:/Users/somal/OneDrive/Desktop/Capstone_Model/algae_bloom_dataset\train\algae_bloom_3471.png,0
C:/Users/somal/OneDrive/Desktop/Capstone_Model/algae_bloom_dataset\train\algae_bloom_3472.png,1
C:/Users/somal/OneDrive/Desktop/Capstone_Model/algae_bloom_dataset\train\algae_bloom_3473.png,1
C:/Users/somal/OneDrive/Desktop/Capstone_Model/algae_bloom_dataset\train\algae_bloom_3474.png,0
C:/Users/somal/OneDrive/Desktop/Capstone_Model/algae_bloom_dataset\train\algae_bloom_3475.png,1
C:/Users/somal/OneDrive/Desktop/Capstone_Model/algae_bloom_dataset\train\algae_bloom_3476.png,0
C:/Users/somal/OneDrive/Desktop/Capstone_Model/algae_bloom_dataset\train\algae_bloom_3477.png,0
C:/Users/somal/OneDrive/Desktop/Capstone_Model/algae_bloom_dataset\train\algae_bloom_3478.png,1
C:/Users/somal/OneDrive/Desktop/Capstone_Model/algae_bloom_dataset\train\algae_bloom_3479.png,0
C:/Users/somal/OneDrive/Desktop/Capstone_Model/algae_bloom_dataset\train\algae_bloom_348.png,1
C:/Users/somal/OneDrive/Desktop/Capstone_Model/algae_bloom_dataset\train\algae_bloom_3480.png,1
C:/Users/somal/OneDrive/Desktop/Capstone_Model/algae_bloom_dataset\train\algae_bloom_3481.png,0
C:/Users/somal/OneDrive/Desktop/Capstone_Model/algae_bloom_dataset\train\algae_bloom_3482.png,0
C:/Users/somal/OneDrive/Desktop/Capstone_Model/algae_bloom_dataset\train\algae_bloom_3483.png,1
C:/Users/somal/OneDrive/Desktop/Capstone_Model/algae_bloom_dataset\train\algae_bloom_3484.png,0
C:/Users/somal/OneDrive/Desktop/Capstone_Model/algae_bloom_dataset\train\algae_bloom_3485.png,0
C:/Users/somal/OneDrive/Desktop/Capstone_Model/algae_bloom_dataset\train\algae_bloom_3486.png,1
C:/Users/somal/OneDrive/Desktop/Capstone_Model/algae_bloom_dataset\train\algae_bloom_3487.png,0
C:/Users/somal/OneDrive/Desktop/Capstone_Model/algae_bloom_dataset\train\algae_bloom_3488.png,1
C:/Users/somal/OneDrive/Desktop/Capstone_Model/algae_bloom_dataset\train\algae_bloom_3489.png,0
C:/Users/somal/OneDrive/Desktop/Capstone_Model/algae_bloom_dataset\train\algae_bloom_349.png,1
C:/Users/somal/OneDrive/Desktop/Capstone_Model/algae_bloom_dataset\train\algae_bloom_3490.png,1
C:/Users/somal/OneDrive/Desktop/Capstone_Model/algae_bloom_dataset\train\algae_bloom_3491.png,0
C:/Users/somal/OneDrive/Desktop/Capstone_Model/algae_bloom_dataset\train\algae_bloom_3492.png,0
C:/Users/somal/OneDrive/Desktop/Capstone_Model/algae_bloom_dataset\train\algae_bloom_3493.png,0
C:/Users/somal/OneDrive/Desktop/Capstone_Model/algae_bloom_dataset\train\algae_bloom_3494.png,0
C:/Users/somal/OneDrive/Desktop/Capstone_Model/algae_bloom_dataset\train\algae_bloom_3495.png,1
C:/Users/somal/OneDrive/Desktop/Capstone_Model/algae_bloom_dataset\train\algae_bloom_3496.png,0
C:/Users/somal/OneDrive/Desktop/Capstone_Model/algae_bloom_dataset\train\algae_bloom_3497.png,0
C:/Users/somal/OneDrive/Desktop/Capstone_Model/algae_bloom_dataset\train\algae_bloom_3498.png,1
C:/Users/somal/OneDrive/Desktop/Capstone_Model/algae_bloom_dataset\train\algae_bloom_3499.png,0
C:/Users/somal/OneDrive/Desktop/Capstone_Model/algae_bloom_dataset\train\algae_bloom_35.png,0
C:/Users/somal/OneDrive/Desktop/Capstone_Model/algae_bloom_dataset\train\algae_bloom_350.png,0
C:/Users/somal/OneDrive/Desktop/Capstone_Model/algae_bloom_dataset\train\algae_bloom_3500.png,1
C:/Users/somal/OneDrive/Desktop/Capstone_Model/algae_bloom_dataset\train\algae_bloom_3501.png,1
C:/Users/somal/OneDrive/Desktop/Capstone_Model/algae_bloom_dataset\train\algae_bloom_3502.png,0
C:/Users/somal/OneDrive/Desktop/Capstone_Model/algae_bloom_dataset\train\algae_bloom_3503.png,0
C:/Users/somal/OneDrive/Desktop/Capstone_Model/algae_bloom_dataset\train\algae_bloom_3504.png,0
C:/Users/somal/OneDrive/Desktop/Capstone_Model/algae_bloom_dataset\train\algae_bloom_3505.png,1
C:/Users/somal/OneDrive/Desktop/Capstone_Model/algae_bloom_dataset\train\algae_bloom_3506.png,0
C:/Users/somal/OneDrive/Desktop/Capstone_Model/algae_bloom_dataset\train\algae_bloom_3507.png,0
C:/Users/somal/OneDrive/Desktop/Capstone_Model/algae_bloom_dataset\train\algae_bloom_3508.png,1
C:/Users/somal/OneDrive/Desktop/Capstone_Model/algae_bloom_dataset\train\algae_bloom_3509.png,0
C:/Users/somal/OneDrive/Desktop/Capstone_Model/algae_bloom_dataset\train\algae_bloom_351.png,1
C:/Users/somal/OneDrive/Desktop/Capstone_Model/algae_bloom_dataset\train\algae_bloom_3510.png,0
C:/Users/somal/OneDrive/Desktop/Capstone_Model/algae_bloom_dataset\train\algae_bloom_3511.png,1
C:/Users/somal/OneDrive/Desktop/Capstone_Model/algae_bloom_dataset\train\algae_bloom_3512.png,1
C:/Users/somal/OneDrive/Desktop/Capstone_Model/algae_bloom_dataset\train\algae_bloom_3513.png,1
C:/Users/somal/OneDrive/Desktop/Capstone_Model/algae_bloom_dataset\train\algae_bloom_3514.png,0
C:/Users/somal/OneDrive/Desktop/Capstone_Model/algae_bloom_dataset\train\algae_bloom_3515.png,1
C:/Users/somal/OneDrive/Desktop/Capstone_Model/algae_bloom_dataset\train\algae_bloom_3516.png,0
C:/Users/somal/OneDrive/Desktop/Capstone_Model/algae_bloom_dataset\train\algae_bloom_3517.png,1
C:/Users/somal/OneDrive/Desktop/Capstone_Model/algae_bloom_dataset\train\algae_bloom_3518.png,0
C:/Users/somal/OneDrive/Desktop/Capstone_Model/algae_bloom_dataset\train\algae_bloom_3519.png,0
C:/Users/somal/OneDrive/Desktop/Capstone_Model/algae_bloom_dataset\train\algae_bloom_352.png,1
C:/Users/somal/OneDrive/Desktop/Capstone_Model/algae_bloom_dataset\train\algae_bloom_3520.png,0
C:/Users/somal/OneDrive/Desktop/Capstone_Model/algae_bloom_dataset\train\algae_bloom_3521.png,1
C:/Users/somal/OneDrive/Desktop/Capstone_Model/algae_bloom_dataset\train\algae_bloom_3522.png,0
C:/Users/somal/OneDrive/Desktop/Capstone_Model/algae_bloom_dataset\train\algae_bloom_3523.png,1
C:/Users/somal/OneDrive/Desktop/Capstone_Model/algae_bloom_dataset\train\algae_bloom_3524.png,0
C:/Users/somal/OneDrive/Desktop/Capstone_Model/algae_bloom_dataset\train\algae_bloom_3525.png,1
C:/Users/somal/OneDrive/Desktop/Capstone_Model/algae_bloom_dataset\train\algae_bloom_3526.png,1
C:/Users/somal/OneDrive/Desktop/Capstone_Model/algae_bloom_dataset\train\algae_bloom_3527.png,0
C:/Users/somal/OneDrive/Desktop/Capstone_Model/algae_bloom_dataset\train\algae_bloom_3528.png,0
C:/Users/somal/OneDrive/Desktop/Capstone_Model/algae_bloom_dataset\train\algae_bloom_3529.png,1
C:/Users/somal/OneDrive/Desktop/Capstone_Model/algae_bloom_dataset\train\algae_bloom_353.png,1
C:/Users/somal/OneDrive/Desktop/Capstone_Model/algae_bloom_dataset\train\algae_bloom_3530.png,0
C:/Users/somal/OneDrive/Desktop/Capstone_Model/algae_bloom_dataset\train\algae_bloom_3531.png,1
C:/Users/somal/OneDrive/Desktop/Capstone_Model/algae_bloom_dataset\train\algae_bloom_3532.png,1
C:/Users/somal/OneDrive/Desktop/Capstone_Model/algae_bloom_dataset\train\algae_bloom_3533.png,0
C:/Users/somal/OneDrive/Desktop/Capstone_Model/algae_bloom_dataset\train\algae_bloom_3534.png,0
C:/Users/somal/OneDrive/Desktop/Capstone_Model/algae_bloom_dataset\train\algae_bloom_3535.png,0
C:/Users/somal/OneDrive/Desktop/Capstone_Model/algae_bloom_dataset\train\algae_bloom_3536.png,0
C:/Users/somal/OneDrive/Desktop/Capstone_Model/algae_bloom_dataset\train\algae_bloom_3537.png,0
C:/Users/somal/OneDrive/Desktop/Capstone_Model/algae_bloom_dataset\train\algae_bloom_3538.png,0
C:/Users/somal/OneDrive/Desktop/Capstone_Model/algae_bloom_dataset\train\algae_bloom_3539.png,0
C:/Users/somal/OneDrive/Desktop/Capstone_Model/algae_bloom_dataset\train\algae_bloom_354.png,0
C:/Users/somal/OneDrive/Desktop/Capstone_Model/algae_bloom_dataset\train\algae_bloom_3540.png,0
C:/Users/somal/OneDrive/Desktop/Capstone_Model/algae_bloom_dataset\train\algae_bloom_3541.png,1
C:/Users/somal/OneDrive/Desktop/Capstone_Model/algae_bloom_dataset\train\algae_bloom_3542.png,0
C:/Users/somal/OneDrive/Desktop/Capstone_Model/algae_bloom_dataset\train\algae_bloom_3543.png,1
C:/Users/somal/OneDrive/Desktop/Capstone_Model/algae_bloom_dataset\train\algae_bloom_3544.png,1
C:/Users/somal/OneDrive/Desktop/Capstone_Model/algae_bloom_dataset\train\algae_bloom_3545.png,1
C:/Users/somal/OneDrive/Desktop/Capstone_Model/algae_bloom_dataset\train\algae_bloom_3546.png,1
C:/Users/somal/OneDrive/Desktop/Capstone_Model/algae_bloom_dataset\train\algae_bloom_3547.png,0
C:/Users/somal/OneDrive/Desktop/Capstone_Model/algae_bloom_dataset\train\algae_bloom_3548.png,1
C:/Users/somal/OneDrive/Desktop/Capstone_Model/algae_bloom_dataset\train\algae_bloom_3549.png,0
C:/Users/somal/OneDrive/Desktop/Capstone_Model/algae_bloom_dataset\train\algae_bloom_355.png,0
C:/Users/somal/OneDrive/Desktop/Capstone_Model/algae_bloom_dataset\train\algae_bloom_3550.png,0
C:/Users/somal/OneDrive/Desktop/Capstone_Model/algae_bloom_dataset\train\algae_bloom_3551.png,0
C:/Users/somal/OneDrive/Desktop/Capstone_Model/algae_bloom_dataset\train\algae_bloom_3552.png,0
C:/Users/somal/OneDrive/Desktop/Capstone_Model/algae_bloom_dataset\train\algae_bloom_3553.png,1
C:/Users/somal/OneDrive/Desktop/Capstone_Model/algae_bloom_dataset\train\algae_bloom_3554.png,0
C:/Users/somal/OneDrive/Desktop/Capstone_Model/algae_bloom_dataset\train\algae_bloom_3555.png,0
C:/Users/somal/OneDrive/Desktop/Capstone_Model/algae_bloom_dataset\train\algae_bloom_3556.png,1
C:/Users/somal/OneDrive/Desktop/Capstone_Model/algae_bloom_dataset\train\algae_bloom_3557.png,0
C:/Users/somal/OneDrive/Desktop/Capstone_Model/algae_bloom_dataset\train\algae_bloom_3558.png,0
C:/Users/somal/OneDrive/Desktop/Capstone_Model/algae_bloom_dataset\train\algae_bloom_3559.png,1
C:/Users/somal/OneDrive/Desktop/Capstone_Model/algae_bloom_dataset\train\algae_bloom_356.png,0
C:/Users/somal/OneDrive/Desktop/Capstone_Model/algae_bloom_dataset\train\algae_bloom_3560.png,0
C:/Users/somal/OneDrive/Desktop/Capstone_Model/algae_bloom_dataset\train\algae_bloom_3561.png,0
C:/Users/somal/OneDrive/Desktop/Capstone_Model/algae_bloom_dataset\train\algae_bloom_3562.png,0
C:/Users/somal/OneDrive/Desktop/Capstone_Model/algae_bloom_dataset\train\algae_bloom_3563.png,0
C:/Users/somal/OneDrive/Desktop/Capstone_Model/algae_bloom_dataset\train\algae_bloom_3564.png,0
C:/Users/somal/OneDrive/Desktop/Capstone_Model/algae_bloom_dataset\train\algae_bloom_3565.png,1
C:/Users/somal/OneDrive/Desktop/Capstone_Model/algae_bloom_dataset\train\algae_bloom_3566.png,1
C:/Users/somal/OneDrive/Desktop/Capstone_Model/algae_bloom_dataset\train\algae_bloom_3567.png,1
C:/Users/somal/OneDrive/Desktop/Capstone_Model/algae_bloom_dataset\train\algae_bloom_3568.png,0
C:/Users/somal/OneDrive/Desktop/Capstone_Model/algae_bloom_dataset\train\algae_bloom_3569.png,0
C:/Users/somal/OneDrive/Desktop/Capstone_Model/algae_bloom_dataset\train\algae_bloom_357.png,1
C:/Users/somal/OneDrive/Desktop/Capstone_Model/algae_bloom_dataset\train\algae_bloom_3570.png,0
C:/Users/somal/OneDrive/Desktop/Capstone_Model/algae_bloom_dataset\train\algae_bloom_3571.png,0
C:/Users/somal/OneDrive/Desktop/Capstone_Model/algae_bloom_dataset\train\algae_bloom_3572.png,0
C:/Users/somal/OneDrive/Desktop/Capstone_Model/algae_bloom_dataset\train\algae_bloom_3573.png,0
C:/Users/somal/OneDrive/Desktop/Capstone_Model/algae_bloom_dataset\train\algae_bloom_3574.png,0
C:/Users/somal/OneDrive/Desktop/Capstone_Model/algae_bloom_dataset\train\algae_bloom_3575.png,1
C:/Users/somal/OneDrive/Desktop/Capstone_Model/algae_bloom_dataset\train\algae_bloom_3576.png,0
C:/Users/somal/OneDrive/Desktop/Capstone_Model/algae_bloom_dataset\train\algae_bloom_3577.png,0
C:/Users/somal/OneDrive/Desktop/Capstone_Model/algae_bloom_dataset\train\algae_bloom_3578.png,1
C:/Users/somal/OneDrive/Desktop/Capstone_Model/algae_bloom_dataset\train\algae_bloom_3579.png,0
C:/Users/somal/OneDrive/Desktop/Capstone_Model/algae_bloom_dataset\train\algae_bloom_358.png,0
C:/Users/somal/OneDrive/Desktop/Capstone_Model/algae_bloom_dataset\train\algae_bloom_3580.png,0
C:/Users/somal/OneDrive/Desktop/Capstone_Model/algae_bloom_dataset\train\algae_bloom_3581.png,0
C:/Users/somal/OneDrive/Desktop/Capstone_Model/algae_bloom_dataset\train\algae_bloom_3582.png,0
C:/Users/somal/OneDrive/Desktop/Capstone_Model/algae_bloom_dataset\train\algae_bloom_3583.png,0
C:/Users/somal/OneDrive/Desktop/Capstone_Model/algae_bloom_dataset\train\algae_bloom_3584.png,1
C:/Users/somal/OneDrive/Desktop/Capstone_Model/algae_bloom_dataset\train\algae_bloom_3585.png,1
C:/Users/somal/OneDrive/Desktop/Capstone_Model/algae_bloom_dataset\train\algae_bloom_3586.png,0
C:/Users/somal/OneDrive/Desktop/Capstone_Model/algae_bloom_dataset\train\algae_bloom_3587.png,1
C:/Users/somal/OneDrive/Desktop/Capstone_Model/algae_bloom_dataset\train\algae_bloom_3588.png,1
C:/Users/somal/OneDrive/Desktop/Capstone_Model/algae_bloom_dataset\train\algae_bloom_3589.png,0
C:/Users/somal/OneDrive/Desktop/Capstone_Model/algae_bloom_dataset\train\algae_bloom_359.png,0
C:/Users/somal/OneDrive/Desktop/Capstone_Model/algae_bloom_dataset\train\algae_bloom_3590.png,0
C:/Users/somal/OneDrive/Desktop/Capstone_Model/algae_bloom_dataset\train\algae_bloom_3591.png,1
C:/Users/somal/OneDrive/Desktop/Capstone_Model/algae_bloom_dataset\train\algae_bloom_3592.png,1
C:/Users/somal/OneDrive/Desktop/Capstone_Model/algae_bloom_dataset\train\algae_bloom_3593.png,1
C:/Users/somal/OneDrive/Desktop/Capstone_Model/algae_bloom_dataset\train\algae_bloom_3594.png,0
C:/Users/somal/OneDrive/Desktop/Capstone_Model/algae_bloom_dataset\train\algae_bloom_3595.png,1
C:/Users/somal/OneDrive/Desktop/Capstone_Model/algae_bloom_dataset\train\algae_bloom_3596.png,0
C:/Users/somal/OneDrive/Desktop/Capstone_Model/algae_bloom_dataset\train\algae_bloom_3597.png,0
C:/Users/somal/OneDrive/Desktop/Capstone_Model/algae_bloom_dataset\train\algae_bloom_3598.png,0
C:/Users/somal/OneDrive/Desktop/Capstone_Model/algae_bloom_dataset\train\algae_bloom_3599.png,0
C:/Users/somal/OneDrive/Desktop/Capstone_Model/algae_bloom_dataset\train\algae_bloom_36.png,0
C:/Users/somal/OneDrive/Desktop/Capstone_Model/algae_bloom_dataset\train\algae_bloom_360.png,0
C:/Users/somal/OneDrive/Desktop/Capstone_Model/algae_bloom_dataset\train\algae_bloom_3600.png,0
C:/Users/somal/OneDrive/Desktop/Capstone_Model/algae_bloom_dataset\train\algae_bloom_3601.png,0
C:/Users/somal/OneDrive/Desktop/Capstone_Model/algae_bloom_dataset\train\algae_bloom_3602.png,1
C:/Users/somal/OneDrive/Desktop/Capstone_Model/algae_bloom_dataset\train\algae_bloom_3603.png,0
C:/Users/somal/OneDrive/Desktop/Capstone_Model/algae_bloom_dataset\train\algae_bloom_3604.png,0
C:/Users/somal/OneDrive/Desktop/Capstone_Model/algae_bloom_dataset\train\algae_bloom_3605.png,1
C:/Users/somal/OneDrive/Desktop/Capstone_Model/algae_bloom_dataset\train\algae_bloom_3606.png,0
C:/Users/somal/OneDrive/Desktop/Capstone_Model/algae_bloom_dataset\train\algae_bloom_3607.png,0
C:/Users/somal/OneDrive/Desktop/Capstone_Model/algae_bloom_dataset\train\algae_bloom_3608.png,0
C:/Users/somal/OneDrive/Desktop/Capstone_Model/algae_bloom_dataset\train\algae_bloom_3609.png,1
C:/Users/somal/OneDrive/Desktop/Capstone_Model/algae_bloom_dataset\train\algae_bloom_361.png,1
C:/Users/somal/OneDrive/Desktop/Capstone_Model/algae_bloom_dataset\train\algae_bloom_3610.png,0
C:/Users/somal/OneDrive/Desktop/Capstone_Model/algae_bloom_dataset\train\algae_bloom_3611.png,0
C:/Users/somal/OneDrive/Desktop/Capstone_Model/algae_bloom_dataset\train\algae_bloom_3612.png,0
C:/Users/somal/OneDrive/Desktop/Capstone_Model/algae_bloom_dataset\train\algae_bloom_3613.png,0
C:/Users/somal/OneDrive/Desktop/Capstone_Model/algae_bloom_dataset\train\algae_bloom_3614.png,0
C:/Users/somal/OneDrive/Desktop/Capstone_Model/algae_bloom_dataset\train\algae_bloom_3615.png,1
C:/Users/somal/OneDrive/Desktop/Capstone_Model/algae_bloom_dataset\train\algae_bloom_3616.png,0
C:/Users/somal/OneDrive/Desktop/Capstone_Model/algae_bloom_dataset\train\algae_bloom_3617.png,0
C:/Users/somal/OneDrive/Desktop/Capstone_Model/algae_bloom_dataset\train\algae_bloom_3618.png,0
C:/Users/somal/OneDrive/Desktop/Capstone_Model/algae_bloom_dataset\train\algae_bloom_3619.png,0
C:/Users/somal/OneDrive/Desktop/Capstone_Model/algae_bloom_dataset\train\algae_bloom_362.png,0
C:/Users/somal/OneDrive/Desktop/Capstone_Model/algae_bloom_dataset\train\algae_bloom_3620.png,0
C:/Users/somal/OneDrive/Desktop/Capstone_Model/algae_bloom_dataset\train\algae_bloom_3621.png,0
C:/Users/somal/OneDrive/Desktop/Capstone_Model/algae_bloom_dataset\train\algae_bloom_3622.png,0
C:/Users/somal/OneDrive/Desktop/Capstone_Model/algae_bloom_dataset\train\algae_bloom_3623.png,0
C:/Users/somal/OneDrive/Desktop/Capstone_Model/algae_bloom_dataset\train\algae_bloom_3624.png,0
C:/Users/somal/OneDrive/Desktop/Capstone_Model/algae_bloom_dataset\train\algae_bloom_3625.png,0
C:/Users/somal/OneDrive/Desktop/Capstone_Model/algae_bloom_dataset\train\algae_bloom_3626.png,0
C:/Users/somal/OneDrive/Desktop/Capstone_Model/algae_bloom_dataset\train\algae_bloom_3627.png,0
C:/Users/somal/OneDrive/Desktop/Capstone_Model/algae_bloom_dataset\train\algae_bloom_3628.png,0
C:/Users/somal/OneDrive/Desktop/Capstone_Model/algae_bloom_dataset\train\algae_bloom_3629.png,0
C:/Users/somal/OneDrive/Desktop/Capstone_Model/algae_bloom_dataset\train\algae_bloom_363.png,0
C:/Users/somal/OneDrive/Desktop/Capstone_Model/algae_bloom_dataset\train\algae_bloom_3630.png,0
C:/Users/somal/OneDrive/Desktop/Capstone_Model/algae_bloom_dataset\train\algae_bloom_3631.png,0
C:/Users/somal/OneDrive/Desktop/Capstone_Model/algae_bloom_dataset\train\algae_bloom_3632.png,0
C:/Users/somal/OneDrive/Desktop/Capstone_Model/algae_bloom_dataset\train\algae_bloom_3633.png,0
C:/Users/somal/OneDrive/Desktop/Capstone_Model/algae_bloom_dataset\train\algae_bloom_3634.png,0
C:/Users/somal/OneDrive/Desktop/Capstone_Model/algae_bloom_dataset\train\algae_bloom_3635.png,0
C:/Users/somal/OneDrive/Desktop/Capstone_Model/algae_bloom_dataset\train\algae_bloom_3636.png,0
C:/Users/somal/OneDrive/Desktop/Capstone_Model/algae_bloom_dataset\train\algae_bloom_3637.png,0
C:/Users/somal/OneDrive/Desktop/Capstone_Model/algae_bloom_dataset\train\algae_bloom_3638.png,1
C:/Users/somal/OneDrive/Desktop/Capstone_Model/algae_bloom_dataset\train\algae_bloom_3639.png,0
C:/Users/somal/OneDrive/Desktop/Capstone_Model/algae_bloom_dataset\train\algae_bloom_364.png,0
C:/Users/somal/OneDrive/Desktop/Capstone_Model/algae_bloom_dataset\train\algae_bloom_3640.png,0
C:/Users/somal/OneDrive/Desktop/Capstone_Model/algae_bloom_dataset\train\algae_bloom_3641.png,0
C:/Users/somal/OneDrive/Desktop/Capstone_Model/algae_bloom_dataset\train\algae_bloom_3642.png,0
C:/Users/somal/OneDrive/Desktop/Capstone_Model/algae_bloom_dataset\train\algae_bloom_3643.png,0
C:/Users/somal/OneDrive/Desktop/Capstone_Model/algae_bloom_dataset\train\algae_bloom_3644.png,1
C:/Users/somal/OneDrive/Desktop/Capstone_Model/algae_bloom_dataset\train\algae_bloom_3645.png,0
C:/Users/somal/OneDrive/Desktop/Capstone_Model/algae_bloom_dataset\train\algae_bloom_3646.png,0
C:/Users/somal/OneDrive/Desktop/Capstone_Model/algae_bloom_dataset\train\algae_bloom_3647.png,0
C:/Users/somal/OneDrive/Desktop/Capstone_Model/algae_bloom_dataset\train\algae_bloom_3648.png,0
C:/Users/somal/OneDrive/Desktop/Capstone_Model/algae_bloom_dataset\train\algae_bloom_3649.png,0
C:/Users/somal/OneDrive/Desktop/Capstone_Model/algae_bloom_dataset\train\algae_bloom_365.png,1
C:/Users/somal/OneDrive/Desktop/Capstone_Model/algae_bloom_dataset\train\algae_bloom_3650.png,0
C:/Users/somal/OneDrive/Desktop/Capstone_Model/algae_bloom_dataset\train\algae_bloom_3651.png,0
C:/Users/somal/OneDrive/Desktop/Capstone_Model/algae_bloom_dataset\train\algae_bloom_3652.png,0
C:/Users/somal/OneDrive/Desktop/Capstone_Model/algae_bloom_dataset\train\algae_bloom_3653.png,1
C:/Users/somal/OneDrive/Desktop/Capstone_Model/algae_bloom_dataset\train\algae_bloom_3654.png,0
C:/Users/somal/OneDrive/Desktop/Capstone_Model/algae_bloom_dataset\train\algae_bloom_3655.png,0
C:/Users/somal/OneDrive/Desktop/Capstone_Model/algae_bloom_dataset\train\algae_bloom_3656.png,0
C:/Users/somal/OneDrive/Desktop/Capstone_Model/algae_bloom_dataset\train\algae_bloom_3657.png,0
C:/Users/somal/OneDrive/Desktop/Capstone_Model/algae_bloom_dataset\train\algae_bloom_3658.png,0
C:/Users/somal/OneDrive/Desktop/Capstone_Model/algae_bloom_dataset\train\algae_bloom_3659.png,0
C:/Users/somal/OneDrive/Desktop/Capstone_Model/algae_bloom_dataset\train\algae_bloom_366.png,1
C:/Users/somal/OneDrive/Desktop/Capstone_Model/algae_bloom_dataset\train\algae_bloom_3660.png,1
C:/Users/somal/OneDrive/Desktop/Capstone_Model/algae_bloom_dataset\train\algae_bloom_3661.png,0
C:/Users/somal/OneDrive/Desktop/Capstone_Model/algae_bloom_dataset\train\algae_bloom_3662.png,0
C:/Users/somal/OneDrive/Desktop/Capstone_Model/algae_bloom_dataset\train\algae_bloom_3663.png,1
C:/Users/somal/OneDrive/Desktop/Capstone_Model/algae_bloom_dataset\train\algae_bloom_3664.png,0
C:/Users/somal/OneDrive/Desktop/Capstone_Model/algae_bloom_dataset\train\algae_bloom_3665.png,0
C:/Users/somal/OneDrive/Desktop/Capstone_Model/algae_bloom_dataset\train\algae_bloom_3666.png,0
C:/Users/somal/OneDrive/Desktop/Capstone_Model/algae_bloom_dataset\train\algae_bloom_3667.png,0
C:/Users/somal/OneDrive/Desktop/Capstone_Model/algae_bloom_dataset\train\algae_bloom_3668.png,1
C:/Users/somal/OneDrive/Desktop/Capstone_Model/algae_bloom_dataset\train\algae_bloom_3669.png,0
C:/Users/somal/OneDrive/Desktop/Capstone_Model/algae_bloom_dataset\train\algae_bloom_367.png,0
C:/Users/somal/OneDrive/Desktop/Capstone_Model/algae_bloom_dataset\train\algae_bloom_3670.png,1
C:/Users/somal/OneDrive/Desktop/Capstone_Model/algae_bloom_dataset\train\algae_bloom_3671.png,1
C:/Users/somal/OneDrive/Desktop/Capstone_Model/algae_bloom_dataset\train\algae_bloom_3672.png,0
C:/Users/somal/OneDrive/Desktop/Capstone_Model/algae_bloom_dataset\train\algae_bloom_3673.png,0
C:/Users/somal/OneDrive/Desktop/Capstone_Model/algae_bloom_dataset\train\algae_bloom_3674.png,0
C:/Users/somal/OneDrive/Desktop/Capstone_Model/algae_bloom_dataset\train\algae_bloom_3675.png,0
C:/Users/somal/OneDrive/Desktop/Capstone_Model/algae_bloom_dataset\train\algae_bloom_3676.png,1
C:/Users/somal/OneDrive/Desktop/Capstone_Model/algae_bloom_dataset\train\algae_bloom_3677.png,1
C:/Users/somal/OneDrive/Desktop/Capstone_Model/algae_bloom_dataset\train\algae_bloom_3678.png,1
C:/Users/somal/OneDrive/Desktop/Capstone_Model/algae_bloom_dataset\train\algae_bloom_3679.png,1
C:/Users/somal/OneDrive/Desktop/Capstone_Model/algae_bloom_dataset\train\algae_bloom_368.png,0
C:/Users/somal/OneDrive/Desktop/Capstone_Model/algae_bloom_dataset\train\algae_bloom_3680.png,0
C:/Users/somal/OneDrive/Desktop/Capstone_Model/algae_bloom_dataset\train\algae_bloom_3681.png,0
C:/Users/somal/OneDrive/Desktop/Capstone_Model/algae_bloom_dataset\train\algae_bloom_3682.png,0
C:/Users/somal/OneDrive/Desktop/Capstone_Model/algae_bloom_dataset\train\algae_bloom_3683.png,1
C:/Users/somal/OneDrive/Desktop/Capstone_Model/algae_bloom_dataset\train\algae_bloom_3684.png,1
C:/Users/somal/OneDrive/Desktop/Capstone_Model/algae_bloom_dataset\train\algae_bloom_3685.png,0
C:/Users/somal/OneDrive/Desktop/Capstone_Model/algae_bloom_dataset\train\algae_bloom_3686.png,0
C:/Users/somal/OneDrive/Desktop/Capstone_Model/algae_bloom_dataset\train\algae_bloom_3687.png,0
C:/Users/somal/OneDrive/Desktop/Capstone_Model/algae_bloom_dataset\train\algae_bloom_3688.png,1
C:/Users/somal/OneDrive/Desktop/Capstone_Model/algae_bloom_dataset\train\algae_bloom_3689.png,0
C:/Users/somal/OneDrive/Desktop/Capstone_Model/algae_bloom_dataset\train\algae_bloom_369.png,0
C:/Users/somal/OneDrive/Desktop/Capstone_Model/algae_bloom_dataset\train\algae_bloom_3690.png,0
C:/Users/somal/OneDrive/Desktop/Capstone_Model/algae_bloom_dataset\train\algae_bloom_3691.png,0
C:/Users/somal/OneDrive/Desktop/Capstone_Model/algae_bloom_dataset\train\algae_bloom_3692.png,0
C:/Users/somal/OneDrive/Desktop/Capstone_Model/algae_bloom_dataset\train\algae_bloom_3693.png,0
C:/Users/somal/OneDrive/Desktop/Capstone_Model/algae_bloom_dataset\train\algae_bloom_3694.png,1
C:/Users/somal/OneDrive/Desktop/Capstone_Model/algae_bloom_dataset\train\algae_bloom_3695.png,0
C:/Users/somal/OneDrive/Desktop/Capstone_Model/algae_bloom_dataset\train\algae_bloom_3696.png,0
C:/Users/somal/OneDrive/Desktop/Capstone_Model/algae_bloom_dataset\train\algae_bloom_3697.png,0
C:/Users/somal/OneDrive/Desktop/Capstone_Model/algae_bloom_dataset\train\algae_bloom_3698.png,1
C:/Users/somal/OneDrive/Desktop/Capstone_Model/algae_bloom_dataset\train\algae_bloom_3699.png,1
C:/Users/somal/OneDrive/Desktop/Capstone_Model/algae_bloom_dataset\train\algae_bloom_37.png,0
C:/Users/somal/OneDrive/Desktop/Capstone_Model/algae_bloom_dataset\train\algae_bloom_370.png,1
C:/Users/somal/OneDrive/Desktop/Capstone_Model/algae_bloom_dataset\train\algae_bloom_3700.png,0
C:/Users/somal/OneDrive/Desktop/Capstone_Model/algae_bloom_dataset\train\algae_bloom_3701.png,0
C:/Users/somal/OneDrive/Desktop/Capstone_Model/algae_bloom_dataset\train\algae_bloom_3702.png,0
C:/Users/somal/OneDrive/Desktop/Capstone_Model/algae_bloom_dataset\train\algae_bloom_3703.png,0
C:/Users/somal/OneDrive/Desktop/Capstone_Model/algae_bloom_dataset\train\algae_bloom_3704.png,1
C:/Users/somal/OneDrive/Desktop/Capstone_Model/algae_bloom_dataset\train\algae_bloom_3705.png,0
C:/Users/somal/OneDrive/Desktop/Capstone_Model/algae_bloom_dataset\train\algae_bloom_3706.png,0
C:/Users/somal/OneDrive/Desktop/Capstone_Model/algae_bloom_dataset\train\algae_bloom_3707.png,0
C:/Users/somal/OneDrive/Desktop/Capstone_Model/algae_bloom_dataset\train\algae_bloom_3708.png,1
C:/Users/somal/OneDrive/Desktop/Capstone_Model/algae_bloom_dataset\train\algae_bloom_3709.png,0
C:/Users/somal/OneDrive/Desktop/Capstone_Model/algae_bloom_dataset\train\algae_bloom_371.png,1
C:/Users/somal/OneDrive/Desktop/Capstone_Model/algae_bloom_dataset\train\algae_bloom_3710.png,0
C:/Users/somal/OneDrive/Desktop/Capstone_Model/algae_bloom_dataset\train\algae_bloom_3711.png,0
C:/Users/somal/OneDrive/Desktop/Capstone_Model/algae_bloom_dataset\train\algae_bloom_3712.png,0
C:/Users/somal/OneDrive/Desktop/Capstone_Model/algae_bloom_dataset\train\algae_bloom_3713.png,0
C:/Users/somal/OneDrive/Desktop/Capstone_Model/algae_bloom_dataset\train\algae_bloom_3714.png,0
C:/Users/somal/OneDrive/Desktop/Capstone_Model/algae_bloom_dataset\train\algae_bloom_3715.png,0
C:/Users/somal/OneDrive/Desktop/Capstone_Model/algae_bloom_dataset\train\algae_bloom_3716.png,0
C:/Users/somal/OneDrive/Desktop/Capstone_Model/algae_bloom_dataset\train\algae_bloom_3717.png,0
C:/Users/somal/OneDrive/Desktop/Capstone_Model/algae_bloom_dataset\train\algae_bloom_3718.png,0
C:/Users/somal/OneDrive/Desktop/Capstone_Model/algae_bloom_dataset\train\algae_bloom_3719.png,0
C:/Users/somal/OneDrive/Desktop/Capstone_Model/algae_bloom_dataset\train\algae_bloom_372.png,0
C:/Users/somal/OneDrive/Desktop/Capstone_Model/algae_bloom_dataset\train\algae_bloom_3720.png,0
C:/Users/somal/OneDrive/Desktop/Capstone_Model/algae_bloom_dataset\train\algae_bloom_3721.png,0
C:/Users/somal/OneDrive/Desktop/Capstone_Model/algae_bloom_dataset\train\algae_bloom_3722.png,0
C:/Users/somal/OneDrive/Desktop/Capstone_Model/algae_bloom_dataset\train\algae_bloom_3723.png,1
C:/Users/somal/OneDrive/Desktop/Capstone_Model/algae_bloom_dataset\train\algae_bloom_3724.png,1
C:/Users/somal/OneDrive/Desktop/Capstone_Model/algae_bloom_dataset\train\algae_bloom_3725.png,0
C:/Users/somal/OneDrive/Desktop/Capstone_Model/algae_bloom_dataset\train\algae_bloom_3726.png,0
C:/Users/somal/OneDrive/Desktop/Capstone_Model/algae_bloom_dataset\train\algae_bloom_3727.png,0
C:/Users/somal/OneDrive/Desktop/Capstone_Model/algae_bloom_dataset\train\algae_bloom_3728.png,0
C:/Users/somal/OneDrive/Desktop/Capstone_Model/algae_bloom_dataset\train\algae_bloom_3729.png,0
C:/Users/somal/OneDrive/Desktop/Capstone_Model/algae_bloom_dataset\train\algae_bloom_373.png,0
C:/Users/somal/OneDrive/Desktop/Capstone_Model/algae_bloom_dataset\train\algae_bloom_3730.png,0
C:/Users/somal/OneDrive/Desktop/Capstone_Model/algae_bloom_dataset\train\algae_bloom_3731.png,0
C:/Users/somal/OneDrive/Desktop/Capstone_Model/algae_bloom_dataset\train\algae_bloom_3732.png,0
C:/Users/somal/OneDrive/Desktop/Capstone_Model/algae_bloom_dataset\train\algae_bloom_3733.png,0
C:/Users/somal/OneDrive/Desktop/Capstone_Model/algae_bloom_dataset\train\algae_bloom_3734.png,0
C:/Users/somal/OneDrive/Desktop/Capstone_Model/algae_bloom_dataset\train\algae_bloom_3735.png,1
C:/Users/somal/OneDrive/Desktop/Capstone_Model/algae_bloom_dataset\train\algae_bloom_3736.png,0
C:/Users/somal/OneDrive/Desktop/Capstone_Model/algae_bloom_dataset\train\algae_bloom_3737.png,0
C:/Users/somal/OneDrive/Desktop/Capstone_Model/algae_bloom_dataset\train\algae_bloom_3738.png,0
C:/Users/somal/OneDrive/Desktop/Capstone_Model/algae_bloom_dataset\train\algae_bloom_3739.png,1
C:/Users/somal/OneDrive/Desktop/Capstone_Model/algae_bloom_dataset\train\algae_bloom_374.png,0
C:/Users/somal/OneDrive/Desktop/Capstone_Model/algae_bloom_dataset\train\algae_bloom_3740.png,0
C:/Users/somal/OneDrive/Desktop/Capstone_Model/algae_bloom_dataset\train\algae_bloom_3741.png,0
C:/Users/somal/OneDrive/Desktop/Capstone_Model/algae_bloom_dataset\train\algae_bloom_3742.png,1
C:/Users/somal/OneDrive/Desktop/Capstone_Model/algae_bloom_dataset\train\algae_bloom_3743.png,0
C:/Users/somal/OneDrive/Desktop/Capstone_Model/algae_bloom_dataset\train\algae_bloom_3744.png,1
C:/Users/somal/OneDrive/Desktop/Capstone_Model/algae_bloom_dataset\train\algae_bloom_3745.png,0
C:/Users/somal/OneDrive/Desktop/Capstone_Model/algae_bloom_dataset\train\algae_bloom_3746.png,0
C:/Users/somal/OneDrive/Desktop/Capstone_Model/algae_bloom_dataset\train\algae_bloom_3747.png,1
C:/Users/somal/OneDrive/Desktop/Capstone_Model/algae_bloom_dataset\train\algae_bloom_3748.png,1
C:/Users/somal/OneDrive/Desktop/Capstone_Model/algae_bloom_dataset\train\algae_bloom_3749.png,1
C:/Users/somal/OneDrive/Desktop/Capstone_Model/algae_bloom_dataset\train\algae_bloom_375.png,0
C:/Users/somal/OneDrive/Desktop/Capstone_Model/algae_bloom_dataset\train\algae_bloom_3750.png,0
C:/Users/somal/OneDrive/Desktop/Capstone_Model/algae_bloom_dataset\train\algae_bloom_3751.png,0
C:/Users/somal/OneDrive/Desktop/Capstone_Model/algae_bloom_dataset\train\algae_bloom_3752.png,0
C:/Users/somal/OneDrive/Desktop/Capstone_Model/algae_bloom_dataset\train\algae_bloom_3753.png,0
C:/Users/somal/OneDrive/Desktop/Capstone_Model/algae_bloom_dataset\train\algae_bloom_3754.png,1
C:/Users/somal/OneDrive/Desktop/Capstone_Model/algae_bloom_dataset\train\algae_bloom_3755.png,0
C:/Users/somal/OneDrive/Desktop/Capstone_Model/algae_bloom_dataset\train\algae_bloom_3756.png,0
C:/Users/somal/OneDrive/Desktop/Capstone_Model/algae_bloom_dataset\train\algae_bloom_3757.png,0
C:/Users/somal/OneDrive/Desktop/Capstone_Model/algae_bloom_dataset\train\algae_bloom_3758.png,0
C:/Users/somal/OneDrive/Desktop/Capstone_Model/algae_bloom_dataset\train\algae_bloom_3759.png,0
C:/Users/somal/OneDrive/Desktop/Capstone_Model/algae_bloom_dataset\train\algae_bloom_376.png,0
C:/Users/somal/OneDrive/Desktop/Capstone_Model/algae_bloom_dataset\train\algae_bloom_3760.png,0
C:/Users/somal/OneDrive/Desktop/Capstone_Model/algae_bloom_dataset\train\algae_bloom_3761.png,0
C:/Users/somal/OneDrive/Desktop/Capstone_Model/algae_bloom_dataset\train\algae_bloom_3762.png,1
C:/Users/somal/OneDrive/Desktop/Capstone_Model/algae_bloom_dataset\train\algae_bloom_3763.png,0
C:/Users/somal/OneDrive/Desktop/Capstone_Model/algae_bloom_dataset\train\algae_bloom_3764.png,0
C:/Users/somal/OneDrive/Desktop/Capstone_Model/algae_bloom_dataset\train\algae_bloom_3765.png,0
C:/Users/somal/OneDrive/Desktop/Capstone_Model/algae_bloom_dataset\train\algae_bloom_3766.png,0
C:/Users/somal/OneDrive/Desktop/Capstone_Model/algae_bloom_dataset\train\algae_bloom_3767.png,0
C:/Users/somal/OneDrive/Desktop/Capstone_Model/algae_bloom_dataset\train\algae_bloom_3768.png,1
C:/Users/somal/OneDrive/Desktop/Capstone_Model/algae_bloom_dataset\train\algae_bloom_3769.png,0
C:/Users/somal/OneDrive/Desktop/Capstone_Model/algae_bloom_dataset\train\algae_bloom_377.png,0
C:/Users/somal/OneDrive/Desktop/Capstone_Model/algae_bloom_dataset\train\algae_bloom_3770.png,0
C:/Users/somal/OneDrive/Desktop/Capstone_Model/algae_bloom_dataset\train\algae_bloom_3771.png,0
C:/Users/somal/OneDrive/Desktop/Capstone_Model/algae_bloom_dataset\train\algae_bloom_3772.png,1
C:/Users/somal/OneDrive/Desktop/Capstone_Model/algae_bloom_dataset\train\algae_bloom_3773.png,0
C:/Users/somal/OneDrive/Desktop/Capstone_Model/algae_bloom_dataset\train\algae_bloom_3774.png,1
C:/Users/somal/OneDrive/Desktop/Capstone_Model/algae_bloom_dataset\train\algae_bloom_3775.png,1
C:/Users/somal/OneDrive/Desktop/Capstone_Model/algae_bloom_dataset\train\algae_bloom_3776.png,1
C:/Users/somal/OneDrive/Desktop/Capstone_Model/algae_bloom_dataset\train\algae_bloom_3777.png,1
C:/Users/somal/OneDrive/Desktop/Capstone_Model/algae_bloom_dataset\train\algae_bloom_3778.png,1
C:/Users/somal/OneDrive/Desktop/Capstone_Model/algae_bloom_dataset\train\algae_bloom_3779.png,0
C:/Users/somal/OneDrive/Desktop/Capstone_Model/algae_bloom_dataset\train\algae_bloom_378.png,1
C:/Users/somal/OneDrive/Desktop/Capstone_Model/algae_bloom_dataset\train\algae_bloom_3780.png,0
C:/Users/somal/OneDrive/Desktop/Capstone_Model/algae_bloom_dataset\train\algae_bloom_3781.png,0
C:/Users/somal/OneDrive/Desktop/Capstone_Model/algae_bloom_dataset\train\algae_bloom_3782.png,0
C:/Users/somal/OneDrive/Desktop/Capstone_Model/algae_bloom_dataset\train\algae_bloom_3783.png,0
C:/Users/somal/OneDrive/Desktop/Capstone_Model/algae_bloom_dataset\train\algae_bloom_3784.png,0
C:/Users/somal/OneDrive/Desktop/Capstone_Model/algae_bloom_dataset\train\algae_bloom_3785.png,0
C:/Users/somal/OneDrive/Desktop/Capstone_Model/algae_bloom_dataset\train\algae_bloom_3786.png,1
C:/Users/somal/OneDrive/Desktop/Capstone_Model/algae_bloom_dataset\train\algae_bloom_3787.png,0
C:/Users/somal/OneDrive/Desktop/Capstone_Model/algae_bloom_dataset\train\algae_bloom_3788.png,0
C:/Users/somal/OneDrive/Desktop/Capstone_Model/algae_bloom_dataset\train\algae_bloom_3789.png,1
C:/Users/somal/OneDrive/Desktop/Capstone_Model/algae_bloom_dataset\train\algae_bloom_379.png,0
C:/Users/somal/OneDrive/Desktop/Capstone_Model/algae_bloom_dataset\train\algae_bloom_3790.png,0
C:/Users/somal/OneDrive/Desktop/Capstone_Model/algae_bloom_dataset\train\algae_bloom_3791.png,0
C:/Users/somal/OneDrive/Desktop/Capstone_Model/algae_bloom_dataset\train\algae_bloom_3792.png,0
C:/Users/somal/OneDrive/Desktop/Capstone_Model/algae_bloom_dataset\train\algae_bloom_3793.png,0
C:/Users/somal/OneDrive/Desktop/Capstone_Model/algae_bloom_dataset\train\algae_bloom_3794.png,0
C:/Users/somal/OneDrive/Desktop/Capstone_Model/algae_bloom_dataset\train\algae_bloom_3795.png,1
C:/Users/somal/OneDrive/Desktop/Capstone_Model/algae_bloom_dataset\train\algae_bloom_3796.png,1
C:/Users/somal/OneDrive/Desktop/Capstone_Model/algae_bloom_dataset\train\algae_bloom_3797.png,1
C:/Users/somal/OneDrive/Desktop/Capstone_Model/algae_bloom_dataset\train\algae_bloom_3798.png,1
C:/Users/somal/OneDrive/Desktop/Capstone_Model/algae_bloom_dataset\train\algae_bloom_3799.png,0
C:/Users/somal/OneDrive/Desktop/Capstone_Model/algae_bloom_dataset\train\algae_bloom_38.png,0
C:/Users/somal/OneDrive/Desktop/Capstone_Model/algae_bloom_dataset\train\algae_bloom_380.png,1
C:/Users/somal/OneDrive/Desktop/Capstone_Model/algae_bloom_dataset\train\algae_bloom_3800.png,0
C:/Users/somal/OneDrive/Desktop/Capstone_Model/algae_bloom_dataset\train\algae_bloom_3801.png,0
C:/Users/somal/OneDrive/Desktop/Capstone_Model/algae_bloom_dataset\train\algae_bloom_3802.png,0
C:/Users/somal/OneDrive/Desktop/Capstone_Model/algae_bloom_dataset\train\algae_bloom_3803.png,0
C:/Users/somal/OneDrive/Desktop/Capstone_Model/algae_bloom_dataset\train\algae_bloom_3804.png,0
C:/Users/somal/OneDrive/Desktop/Capstone_Model/algae_bloom_dataset\train\algae_bloom_3805.png,0
C:/Users/somal/OneDrive/Desktop/Capstone_Model/algae_bloom_dataset\train\algae_bloom_3806.png,1
C:/Users/somal/OneDrive/Desktop/Capstone_Model/algae_bloom_dataset\train\algae_bloom_3807.png,1
C:/Users/somal/OneDrive/Desktop/Capstone_Model/algae_bloom_dataset\train\algae_bloom_3808.png,1
C:/Users/somal/OneDrive/Desktop/Capstone_Model/algae_bloom_dataset\train\algae_bloom_3809.png,1
C:/Users/somal/OneDrive/Desktop/Capstone_Model/algae_bloom_dataset\train\algae_bloom_381.png,0
C:/Users/somal/OneDrive/Desktop/Capstone_Model/algae_bloom_dataset\train\algae_bloom_3810.png,1
C:/Users/somal/OneDrive/Desktop/Capstone_Model/algae_bloom_dataset\train\algae_bloom_3811.png,0
C:/Users/somal/OneDrive/Desktop/Capstone_Model/algae_bloom_dataset\train\algae_bloom_3812.png,0
C:/Users/somal/OneDrive/Desktop/Capstone_Model/algae_bloom_dataset\train\algae_bloom_3813.png,0
C:/Users/somal/OneDrive/Desktop/Capstone_Model/algae_bloom_dataset\train\algae_bloom_3814.png,0
C:/Users/somal/OneDrive/Desktop/Capstone_Model/algae_bloom_dataset\train\algae_bloom_3815.png,0
C:/Users/somal/OneDrive/Desktop/Capstone_Model/algae_bloom_dataset\train\algae_bloom_3816.png,0
C:/Users/somal/OneDrive/Desktop/Capstone_Model/algae_bloom_dataset\train\algae_bloom_3817.png,1
C:/Users/somal/OneDrive/Desktop/Capstone_Model/algae_bloom_dataset\train\algae_bloom_3818.png,1
C:/Users/somal/OneDrive/Desktop/Capstone_Model/algae_bloom_dataset\train\algae_bloom_3819.png,1
C:/Users/somal/OneDrive/Desktop/Capstone_Model/algae_bloom_dataset\train\algae_bloom_382.png,0
C:/Users/somal/OneDrive/Desktop/Capstone_Model/algae_bloom_dataset\train\algae_bloom_3820.png,1
C:/Users/somal/OneDrive/Desktop/Capstone_Model/algae_bloom_dataset\train\algae_bloom_3821.png,0
C:/Users/somal/OneDrive/Desktop/Capstone_Model/algae_bloom_dataset\train\algae_bloom_3822.png,0
C:/Users/somal/OneDrive/Desktop/Capstone_Model/algae_bloom_dataset\train\algae_bloom_3823.png,0
C:/Users/somal/OneDrive/Desktop/Capstone_Model/algae_bloom_dataset\train\algae_bloom_3824.png,1
C:/Users/somal/OneDrive/Desktop/Capstone_Model/algae_bloom_dataset\train\algae_bloom_3825.png,1
C:/Users/somal/OneDrive/Desktop/Capstone_Model/algae_bloom_dataset\train\algae_bloom_3826.png,0
C:/Users/somal/OneDrive/Desktop/Capstone_Model/algae_bloom_dataset\train\algae_bloom_3827.png,0
C:/Users/somal/OneDrive/Desktop/Capstone_Model/algae_bloom_dataset\train\algae_bloom_3828.png,0
C:/Users/somal/OneDrive/Desktop/Capstone_Model/algae_bloom_dataset\train\algae_bloom_3829.png,0
C:/Users/somal/OneDrive/Desktop/Capstone_Model/algae_bloom_dataset\train\algae_bloom_383.png,0
C:/Users/somal/OneDrive/Desktop/Capstone_Model/algae_bloom_dataset\train\algae_bloom_3830.png,1
C:/Users/somal/OneDrive/Desktop/Capstone_Model/algae_bloom_dataset\train\algae_bloom_3831.png,0
C:/Users/somal/OneDrive/Desktop/Capstone_Model/algae_bloom_dataset\train\algae_bloom_3832.png,0
C:/Users/somal/OneDrive/Desktop/Capstone_Model/algae_bloom_dataset\train\algae_bloom_3833.png,0
C:/Users/somal/OneDrive/Desktop/Capstone_Model/algae_bloom_dataset\train\algae_bloom_3834.png,0
C:/Users/somal/OneDrive/Desktop/Capstone_Model/algae_bloom_dataset\train\algae_bloom_3835.png,0
C:/Users/somal/OneDrive/Desktop/Capstone_Model/algae_bloom_dataset\train\algae_bloom_3836.png,0
C:/Users/somal/OneDrive/Desktop/Capstone_Model/algae_bloom_dataset\train\algae_bloom_3837.png,0
C:/Users/somal/OneDrive/Desktop/Capstone_Model/algae_bloom_dataset\train\algae_bloom_3838.png,1
C:/Users/somal/OneDrive/Desktop/Capstone_Model/algae_bloom_dataset\train\algae_bloom_3839.png,0
C:/Users/somal/OneDrive/Desktop/Capstone_Model/algae_bloom_dataset\train\algae_bloom_384.png,1
C:/Users/somal/OneDrive/Desktop/Capstone_Model/algae_bloom_dataset\train\algae_bloom_3840.png,1
C:/Users/somal/OneDrive/Desktop/Capstone_Model/algae_bloom_dataset\train\algae_bloom_3841.png,1
C:/Users/somal/OneDrive/Desktop/Capstone_Model/algae_bloom_dataset\train\algae_bloom_3842.png,0
C:/Users/somal/OneDrive/Desktop/Capstone_Model/algae_bloom_dataset\train\algae_bloom_3843.png,0
C:/Users/somal/OneDrive/Desktop/Capstone_Model/algae_bloom_dataset\train\algae_bloom_3844.png,1
C:/Users/somal/OneDrive/Desktop/Capstone_Model/algae_bloom_dataset\train\algae_bloom_3845.png,0
C:/Users/somal/OneDrive/Desktop/Capstone_Model/algae_bloom_dataset\train\algae_bloom_3846.png,1
C:/Users/somal/OneDrive/Desktop/Capstone_Model/algae_bloom_dataset\train\algae_bloom_3847.png,0
C:/Users/somal/OneDrive/Desktop/Capstone_Model/algae_bloom_dataset\train\algae_bloom_3848.png,0
C:/Users/somal/OneDrive/Desktop/Capstone_Model/algae_bloom_dataset\train\algae_bloom_3849.png,0
C:/Users/somal/OneDrive/Desktop/Capstone_Model/algae_bloom_dataset\train\algae_bloom_385.png,1
C:/Users/somal/OneDrive/Desktop/Capstone_Model/algae_bloom_dataset\train\algae_bloom_3850.png,1
C:/Users/somal/OneDrive/Desktop/Capstone_Model/algae_bloom_dataset\train\algae_bloom_3851.png,0
C:/Users/somal/OneDrive/Desktop/Capstone_Model/algae_bloom_dataset\train\algae_bloom_3852.png,0
C:/Users/somal/OneDrive/Desktop/Capstone_Model/algae_bloom_dataset\train\algae_bloom_3853.png,0
C:/Users/somal/OneDrive/Desktop/Capstone_Model/algae_bloom_dataset\train\algae_bloom_3854.png,1
C:/Users/somal/OneDrive/Desktop/Capstone_Model/algae_bloom_dataset\train\algae_bloom_3855.png,0
C:/Users/somal/OneDrive/Desktop/Capstone_Model/algae_bloom_dataset\train\algae_bloom_3856.png,1
C:/Users/somal/OneDrive/Desktop/Capstone_Model/algae_bloom_dataset\train\algae_bloom_3857.png,0
C:/Users/somal/OneDrive/Desktop/Capstone_Model/algae_bloom_dataset\train\algae_bloom_3858.png,1
C:/Users/somal/OneDrive/Desktop/Capstone_Model/algae_bloom_dataset\train\algae_bloom_3859.png,0
C:/Users/somal/OneDrive/Desktop/Capstone_Model/algae_bloom_dataset\train\algae_bloom_386.png,0
C:/Users/somal/OneDrive/Desktop/Capstone_Model/algae_bloom_dataset\train\algae_bloom_3860.png,1
C:/Users/somal/OneDrive/Desktop/Capstone_Model/algae_bloom_dataset\train\algae_bloom_3861.png,1
C:/Users/somal/OneDrive/Desktop/Capstone_Model/algae_bloom_dataset\train\algae_bloom_3862.png,0
C:/Users/somal/OneDrive/Desktop/Capstone_Model/algae_bloom_dataset\train\algae_bloom_3863.png,0
C:/Users/somal/OneDrive/Desktop/Capstone_Model/algae_bloom_dataset\train\algae_bloom_3864.png,0
C:/Users/somal/OneDrive/Desktop/Capstone_Model/algae_bloom_dataset\train\algae_bloom_3865.png,0
C:/Users/somal/OneDrive/Desktop/Capstone_Model/algae_bloom_dataset\train\algae_bloom_3866.png,0
C:/Users/somal/OneDrive/Desktop/Capstone_Model/algae_bloom_dataset\train\algae_bloom_3867.png,1
C:/Users/somal/OneDrive/Desktop/Capstone_Model/algae_bloom_dataset\train\algae_bloom_3868.png,0
C:/Users/somal/OneDrive/Desktop/Capstone_Model/algae_bloom_dataset\train\algae_bloom_3869.png,0
C:/Users/somal/OneDrive/Desktop/Capstone_Model/algae_bloom_dataset\train\algae_bloom_387.png,1
C:/Users/somal/OneDrive/Desktop/Capstone_Model/algae_bloom_dataset\train\algae_bloom_3870.png,1
C:/Users/somal/OneDrive/Desktop/Capstone_Model/algae_bloom_dataset\train\algae_bloom_3871.png,0
C:/Users/somal/OneDrive/Desktop/Capstone_Model/algae_bloom_dataset\train\algae_bloom_3872.png,0
C:/Users/somal/OneDrive/Desktop/Capstone_Model/algae_bloom_dataset\train\algae_bloom_3873.png,1
C:/Users/somal/OneDrive/Desktop/Capstone_Model/algae_bloom_dataset\train\algae_bloom_3874.png,0
C:/Users/somal/OneDrive/Desktop/Capstone_Model/algae_bloom_dataset\train\algae_bloom_3875.png,0
C:/Users/somal/OneDrive/Desktop/Capstone_Model/algae_bloom_dataset\train\algae_bloom_3876.png,0
C:/Users/somal/OneDrive/Desktop/Capstone_Model/algae_bloom_dataset\train\algae_bloom_3877.png,0
C:/Users/somal/OneDrive/Desktop/Capstone_Model/algae_bloom_dataset\train\algae_bloom_3878.png,0
C:/Users/somal/OneDrive/Desktop/Capstone_Model/algae_bloom_dataset\train\algae_bloom_3879.png,1
C:/Users/somal/OneDrive/Desktop/Capstone_Model/algae_bloom_dataset\train\algae_bloom_388.png,0
C:/Users/somal/OneDrive/Desktop/Capstone_Model/algae_bloom_dataset\train\algae_bloom_3880.png,0
C:/Users/somal/OneDrive/Desktop/Capstone_Model/algae_bloom_dataset\train\algae_bloom_3881.png,1
C:/Users/somal/OneDrive/Desktop/Capstone_Model/algae_bloom_dataset\train\algae_bloom_3882.png,0
C:/Users/somal/OneDrive/Desktop/Capstone_Model/algae_bloom_dataset\train\algae_bloom_3883.png,0
C:/Users/somal/OneDrive/Desktop/Capstone_Model/algae_bloom_dataset\train\algae_bloom_3884.png,0
C:/Users/somal/OneDrive/Desktop/Capstone_Model/algae_bloom_dataset\train\algae_bloom_3885.png,1
C:/Users/somal/OneDrive/Desktop/Capstone_Model/algae_bloom_dataset\train\algae_bloom_3886.png,0
C:/Users/somal/OneDrive/Desktop/Capstone_Model/algae_bloom_dataset\train\algae_bloom_3887.png,0
C:/Users/somal/OneDrive/Desktop/Capstone_Model/algae_bloom_dataset\train\algae_bloom_3888.png,0
C:/Users/somal/OneDrive/Desktop/Capstone_Model/algae_bloom_dataset\train\algae_bloom_3889.png,0
C:/Users/somal/OneDrive/Desktop/Capstone_Model/algae_bloom_dataset\train\algae_bloom_389.png,0
C:/Users/somal/OneDrive/Desktop/Capstone_Model/algae_bloom_dataset\train\algae_bloom_3890.png,1
C:/Users/somal/OneDrive/Desktop/Capstone_Model/algae_bloom_dataset\train\algae_bloom_3891.png,0
C:/Users/somal/OneDrive/Desktop/Capstone_Model/algae_bloom_dataset\train\algae_bloom_3892.png,1
C:/Users/somal/OneDrive/Desktop/Capstone_Model/algae_bloom_dataset\train\algae_bloom_3893.png,1
C:/Users/somal/OneDrive/Desktop/Capstone_Model/algae_bloom_dataset\train\algae_bloom_3894.png,0
C:/Users/somal/OneDrive/Desktop/Capstone_Model/algae_bloom_dataset\train\algae_bloom_3895.png,0
C:/Users/somal/OneDrive/Desktop/Capstone_Model/algae_bloom_dataset\train\algae_bloom_3896.png,1
C:/Users/somal/OneDrive/Desktop/Capstone_Model/algae_bloom_dataset\train\algae_bloom_3897.png,0
C:/Users/somal/OneDrive/Desktop/Capstone_Model/algae_bloom_dataset\train\algae_bloom_3898.png,0
C:/Users/somal/OneDrive/Desktop/Capstone_Model/algae_bloom_dataset\train\algae_bloom_3899.png,1
C:/Users/somal/OneDrive/Desktop/Capstone_Model/algae_bloom_dataset\train\algae_bloom_39.png,1
C:/Users/somal/OneDrive/Desktop/Capstone_Model/algae_bloom_dataset\train\algae_bloom_390.png,0
C:/Users/somal/OneDrive/Desktop/Capstone_Model/algae_bloom_dataset\train\algae_bloom_3900.png,0
C:/Users/somal/OneDrive/Desktop/Capstone_Model/algae_bloom_dataset\train\algae_bloom_3901.png,0
C:/Users/somal/OneDrive/Desktop/Capstone_Model/algae_bloom_dataset\train\algae_bloom_3902.png,1
C:/Users/somal/OneDrive/Desktop/Capstone_Model/algae_bloom_dataset\train\algae_bloom_3903.png,0
C:/Users/somal/OneDrive/Desktop/Capstone_Model/algae_bloom_dataset\train\algae_bloom_3904.png,1
C:/Users/somal/OneDrive/Desktop/Capstone_Model/algae_bloom_dataset\train\algae_bloom_3905.png,1
C:/Users/somal/OneDrive/Desktop/Capstone_Model/algae_bloom_dataset\train\algae_bloom_3906.png,0
C:/Users/somal/OneDrive/Desktop/Capstone_Model/algae_bloom_dataset\train\algae_bloom_3907.png,0
C:/Users/somal/OneDrive/Desktop/Capstone_Model/algae_bloom_dataset\train\algae_bloom_3908.png,0
C:/Users/somal/OneDrive/Desktop/Capstone_Model/algae_bloom_dataset\train\algae_bloom_3909.png,0
C:/Users/somal/OneDrive/Desktop/Capstone_Model/algae_bloom_dataset\train\algae_bloom_391.png,0
C:/Users/somal/OneDrive/Desktop/Capstone_Model/algae_bloom_dataset\train\algae_bloom_3910.png,0
C:/Users/somal/OneDrive/Desktop/Capstone_Model/algae_bloom_dataset\train\algae_bloom_3911.png,0
C:/Users/somal/OneDrive/Desktop/Capstone_Model/algae_bloom_dataset\train\algae_bloom_3912.png,0
C:/Users/somal/OneDrive/Desktop/Capstone_Model/algae_bloom_dataset\train\algae_bloom_3913.png,0
C:/Users/somal/OneDrive/Desktop/Capstone_Model/algae_bloom_dataset\train\algae_bloom_3914.png,1
C:/Users/somal/OneDrive/Desktop/Capstone_Model/algae_bloom_dataset\train\algae_bloom_3915.png,1
C:/Users/somal/OneDrive/Desktop/Capstone_Model/algae_bloom_dataset\train\algae_bloom_3916.png,0
C:/Users/somal/OneDrive/Desktop/Capstone_Model/algae_bloom_dataset\train\algae_bloom_3917.png,0
C:/Users/somal/OneDrive/Desktop/Capstone_Model/algae_bloom_dataset\train\algae_bloom_3918.png,0
C:/Users/somal/OneDrive/Desktop/Capstone_Model/algae_bloom_dataset\train\algae_bloom_3919.png,1
C:/Users/somal/OneDrive/Desktop/Capstone_Model/algae_bloom_dataset\train\algae_bloom_392.png,0
C:/Users/somal/OneDrive/Desktop/Capstone_Model/algae_bloom_dataset\train\algae_bloom_3920.png,1
C:/Users/somal/OneDrive/Desktop/Capstone_Model/algae_bloom_dataset\train\algae_bloom_3921.png,1
C:/Users/somal/OneDrive/Desktop/Capstone_Model/algae_bloom_dataset\train\algae_bloom_3922.png,0
C:/Users/somal/OneDrive/Desktop/Capstone_Model/algae_bloom_dataset\train\algae_bloom_3923.png,0
C:/Users/somal/OneDrive/Desktop/Capstone_Model/algae_bloom_dataset\train\algae_bloom_3924.png,1
C:/Users/somal/OneDrive/Desktop/Capstone_Model/algae_bloom_dataset\train\algae_bloom_3925.png,0
C:/Users/somal/OneDrive/Desktop/Capstone_Model/algae_bloom_dataset\train\algae_bloom_3926.png,0
C:/Users/somal/OneDrive/Desktop/Capstone_Model/algae_bloom_dataset\train\algae_bloom_3927.png,0
C:/Users/somal/OneDrive/Desktop/Capstone_Model/algae_bloom_dataset\train\algae_bloom_3928.png,0
C:/Users/somal/OneDrive/Desktop/Capstone_Model/algae_bloom_dataset\train\algae_bloom_3929.png,0
C:/Users/somal/OneDrive/Desktop/Capstone_Model/algae_bloom_dataset\train\algae_bloom_393.png,0
C:/Users/somal/OneDrive/Desktop/Capstone_Model/algae_bloom_dataset\train\algae_bloom_3930.png,1
C:/Users/somal/OneDrive/Desktop/Capstone_Model/algae_bloom_dataset\train\algae_bloom_3931.png,1
C:/Users/somal/OneDrive/Desktop/Capstone_Model/algae_bloom_dataset\train\algae_bloom_3932.png,1
C:/Users/somal/OneDrive/Desktop/Capstone_Model/algae_bloom_dataset\train\algae_bloom_3933.png,1
C:/Users/somal/OneDrive/Desktop/Capstone_Model/algae_bloom_dataset\train\algae_bloom_3934.png,0
C:/Users/somal/OneDrive/Desktop/Capstone_Model/algae_bloom_dataset\train\algae_bloom_3935.png,1
C:/Users/somal/OneDrive/Desktop/Capstone_Model/algae_bloom_dataset\train\algae_bloom_3936.png,0
C:/Users/somal/OneDrive/Desktop/Capstone_Model/algae_bloom_dataset\train\algae_bloom_3937.png,0
C:/Users/somal/OneDrive/Desktop/Capstone_Model/algae_bloom_dataset\train\algae_bloom_3938.png,0
C:/Users/somal/OneDrive/Desktop/Capstone_Model/algae_bloom_dataset\train\algae_bloom_3939.png,0
C:/Users/somal/OneDrive/Desktop/Capstone_Model/algae_bloom_dataset\train\algae_bloom_394.png,0
C:/Users/somal/OneDrive/Desktop/Capstone_Model/algae_bloom_dataset\train\algae_bloom_3940.png,0
C:/Users/somal/OneDrive/Desktop/Capstone_Model/algae_bloom_dataset\train\algae_bloom_3941.png,0
C:/Users/somal/OneDrive/Desktop/Capstone_Model/algae_bloom_dataset\train\algae_bloom_3942.png,1
C:/Users/somal/OneDrive/Desktop/Capstone_Model/algae_bloom_dataset\train\algae_bloom_3943.png,0
C:/Users/somal/OneDrive/Desktop/Capstone_Model/algae_bloom_dataset\train\algae_bloom_3944.png,0
C:/Users/somal/OneDrive/Desktop/Capstone_Model/algae_bloom_dataset\train\algae_bloom_3945.png,1
C:/Users/somal/OneDrive/Desktop/Capstone_Model/algae_bloom_dataset\train\algae_bloom_3946.png,0
C:/Users/somal/OneDrive/Desktop/Capstone_Model/algae_bloom_dataset\train\algae_bloom_3947.png,0
C:/Users/somal/OneDrive/Desktop/Capstone_Model/algae_bloom_dataset\train\algae_bloom_3948.png,1
C:/Users/somal/OneDrive/Desktop/Capstone_Model/algae_bloom_dataset\train\algae_bloom_3949.png,0
C:/Users/somal/OneDrive/Desktop/Capstone_Model/algae_bloom_dataset\train\algae_bloom_395.png,0
C:/Users/somal/OneDrive/Desktop/Capstone_Model/algae_bloom_dataset\train\algae_bloom_3950.png,0
C:/Users/somal/OneDrive/Desktop/Capstone_Model/algae_bloom_dataset\train\algae_bloom_3951.png,0
C:/Users/somal/OneDrive/Desktop/Capstone_Model/algae_bloom_dataset\train\algae_bloom_3952.png,0
C:/Users/somal/OneDrive/Desktop/Capstone_Model/algae_bloom_dataset\train\algae_bloom_3953.png,0
C:/Users/somal/OneDrive/Desktop/Capstone_Model/algae_bloom_dataset\train\algae_bloom_3954.png,0
C:/Users/somal/OneDrive/Desktop/Capstone_Model/algae_bloom_dataset\train\algae_bloom_3955.png,0
C:/Users/somal/OneDrive/Desktop/Capstone_Model/algae_bloom_dataset\train\algae_bloom_3956.png,0
C:/Users/somal/OneDrive/Desktop/Capstone_Model/algae_bloom_dataset\train\algae_bloom_3957.png,0
C:/Users/somal/OneDrive/Desktop/Capstone_Model/algae_bloom_dataset\train\algae_bloom_3958.png,0
C:/Users/somal/OneDrive/Desktop/Capstone_Model/algae_bloom_dataset\train\algae_bloom_3959.png,0
C:/Users/somal/OneDrive/Desktop/Capstone_Model/algae_bloom_dataset\train\algae_bloom_396.png,0
C:/Users/somal/OneDrive/Desktop/Capstone_Model/algae_bloom_dataset\train\algae_bloom_3960.png,0
C:/Users/somal/OneDrive/Desktop/Capstone_Model/algae_bloom_dataset\train\algae_bloom_3961.png,0
C:/Users/somal/OneDrive/Desktop/Capstone_Model/algae_bloom_dataset\train\algae_bloom_3962.png,0
C:/Users/somal/OneDrive/Desktop/Capstone_Model/algae_bloom_dataset\train\algae_bloom_3963.png,0
C:/Users/somal/OneDrive/Desktop/Capstone_Model/algae_bloom_dataset\train\algae_bloom_3964.png,1
C:/Users/somal/OneDrive/Desktop/Capstone_Model/algae_bloom_dataset\train\algae_bloom_3965.png,1
C:/Users/somal/OneDrive/Desktop/Capstone_Model/algae_bloom_dataset\train\algae_bloom_3966.png,1
C:/Users/somal/OneDrive/Desktop/Capstone_Model/algae_bloom_dataset\train\algae_bloom_3967.png,0
C:/Users/somal/OneDrive/Desktop/Capstone_Model/algae_bloom_dataset\train\algae_bloom_3968.png,0
C:/Users/somal/OneDrive/Desktop/Capstone_Model/algae_bloom_dataset\train\algae_bloom_3969.png,0
C:/Users/somal/OneDrive/Desktop/Capstone_Model/algae_bloom_dataset\train\algae_bloom_397.png,1
C:/Users/somal/OneDrive/Desktop/Capstone_Model/algae_bloom_dataset\train\algae_bloom_3970.png,0
C:/Users/somal/OneDrive/Desktop/Capstone_Model/algae_bloom_dataset\train\algae_bloom_3971.png,0
C:/Users/somal/OneDrive/Desktop/Capstone_Model/algae_bloom_dataset\train\algae_bloom_3972.png,1
C:/Users/somal/OneDrive/Desktop/Capstone_Model/algae_bloom_dataset\train\algae_bloom_3973.png,0
C:/Users/somal/OneDrive/Desktop/Capstone_Model/algae_bloom_dataset\train\algae_bloom_3974.png,0
C:/Users/somal/OneDrive/Desktop/Capstone_Model/algae_bloom_dataset\train\algae_bloom_3975.png,0
C:/Users/somal/OneDrive/Desktop/Capstone_Model/algae_bloom_dataset\train\algae_bloom_3976.png,0
C:/Users/somal/OneDrive/Desktop/Capstone_Model/algae_bloom_dataset\train\algae_bloom_3977.png,0
C:/Users/somal/OneDrive/Desktop/Capstone_Model/algae_bloom_dataset\train\algae_bloom_3978.png,0
C:/Users/somal/OneDrive/Desktop/Capstone_Model/algae_bloom_dataset\train\algae_bloom_3979.png,0
C:/Users/somal/OneDrive/Desktop/Capstone_Model/algae_bloom_dataset\train\algae_bloom_398.png,0
C:/Users/somal/OneDrive/Desktop/Capstone_Model/algae_bloom_dataset\train\algae_bloom_3980.png,0
C:/Users/somal/OneDrive/Desktop/Capstone_Model/algae_bloom_dataset\train\algae_bloom_3981.png,0
C:/Users/somal/OneDrive/Desktop/Capstone_Model/algae_bloom_dataset\train\algae_bloom_3982.png,1
C:/Users/somal/OneDrive/Desktop/Capstone_Model/algae_bloom_dataset\train\algae_bloom_3983.png,0
C:/Users/somal/OneDrive/Desktop/Capstone_Model/algae_bloom_dataset\train\algae_bloom_3984.png,0
C:/Users/somal/OneDrive/Desktop/Capstone_Model/algae_bloom_dataset\train\algae_bloom_3985.png,0
C:/Users/somal/OneDrive/Desktop/Capstone_Model/algae_bloom_dataset\train\algae_bloom_3986.png,0
C:/Users/somal/OneDrive/Desktop/Capstone_Model/algae_bloom_dataset\train\algae_bloom_3987.png,0
C:/Users/somal/OneDrive/Desktop/Capstone_Model/algae_bloom_dataset\train\algae_bloom_3988.png,0
C:/Users/somal/OneDrive/Desktop/Capstone_Model/algae_bloom_dataset\train\algae_bloom_3989.png,0
C:/Users/somal/OneDrive/Desktop/Capstone_Model/algae_bloom_dataset\train\algae_bloom_399.png,0
C:/Users/somal/OneDrive/Desktop/Capstone_Model/algae_bloom_dataset\train\algae_bloom_3990.png,0
C:/Users/somal/OneDrive/Desktop/Capstone_Model/algae_bloom_dataset\train\algae_bloom_3991.png,1
C:/Users/somal/OneDrive/Desktop/Capstone_Model/algae_bloom_dataset\train\algae_bloom_3992.png,1
C:/Users/somal/OneDrive/Desktop/Capstone_Model/algae_bloom_dataset\train\algae_bloom_3993.png,0
C:/Users/somal/OneDrive/Desktop/Capstone_Model/algae_bloom_dataset\train\algae_bloom_3994.png,0
C:/Users/somal/OneDrive/Desktop/Capstone_Model/algae_bloom_dataset\train\algae_bloom_3995.png,0
C:/Users/somal/OneDrive/Desktop/Capstone_Model/algae_bloom_dataset\train\algae_bloom_3996.png,0
C:/Users/somal/OneDrive/Desktop/Capstone_Model/algae_bloom_dataset\train\algae_bloom_3997.png,1
C:/Users/somal/OneDrive/Desktop/Capstone_Model/algae_bloom_dataset\train\algae_bloom_3998.png,1
C:/Users/somal/OneDrive/Desktop/Capstone_Model/algae_bloom_dataset\train\algae_bloom_3999.png,0
C:/Users/somal/OneDrive/Desktop/Capstone_Model/algae_bloom_dataset\train\algae_bloom_4.png,1
C:/Users/somal/OneDrive/Desktop/Capstone_Model/algae_bloom_dataset\train\algae_bloom_40.png,0
C:/Users/somal/OneDrive/Desktop/Capstone_Model/algae_bloom_dataset\train\algae_bloom_400.png,1
C:/Users/somal/OneDrive/Desktop/Capstone_Model/algae_bloom_dataset\train\algae_bloom_4000.png,0
C:/Users/somal/OneDrive/Desktop/Capstone_Model/algae_bloom_dataset\train\algae_bloom_4001.png,1
C:/Users/somal/OneDrive/Desktop/Capstone_Model/algae_bloom_dataset\train\algae_bloom_4002.png,1
C:/Users/somal/OneDrive/Desktop/Capstone_Model/algae_bloom_dataset\train\algae_bloom_4003.png,1
C:/Users/somal/OneDrive/Desktop/Capstone_Model/algae_bloom_dataset\train\algae_bloom_4004.png,0
C:/Users/somal/OneDrive/Desktop/Capstone_Model/algae_bloom_dataset\train\algae_bloom_4005.png,0
C:/Users/somal/OneDrive/Desktop/Capstone_Model/algae_bloom_dataset\train\algae_bloom_4006.png,1
C:/Users/somal/OneDrive/Desktop/Capstone_Model/algae_bloom_dataset\train\algae_bloom_4007.png,0
C:/Users/somal/OneDrive/Desktop/Capstone_Model/algae_bloom_dataset\train\algae_bloom_4008.png,1
C:/Users/somal/OneDrive/Desktop/Capstone_Model/algae_bloom_dataset\train\algae_bloom_4009.png,1
C:/Users/somal/OneDrive/Desktop/Capstone_Model/algae_bloom_dataset\train\algae_bloom_401.png,1
C:/Users/somal/OneDrive/Desktop/Capstone_Model/algae_bloom_dataset\train\algae_bloom_4010.png,1
C:/Users/somal/OneDrive/Desktop/Capstone_Model/algae_bloom_dataset\train\algae_bloom_4011.png,0
C:/Users/somal/OneDrive/Desktop/Capstone_Model/algae_bloom_dataset\train\algae_bloom_4012.png,0
C:/Users/somal/OneDrive/Desktop/Capstone_Model/algae_bloom_dataset\train\algae_bloom_4013.png,0
C:/Users/somal/OneDrive/Desktop/Capstone_Model/algae_bloom_dataset\train\algae_bloom_4014.png,0
C:/Users/somal/OneDrive/Desktop/Capstone_Model/algae_bloom_dataset\train\algae_bloom_4015.png,0
C:/Users/somal/OneDrive/Desktop/Capstone_Model/algae_bloom_dataset\train\algae_bloom_4016.png,1
C:/Users/somal/OneDrive/Desktop/Capstone_Model/algae_bloom_dataset\train\algae_bloom_4017.png,0
C:/Users/somal/OneDrive/Desktop/Capstone_Model/algae_bloom_dataset\train\algae_bloom_4018.png,1
C:/Users/somal/OneDrive/Desktop/Capstone_Model/algae_bloom_dataset\train\algae_bloom_4019.png,0
C:/Users/somal/OneDrive/Desktop/Capstone_Model/algae_bloom_dataset\train\algae_bloom_402.png,0
C:/Users/somal/OneDrive/Desktop/Capstone_Model/algae_bloom_dataset\train\algae_bloom_4020.png,1
C:/Users/somal/OneDrive/Desktop/Capstone_Model/algae_bloom_dataset\train\algae_bloom_4021.png,0
C:/Users/somal/OneDrive/Desktop/Capstone_Model/algae_bloom_dataset\train\algae_bloom_4022.png,1
C:/Users/somal/OneDrive/Desktop/Capstone_Model/algae_bloom_dataset\train\algae_bloom_4023.png,0
C:/Users/somal/OneDrive/Desktop/Capstone_Model/algae_bloom_dataset\train\algae_bloom_4024.png,1
C:/Users/somal/OneDrive/Desktop/Capstone_Model/algae_bloom_dataset\train\algae_bloom_4025.png,0
C:/Users/somal/OneDrive/Desktop/Capstone_Model/algae_bloom_dataset\train\algae_bloom_4026.png,0
C:/Users/somal/OneDrive/Desktop/Capstone_Model/algae_bloom_dataset\train\algae_bloom_4027.png,0
C:/Users/somal/OneDrive/Desktop/Capstone_Model/algae_bloom_dataset\train\algae_bloom_4028.png,0
C:/Users/somal/OneDrive/Desktop/Capstone_Model/algae_bloom_dataset\train\algae_bloom_4029.png,0
C:/Users/somal/OneDrive/Desktop/Capstone_Model/algae_bloom_dataset\train\algae_bloom_403.png,1
C:/Users/somal/OneDrive/Desktop/Capstone_Model/algae_bloom_dataset\train\algae_bloom_4030.png,1
C:/Users/somal/OneDrive/Desktop/Capstone_Model/algae_bloom_dataset\train\algae_bloom_4031.png,0
C:/Users/somal/OneDrive/Desktop/Capstone_Model/algae_bloom_dataset\train\algae_bloom_4032.png,0
C:/Users/somal/OneDrive/Desktop/Capstone_Model/algae_bloom_dataset\train\algae_bloom_4033.png,1
C:/Users/somal/OneDrive/Desktop/Capstone_Model/algae_bloom_dataset\train\algae_bloom_4034.png,1
C:/Users/somal/OneDrive/Desktop/Capstone_Model/algae_bloom_dataset\train\algae_bloom_4035.png,1
C:/Users/somal/OneDrive/Desktop/Capstone_Model/algae_bloom_dataset\train\algae_bloom_4036.png,1
C:/Users/somal/OneDrive/Desktop/Capstone_Model/algae_bloom_dataset\train\algae_bloom_4037.png,1
C:/Users/somal/OneDrive/Desktop/Capstone_Model/algae_bloom_dataset\train\algae_bloom_4038.png,1
C:/Users/somal/OneDrive/Desktop/Capstone_Model/algae_bloom_dataset\train\algae_bloom_4039.png,0
C:/Users/somal/OneDrive/Desktop/Capstone_Model/algae_bloom_dataset\train\algae_bloom_404.png,0
C:/Users/somal/OneDrive/Desktop/Capstone_Model/algae_bloom_dataset\train\algae_bloom_4040.png,0
C:/Users/somal/OneDrive/Desktop/Capstone_Model/algae_bloom_dataset\train\algae_bloom_4041.png,0
C:/Users/somal/OneDrive/Desktop/Capstone_Model/algae_bloom_dataset\train\algae_bloom_4042.png,0
C:/Users/somal/OneDrive/Desktop/Capstone_Model/algae_bloom_dataset\train\algae_bloom_4043.png,0
C:/Users/somal/OneDrive/Desktop/Capstone_Model/algae_bloom_dataset\train\algae_bloom_4044.png,0
C:/Users/somal/OneDrive/Desktop/Capstone_Model/algae_bloom_dataset\train\algae_bloom_4045.png,0
C:/Users/somal/OneDrive/Desktop/Capstone_Model/algae_bloom_dataset\train\algae_bloom_4046.png,0
C:/Users/somal/OneDrive/Desktop/Capstone_Model/algae_bloom_dataset\train\algae_bloom_4047.png,0
C:/Users/somal/OneDrive/Desktop/Capstone_Model/algae_bloom_dataset\train\algae_bloom_4048.png,0
C:/Users/somal/OneDrive/Desktop/Capstone_Model/algae_bloom_dataset\train\algae_bloom_4049.png,0
C:/Users/somal/OneDrive/Desktop/Capstone_Model/algae_bloom_dataset\train\algae_bloom_405.png,0
C:/Users/somal/OneDrive/Desktop/Capstone_Model/algae_bloom_dataset\train\algae_bloom_4050.png,0
C:/Users/somal/OneDrive/Desktop/Capstone_Model/algae_bloom_dataset\train\algae_bloom_4051.png,0
C:/Users/somal/OneDrive/Desktop/Capstone_Model/algae_bloom_dataset\train\algae_bloom_4052.png,0
C:/Users/somal/OneDrive/Desktop/Capstone_Model/algae_bloom_dataset\train\algae_bloom_4053.png,0
C:/Users/somal/OneDrive/Desktop/Capstone_Model/algae_bloom_dataset\train\algae_bloom_4054.png,1
C:/Users/somal/OneDrive/Desktop/Capstone_Model/algae_bloom_dataset\train\algae_bloom_4055.png,0
C:/Users/somal/OneDrive/Desktop/Capstone_Model/algae_bloom_dataset\train\algae_bloom_4056.png,1
C:/Users/somal/OneDrive/Desktop/Capstone_Model/algae_bloom_dataset\train\algae_bloom_4057.png,0
C:/Users/somal/OneDrive/Desktop/Capstone_Model/algae_bloom_dataset\train\algae_bloom_4058.png,0
C:/Users/somal/OneDrive/Desktop/Capstone_Model/algae_bloom_dataset\train\algae_bloom_4059.png,0
C:/Users/somal/OneDrive/Desktop/Capstone_Model/algae_bloom_dataset\train\algae_bloom_406.png,1
C:/Users/somal/OneDrive/Desktop/Capstone_Model/algae_bloom_dataset\train\algae_bloom_4060.png,1
C:/Users/somal/OneDrive/Desktop/Capstone_Model/algae_bloom_dataset\train\algae_bloom_4061.png,1
C:/Users/somal/OneDrive/Desktop/Capstone_Model/algae_bloom_dataset\train\algae_bloom_4062.png,1
C:/Users/somal/OneDrive/Desktop/Capstone_Model/algae_bloom_dataset\train\algae_bloom_4063.png,0
C:/Users/somal/OneDrive/Desktop/Capstone_Model/algae_bloom_dataset\train\algae_bloom_4064.png,0
C:/Users/somal/OneDrive/Desktop/Capstone_Model/algae_bloom_dataset\train\algae_bloom_4065.png,1
C:/Users/somal/OneDrive/Desktop/Capstone_Model/algae_bloom_dataset\train\algae_bloom_4066.png,1
C:/Users/somal/OneDrive/Desktop/Capstone_Model/algae_bloom_dataset\train\algae_bloom_4067.png,0
C:/Users/somal/OneDrive/Desktop/Capstone_Model/algae_bloom_dataset\train\algae_bloom_4068.png,0
C:/Users/somal/OneDrive/Desktop/Capstone_Model/algae_bloom_dataset\train\algae_bloom_4069.png,1
C:/Users/somal/OneDrive/Desktop/Capstone_Model/algae_bloom_dataset\train\algae_bloom_407.png,0
C:/Users/somal/OneDrive/Desktop/Capstone_Model/algae_bloom_dataset\train\algae_bloom_4070.png,0
C:/Users/somal/OneDrive/Desktop/Capstone_Model/algae_bloom_dataset\train\algae_bloom_4071.png,1
C:/Users/somal/OneDrive/Desktop/Capstone_Model/algae_bloom_dataset\train\algae_bloom_4072.png,0
C:/Users/somal/OneDrive/Desktop/Capstone_Model/algae_bloom_dataset\train\algae_bloom_4073.png,1
C:/Users/somal/OneDrive/Desktop/Capstone_Model/algae_bloom_dataset\train\algae_bloom_4074.png,0
C:/Users/somal/OneDrive/Desktop/Capstone_Model/algae_bloom_dataset\train\algae_bloom_4075.png,1
C:/Users/somal/OneDrive/Desktop/Capstone_Model/algae_bloom_dataset\train\algae_bloom_4076.png,0
C:/Users/somal/OneDrive/Desktop/Capstone_Model/algae_bloom_dataset\train\algae_bloom_4077.png,0
C:/Users/somal/OneDrive/Desktop/Capstone_Model/algae_bloom_dataset\train\algae_bloom_4078.png,1
C:/Users/somal/OneDrive/Desktop/Capstone_Model/algae_bloom_dataset\train\algae_bloom_4079.png,0
C:/Users/somal/OneDrive/Desktop/Capstone_Model/algae_bloom_dataset\train\algae_bloom_408.png,0
C:/Users/somal/OneDrive/Desktop/Capstone_Model/algae_bloom_dataset\train\algae_bloom_4080.png,0
C:/Users/somal/OneDrive/Desktop/Capstone_Model/algae_bloom_dataset\train\algae_bloom_4081.png,0
C:/Users/somal/OneDrive/Desktop/Capstone_Model/algae_bloom_dataset\train\algae_bloom_4082.png,0
C:/Users/somal/OneDrive/Desktop/Capstone_Model/algae_bloom_dataset\train\algae_bloom_4083.png,1
C:/Users/somal/OneDrive/Desktop/Capstone_Model/algae_bloom_dataset\train\algae_bloom_4084.png,1
C:/Users/somal/OneDrive/Desktop/Capstone_Model/algae_bloom_dataset\train\algae_bloom_4085.png,1
C:/Users/somal/OneDrive/Desktop/Capstone_Model/algae_bloom_dataset\train\algae_bloom_4086.png,1
C:/Users/somal/OneDrive/Desktop/Capstone_Model/algae_bloom_dataset\train\algae_bloom_4087.png,0
C:/Users/somal/OneDrive/Desktop/Capstone_Model/algae_bloom_dataset\train\algae_bloom_4088.png,0
C:/Users/somal/OneDrive/Desktop/Capstone_Model/algae_bloom_dataset\train\algae_bloom_4089.png,1
C:/Users/somal/OneDrive/Desktop/Capstone_Model/algae_bloom_dataset\train\algae_bloom_409.png,0
C:/Users/somal/OneDrive/Desktop/Capstone_Model/algae_bloom_dataset\train\algae_bloom_4090.png,0
C:/Users/somal/OneDrive/Desktop/Capstone_Model/algae_bloom_dataset\train\algae_bloom_4091.png,0
C:/Users/somal/OneDrive/Desktop/Capstone_Model/algae_bloom_dataset\train\algae_bloom_4092.png,1
C:/Users/somal/OneDrive/Desktop/Capstone_Model/algae_bloom_dataset\train\algae_bloom_4093.png,0
C:/Users/somal/OneDrive/Desktop/Capstone_Model/algae_bloom_dataset\train\algae_bloom_4094.png,0
C:/Users/somal/OneDrive/Desktop/Capstone_Model/algae_bloom_dataset\train\algae_bloom_4095.png,0
C:/Users/somal/OneDrive/Desktop/Capstone_Model/algae_bloom_dataset\train\algae_bloom_4096.png,0
C:/Users/somal/OneDrive/Desktop/Capstone_Model/algae_bloom_dataset\train\algae_bloom_4097.png,0
C:/Users/somal/OneDrive/Desktop/Capstone_Model/algae_bloom_dataset\train\algae_bloom_4098.png,0
C:/Users/somal/OneDrive/Desktop/Capstone_Model/algae_bloom_dataset\train\algae_bloom_4099.png,1
C:/Users/somal/OneDrive/Desktop/Capstone_Model/algae_bloom_dataset\train\algae_bloom_41.png,1
C:/Users/somal/OneDrive/Desktop/Capstone_Model/algae_bloom_dataset\train\algae_bloom_410.png,1
C:/Users/somal/OneDrive/Desktop/Capstone_Model/algae_bloom_dataset\train\algae_bloom_4100.png,0
C:/Users/somal/OneDrive/Desktop/Capstone_Model/algae_bloom_dataset\train\algae_bloom_4101.png,1
C:/Users/somal/OneDrive/Desktop/Capstone_Model/algae_bloom_dataset\train\algae_bloom_4102.png,0
C:/Users/somal/OneDrive/Desktop/Capstone_Model/algae_bloom_dataset\train\algae_bloom_4103.png,0
C:/Users/somal/OneDrive/Desktop/Capstone_Model/algae_bloom_dataset\train\algae_bloom_4104.png,0
C:/Users/somal/OneDrive/Desktop/Capstone_Model/algae_bloom_dataset\train\algae_bloom_4105.png,0
C:/Users/somal/OneDrive/Desktop/Capstone_Model/algae_bloom_dataset\train\algae_bloom_4106.png,0
C:/Users/somal/OneDrive/Desktop/Capstone_Model/algae_bloom_dataset\train\algae_bloom_4107.png,1
C:/Users/somal/OneDrive/Desktop/Capstone_Model/algae_bloom_dataset\train\algae_bloom_4108.png,1
C:/Users/somal/OneDrive/Desktop/Capstone_Model/algae_bloom_dataset\train\algae_bloom_4109.png,0
C:/Users/somal/OneDrive/Desktop/Capstone_Model/algae_bloom_dataset\train\algae_bloom_411.png,0
C:/Users/somal/OneDrive/Desktop/Capstone_Model/algae_bloom_dataset\train\algae_bloom_4110.png,0
C:/Users/somal/OneDrive/Desktop/Capstone_Model/algae_bloom_dataset\train\algae_bloom_4111.png,0
C:/Users/somal/OneDrive/Desktop/Capstone_Model/algae_bloom_dataset\train\algae_bloom_4112.png,0
C:/Users/somal/OneDrive/Desktop/Capstone_Model/algae_bloom_dataset\train\algae_bloom_4113.png,1
C:/Users/somal/OneDrive/Desktop/Capstone_Model/algae_bloom_dataset\train\algae_bloom_4114.png,0
C:/Users/somal/OneDrive/Desktop/Capstone_Model/algae_bloom_dataset\train\algae_bloom_4115.png,0
C:/Users/somal/OneDrive/Desktop/Capstone_Model/algae_bloom_dataset\train\algae_bloom_4116.png,0
C:/Users/somal/OneDrive/Desktop/Capstone_Model/algae_bloom_dataset\train\algae_bloom_4117.png,1
C:/Users/somal/OneDrive/Desktop/Capstone_Model/algae_bloom_dataset\train\algae_bloom_4118.png,1
C:/Users/somal/OneDrive/Desktop/Capstone_Model/algae_bloom_dataset\train\algae_bloom_4119.png,1
C:/Users/somal/OneDrive/Desktop/Capstone_Model/algae_bloom_dataset\train\algae_bloom_412.png,0
C:/Users/somal/OneDrive/Desktop/Capstone_Model/algae_bloom_dataset\train\algae_bloom_4120.png,1
C:/Users/somal/OneDrive/Desktop/Capstone_Model/algae_bloom_dataset\train\algae_bloom_4121.png,0
C:/Users/somal/OneDrive/Desktop/Capstone_Model/algae_bloom_dataset\train\algae_bloom_4122.png,1
C:/Users/somal/OneDrive/Desktop/Capstone_Model/algae_bloom_dataset\train\algae_bloom_4123.png,0
C:/Users/somal/OneDrive/Desktop/Capstone_Model/algae_bloom_dataset\train\algae_bloom_4124.png,0
C:/Users/somal/OneDrive/Desktop/Capstone_Model/algae_bloom_dataset\train\algae_bloom_4125.png,0
C:/Users/somal/OneDrive/Desktop/Capstone_Model/algae_bloom_dataset\train\algae_bloom_4126.png,1
C:/Users/somal/OneDrive/Desktop/Capstone_Model/algae_bloom_dataset\train\algae_bloom_4127.png,1
C:/Users/somal/OneDrive/Desktop/Capstone_Model/algae_bloom_dataset\train\algae_bloom_4128.png,1
C:/Users/somal/OneDrive/Desktop/Capstone_Model/algae_bloom_dataset\train\algae_bloom_4129.png,0
C:/Users/somal/OneDrive/Desktop/Capstone_Model/algae_bloom_dataset\train\algae_bloom_413.png,0
C:/Users/somal/OneDrive/Desktop/Capstone_Model/algae_bloom_dataset\train\algae_bloom_4130.png,0
C:/Users/somal/OneDrive/Desktop/Capstone_Model/algae_bloom_dataset\train\algae_bloom_4131.png,0
C:/Users/somal/OneDrive/Desktop/Capstone_Model/algae_bloom_dataset\train\algae_bloom_4132.png,1
C:/Users/somal/OneDrive/Desktop/Capstone_Model/algae_bloom_dataset\train\algae_bloom_4133.png,0
C:/Users/somal/OneDrive/Desktop/Capstone_Model/algae_bloom_dataset\train\algae_bloom_4134.png,0
C:/Users/somal/OneDrive/Desktop/Capstone_Model/algae_bloom_dataset\train\algae_bloom_4135.png,1
C:/Users/somal/OneDrive/Desktop/Capstone_Model/algae_bloom_dataset\train\algae_bloom_4136.png,0
C:/Users/somal/OneDrive/Desktop/Capstone_Model/algae_bloom_dataset\train\algae_bloom_4137.png,0
C:/Users/somal/OneDrive/Desktop/Capstone_Model/algae_bloom_dataset\train\algae_bloom_4138.png,0
C:/Users/somal/OneDrive/Desktop/Capstone_Model/algae_bloom_dataset\train\algae_bloom_4139.png,1
C:/Users/somal/OneDrive/Desktop/Capstone_Model/algae_bloom_dataset\train\algae_bloom_414.png,0
C:/Users/somal/OneDrive/Desktop/Capstone_Model/algae_bloom_dataset\train\algae_bloom_4140.png,1
C:/Users/somal/OneDrive/Desktop/Capstone_Model/algae_bloom_dataset\train\algae_bloom_4141.png,1
C:/Users/somal/OneDrive/Desktop/Capstone_Model/algae_bloom_dataset\train\algae_bloom_4142.png,0
C:/Users/somal/OneDrive/Desktop/Capstone_Model/algae_bloom_dataset\train\algae_bloom_4143.png,0
C:/Users/somal/OneDrive/Desktop/Capstone_Model/algae_bloom_dataset\train\algae_bloom_4144.png,0
C:/Users/somal/OneDrive/Desktop/Capstone_Model/algae_bloom_dataset\train\algae_bloom_4145.png,0
C:/Users/somal/OneDrive/Desktop/Capstone_Model/algae_bloom_dataset\train\algae_bloom_4146.png,0
C:/Users/somal/OneDrive/Desktop/Capstone_Model/algae_bloom_dataset\train\algae_bloom_4147.png,0
C:/Users/somal/OneDrive/Desktop/Capstone_Model/algae_bloom_dataset\train\algae_bloom_4148.png,0
C:/Users/somal/OneDrive/Desktop/Capstone_Model/algae_bloom_dataset\train\algae_bloom_4149.png,1
C:/Users/somal/OneDrive/Desktop/Capstone_Model/algae_bloom_dataset\train\algae_bloom_415.png,0
C:/Users/somal/OneDrive/Desktop/Capstone_Model/algae_bloom_dataset\train\algae_bloom_4150.png,1
C:/Users/somal/OneDrive/Desktop/Capstone_Model/algae_bloom_dataset\train\algae_bloom_4151.png,1
C:/Users/somal/OneDrive/Desktop/Capstone_Model/algae_bloom_dataset\train\algae_bloom_4152.png,1
C:/Users/somal/OneDrive/Desktop/Capstone_Model/algae_bloom_dataset\train\algae_bloom_4153.png,1
C:/Users/somal/OneDrive/Desktop/Capstone_Model/algae_bloom_dataset\train\algae_bloom_4154.png,0
C:/Users/somal/OneDrive/Desktop/Capstone_Model/algae_bloom_dataset\train\algae_bloom_4155.png,0
C:/Users/somal/OneDrive/Desktop/Capstone_Model/algae_bloom_dataset\train\algae_bloom_4156.png,0
C:/Users/somal/OneDrive/Desktop/Capstone_Model/algae_bloom_dataset\train\algae_bloom_4157.png,0
C:/Users/somal/OneDrive/Desktop/Capstone_Model/algae_bloom_dataset\train\algae_bloom_4158.png,0
C:/Users/somal/OneDrive/Desktop/Capstone_Model/algae_bloom_dataset\train\algae_bloom_4159.png,0
C:/Users/somal/OneDrive/Desktop/Capstone_Model/algae_bloom_dataset\train\algae_bloom_416.png,1
C:/Users/somal/OneDrive/Desktop/Capstone_Model/algae_bloom_dataset\train\algae_bloom_4160.png,0
C:/Users/somal/OneDrive/Desktop/Capstone_Model/algae_bloom_dataset\train\algae_bloom_4161.png,0
C:/Users/somal/OneDrive/Desktop/Capstone_Model/algae_bloom_dataset\train\algae_bloom_4162.png,0
C:/Users/somal/OneDrive/Desktop/Capstone_Model/algae_bloom_dataset\train\algae_bloom_4163.png,0
C:/Users/somal/OneDrive/Desktop/Capstone_Model/algae_bloom_dataset\train\algae_bloom_4164.png,0
C:/Users/somal/OneDrive/Desktop/Capstone_Model/algae_bloom_dataset\train\algae_bloom_4165.png,0
C:/Users/somal/OneDrive/Desktop/Capstone_Model/algae_bloom_dataset\train\algae_bloom_4166.png,0
C:/Users/somal/OneDrive/Desktop/Capstone_Model/algae_bloom_dataset\train\algae_bloom_4167.png,1
C:/Users/somal/OneDrive/Desktop/Capstone_Model/algae_bloom_dataset\train\algae_bloom_4168.png,1
C:/Users/somal/OneDrive/Desktop/Capstone_Model/algae_bloom_dataset\train\algae_bloom_4169.png,0
C:/Users/somal/OneDrive/Desktop/Capstone_Model/algae_bloom_dataset\train\algae_bloom_417.png,0
C:/Users/somal/OneDrive/Desktop/Capstone_Model/algae_bloom_dataset\train\algae_bloom_4170.png,0
C:/Users/somal/OneDrive/Desktop/Capstone_Model/algae_bloom_dataset\train\algae_bloom_4171.png,0
C:/Users/somal/OneDrive/Desktop/Capstone_Model/algae_bloom_dataset\train\algae_bloom_4172.png,0
C:/Users/somal/OneDrive/Desktop/Capstone_Model/algae_bloom_dataset\train\algae_bloom_4173.png,0
C:/Users/somal/OneDrive/Desktop/Capstone_Model/algae_bloom_dataset\train\algae_bloom_4174.png,1
C:/Users/somal/OneDrive/Desktop/Capstone_Model/algae_bloom_dataset\train\algae_bloom_4175.png,0
C:/Users/somal/OneDrive/Desktop/Capstone_Model/algae_bloom_dataset\train\algae_bloom_4176.png,0
C:/Users/somal/OneDrive/Desktop/Capstone_Model/algae_bloom_dataset\train\algae_bloom_4177.png,0
C:/Users/somal/OneDrive/Desktop/Capstone_Model/algae_bloom_dataset\train\algae_bloom_4178.png,0
C:/Users/somal/OneDrive/Desktop/Capstone_Model/algae_bloom_dataset\train\algae_bloom_4179.png,0
C:/Users/somal/OneDrive/Desktop/Capstone_Model/algae_bloom_dataset\train\algae_bloom_418.png,1
C:/Users/somal/OneDrive/Desktop/Capstone_Model/algae_bloom_dataset\train\algae_bloom_4180.png,0
C:/Users/somal/OneDrive/Desktop/Capstone_Model/algae_bloom_dataset\train\algae_bloom_4181.png,1
C:/Users/somal/OneDrive/Desktop/Capstone_Model/algae_bloom_dataset\train\algae_bloom_4182.png,1
C:/Users/somal/OneDrive/Desktop/Capstone_Model/algae_bloom_dataset\train\algae_bloom_4183.png,0
C:/Users/somal/OneDrive/Desktop/Capstone_Model/algae_bloom_dataset\train\algae_bloom_4184.png,0
C:/Users/somal/OneDrive/Desktop/Capstone_Model/algae_bloom_dataset\train\algae_bloom_4185.png,0
C:/Users/somal/OneDrive/Desktop/Capstone_Model/algae_bloom_dataset\train\algae_bloom_4186.png,1
C:/Users/somal/OneDrive/Desktop/Capstone_Model/algae_bloom_dataset\train\algae_bloom_4187.png,0
C:/Users/somal/OneDrive/Desktop/Capstone_Model/algae_bloom_dataset\train\algae_bloom_4188.png,0
C:/Users/somal/OneDrive/Desktop/Capstone_Model/algae_bloom_dataset\train\algae_bloom_4189.png,0
C:/Users/somal/OneDrive/Desktop/Capstone_Model/algae_bloom_dataset\train\algae_bloom_419.png,0
C:/Users/somal/OneDrive/Desktop/Capstone_Model/algae_bloom_dataset\train\algae_bloom_4190.png,1
C:/Users/somal/OneDrive/Desktop/Capstone_Model/algae_bloom_dataset\train\algae_bloom_4191.png,0
C:/Users/somal/OneDrive/Desktop/Capstone_Model/algae_bloom_dataset\train\algae_bloom_4192.png,0
C:/Users/somal/OneDrive/Desktop/Capstone_Model/algae_bloom_dataset\train\algae_bloom_4193.png,0
C:/Users/somal/OneDrive/Desktop/Capstone_Model/algae_bloom_dataset\train\algae_bloom_4194.png,0
C:/Users/somal/OneDrive/Desktop/Capstone_Model/algae_bloom_dataset\train\algae_bloom_4195.png,0
C:/Users/somal/OneDrive/Desktop/Capstone_Model/algae_bloom_dataset\train\algae_bloom_4196.png,0
C:/Users/somal/OneDrive/Desktop/Capstone_Model/algae_bloom_dataset\train\algae_bloom_4197.png,0
C:/Users/somal/OneDrive/Desktop/Capstone_Model/algae_bloom_dataset\train\algae_bloom_4198.png,0
C:/Users/somal/OneDrive/Desktop/Capstone_Model/algae_bloom_dataset\train\algae_bloom_4199.png,1
C:/Users/somal/OneDrive/Desktop/Capstone_Model/algae_bloom_dataset\train\algae_bloom_42.png,1
C:/Users/somal/OneDrive/Desktop/Capstone_Model/algae_bloom_dataset\train\algae_bloom_420.png,1
C:/Users/somal/OneDrive/Desktop/Capstone_Model/algae_bloom_dataset\train\algae_bloom_4200.png,0
C:/Users/somal/OneDrive/Desktop/Capstone_Model/algae_bloom_dataset\train\algae_bloom_4201.png,1
C:/Users/somal/OneDrive/Desktop/Capstone_Model/algae_bloom_dataset\train\algae_bloom_4202.png,0
C:/Users/somal/OneDrive/Desktop/Capstone_Model/algae_bloom_dataset\train\algae_bloom_4203.png,0
C:/Users/somal/OneDrive/Desktop/Capstone_Model/algae_bloom_dataset\train\algae_bloom_4204.png,1
C:/Users/somal/OneDrive/Desktop/Capstone_Model/algae_bloom_dataset\train\algae_bloom_4205.png,0
C:/Users/somal/OneDrive/Desktop/Capstone_Model/algae_bloom_dataset\train\algae_bloom_4206.png,0
C:/Users/somal/OneDrive/Desktop/Capstone_Model/algae_bloom_dataset\train\algae_bloom_4207.png,0
C:/Users/somal/OneDrive/Desktop/Capstone_Model/algae_bloom_dataset\train\algae_bloom_4208.png,0
C:/Users/somal/OneDrive/Desktop/Capstone_Model/algae_bloom_dataset\train\algae_bloom_4209.png,1
C:/Users/somal/OneDrive/Desktop/Capstone_Model/algae_bloom_dataset\train\algae_bloom_421.png,0
C:/Users/somal/OneDrive/Desktop/Capstone_Model/algae_bloom_dataset\train\algae_bloom_4210.png,0
C:/Users/somal/OneDrive/Desktop/Capstone_Model/algae_bloom_dataset\train\algae_bloom_4211.png,1
C:/Users/somal/OneDrive/Desktop/Capstone_Model/algae_bloom_dataset\train\algae_bloom_4212.png,0
C:/Users/somal/OneDrive/Desktop/Capstone_Model/algae_bloom_dataset\train\algae_bloom_4213.png,0
C:/Users/somal/OneDrive/Desktop/Capstone_Model/algae_bloom_dataset\train\algae_bloom_4214.png,0
C:/Users/somal/OneDrive/Desktop/Capstone_Model/algae_bloom_dataset\train\algae_bloom_4215.png,0
C:/Users/somal/OneDrive/Desktop/Capstone_Model/algae_bloom_dataset\train\algae_bloom_4216.png,0
C:/Users/somal/OneDrive/Desktop/Capstone_Model/algae_bloom_dataset\train\algae_bloom_4217.png,0
C:/Users/somal/OneDrive/Desktop/Capstone_Model/algae_bloom_dataset\train\algae_bloom_4218.png,0
C:/Users/somal/OneDrive/Desktop/Capstone_Model/algae_bloom_dataset\train\algae_bloom_4219.png,0
C:/Users/somal/OneDrive/Desktop/Capstone_Model/algae_bloom_dataset\train\algae_bloom_422.png,1
C:/Users/somal/OneDrive/Desktop/Capstone_Model/algae_bloom_dataset\train\algae_bloom_4220.png,0
C:/Users/somal/OneDrive/Desktop/Capstone_Model/algae_bloom_dataset\train\algae_bloom_4221.png,1
C:/Users/somal/OneDrive/Desktop/Capstone_Model/algae_bloom_dataset\train\algae_bloom_4222.png,1
C:/Users/somal/OneDrive/Desktop/Capstone_Model/algae_bloom_dataset\train\algae_bloom_4223.png,0
C:/Users/somal/OneDrive/Desktop/Capstone_Model/algae_bloom_dataset\train\algae_bloom_4224.png,0
C:/Users/somal/OneDrive/Desktop/Capstone_Model/algae_bloom_dataset\train\algae_bloom_4225.png,0
C:/Users/somal/OneDrive/Desktop/Capstone_Model/algae_bloom_dataset\train\algae_bloom_4226.png,1
C:/Users/somal/OneDrive/Desktop/Capstone_Model/algae_bloom_dataset\train\algae_bloom_4227.png,0
C:/Users/somal/OneDrive/Desktop/Capstone_Model/algae_bloom_dataset\train\algae_bloom_4228.png,0
C:/Users/somal/OneDrive/Desktop/Capstone_Model/algae_bloom_dataset\train\algae_bloom_4229.png,0
C:/Users/somal/OneDrive/Desktop/Capstone_Model/algae_bloom_dataset\train\algae_bloom_423.png,1
C:/Users/somal/OneDrive/Desktop/Capstone_Model/algae_bloom_dataset\train\algae_bloom_4230.png,0
C:/Users/somal/OneDrive/Desktop/Capstone_Model/algae_bloom_dataset\train\algae_bloom_4231.png,0
C:/Users/somal/OneDrive/Desktop/Capstone_Model/algae_bloom_dataset\train\algae_bloom_4232.png,1
C:/Users/somal/OneDrive/Desktop/Capstone_Model/algae_bloom_dataset\train\algae_bloom_4233.png,1
C:/Users/somal/OneDrive/Desktop/Capstone_Model/algae_bloom_dataset\train\algae_bloom_4234.png,0
C:/Users/somal/OneDrive/Desktop/Capstone_Model/algae_bloom_dataset\train\algae_bloom_4235.png,0
C:/Users/somal/OneDrive/Desktop/Capstone_Model/algae_bloom_dataset\train\algae_bloom_4236.png,1
C:/Users/somal/OneDrive/Desktop/Capstone_Model/algae_bloom_dataset\train\algae_bloom_4237.png,0
C:/Users/somal/OneDrive/Desktop/Capstone_Model/algae_bloom_dataset\train\algae_bloom_4238.png,1
C:/Users/somal/OneDrive/Desktop/Capstone_Model/algae_bloom_dataset\train\algae_bloom_4239.png,1
C:/Users/somal/OneDrive/Desktop/Capstone_Model/algae_bloom_dataset\train\algae_bloom_424.png,0
C:/Users/somal/OneDrive/Desktop/Capstone_Model/algae_bloom_dataset\train\algae_bloom_4240.png,1
C:/Users/somal/OneDrive/Desktop/Capstone_Model/algae_bloom_dataset\train\algae_bloom_4241.png,1
C:/Users/somal/OneDrive/Desktop/Capstone_Model/algae_bloom_dataset\train\algae_bloom_4242.png,1
C:/Users/somal/OneDrive/Desktop/Capstone_Model/algae_bloom_dataset\train\algae_bloom_4243.png,0
C:/Users/somal/OneDrive/Desktop/Capstone_Model/algae_bloom_dataset\train\algae_bloom_4244.png,0
C:/Users/somal/OneDrive/Desktop/Capstone_Model/algae_bloom_dataset\train\algae_bloom_4245.png,1
C:/Users/somal/OneDrive/Desktop/Capstone_Model/algae_bloom_dataset\train\algae_bloom_4246.png,0
C:/Users/somal/OneDrive/Desktop/Capstone_Model/algae_bloom_dataset\train\algae_bloom_4247.png,0
C:/Users/somal/OneDrive/Desktop/Capstone_Model/algae_bloom_dataset\train\algae_bloom_4248.png,1
C:/Users/somal/OneDrive/Desktop/Capstone_Model/algae_bloom_dataset\train\algae_bloom_4249.png,0
C:/Users/somal/OneDrive/Desktop/Capstone_Model/algae_bloom_dataset\train\algae_bloom_425.png,0
C:/Users/somal/OneDrive/Desktop/Capstone_Model/algae_bloom_dataset\train\algae_bloom_4250.png,0
C:/Users/somal/OneDrive/Desktop/Capstone_Model/algae_bloom_dataset\train\algae_bloom_4251.png,0
C:/Users/somal/OneDrive/Desktop/Capstone_Model/algae_bloom_dataset\train\algae_bloom_4252.png,1
C:/Users/somal/OneDrive/Desktop/Capstone_Model/algae_bloom_dataset\train\algae_bloom_4253.png,0
C:/Users/somal/OneDrive/Desktop/Capstone_Model/algae_bloom_dataset\train\algae_bloom_4254.png,1
C:/Users/somal/OneDrive/Desktop/Capstone_Model/algae_bloom_dataset\train\algae_bloom_4255.png,0
C:/Users/somal/OneDrive/Desktop/Capstone_Model/algae_bloom_dataset\train\algae_bloom_4256.png,1
C:/Users/somal/OneDrive/Desktop/Capstone_Model/algae_bloom_dataset\train\algae_bloom_4257.png,0
C:/Users/somal/OneDrive/Desktop/Capstone_Model/algae_bloom_dataset\train\algae_bloom_4258.png,0
C:/Users/somal/OneDrive/Desktop/Capstone_Model/algae_bloom_dataset\train\algae_bloom_4259.png,1
C:/Users/somal/OneDrive/Desktop/Capstone_Model/algae_bloom_dataset\train\algae_bloom_426.png,0
C:/Users/somal/OneDrive/Desktop/Capstone_Model/algae_bloom_dataset\train\algae_bloom_4260.png,0
C:/Users/somal/OneDrive/Desktop/Capstone_Model/algae_bloom_dataset\train\algae_bloom_4261.png,1
C:/Users/somal/OneDrive/Desktop/Capstone_Model/algae_bloom_dataset\train\algae_bloom_4262.png,0
C:/Users/somal/OneDrive/Desktop/Capstone_Model/algae_bloom_dataset\train\algae_bloom_4263.png,0
C:/Users/somal/OneDrive/Desktop/Capstone_Model/algae_bloom_dataset\train\algae_bloom_4264.png,0
C:/Users/somal/OneDrive/Desktop/Capstone_Model/algae_bloom_dataset\train\algae_bloom_4265.png,0
C:/Users/somal/OneDrive/Desktop/Capstone_Model/algae_bloom_dataset\train\algae_bloom_4266.png,1
C:/Users/somal/OneDrive/Desktop/Capstone_Model/algae_bloom_dataset\train\algae_bloom_4267.png,1
C:/Users/somal/OneDrive/Desktop/Capstone_Model/algae_bloom_dataset\train\algae_bloom_4268.png,0
C:/Users/somal/OneDrive/Desktop/Capstone_Model/algae_bloom_dataset\train\algae_bloom_4269.png,0
C:/Users/somal/OneDrive/Desktop/Capstone_Model/algae_bloom_dataset\train\algae_bloom_427.png,0
C:/Users/somal/OneDrive/Desktop/Capstone_Model/algae_bloom_dataset\train\algae_bloom_4270.png,0
C:/Users/somal/OneDrive/Desktop/Capstone_Model/algae_bloom_dataset\train\algae_bloom_4271.png,1
C:/Users/somal/OneDrive/Desktop/Capstone_Model/algae_bloom_dataset\train\algae_bloom_4272.png,0
C:/Users/somal/OneDrive/Desktop/Capstone_Model/algae_bloom_dataset\train\algae_bloom_4273.png,0
C:/Users/somal/OneDrive/Desktop/Capstone_Model/algae_bloom_dataset\train\algae_bloom_4274.png,0
C:/Users/somal/OneDrive/Desktop/Capstone_Model/algae_bloom_dataset\train\algae_bloom_4275.png,0
C:/Users/somal/OneDrive/Desktop/Capstone_Model/algae_bloom_dataset\train\algae_bloom_4276.png,1
C:/Users/somal/OneDrive/Desktop/Capstone_Model/algae_bloom_dataset\train\algae_bloom_4277.png,1
C:/Users/somal/OneDrive/Desktop/Capstone_Model/algae_bloom_dataset\train\algae_bloom_4278.png,0
C:/Users/somal/OneDrive/Desktop/Capstone_Model/algae_bloom_dataset\train\algae_bloom_4279.png,1
C:/Users/somal/OneDrive/Desktop/Capstone_Model/algae_bloom_dataset\train\algae_bloom_428.png,0
C:/Users/somal/OneDrive/Desktop/Capstone_Model/algae_bloom_dataset\train\algae_bloom_4280.png,1
C:/Users/somal/OneDrive/Desktop/Capstone_Model/algae_bloom_dataset\train\algae_bloom_4281.png,0
C:/Users/somal/OneDrive/Desktop/Capstone_Model/algae_bloom_dataset\train\algae_bloom_4282.png,0
C:/Users/somal/OneDrive/Desktop/Capstone_Model/algae_bloom_dataset\train\algae_bloom_4283.png,0
C:/Users/somal/OneDrive/Desktop/Capstone_Model/algae_bloom_dataset\train\algae_bloom_4284.png,1
C:/Users/somal/OneDrive/Desktop/Capstone_Model/algae_bloom_dataset\train\algae_bloom_4285.png,0
C:/Users/somal/OneDrive/Desktop/Capstone_Model/algae_bloom_dataset\train\algae_bloom_4286.png,0
C:/Users/somal/OneDrive/Desktop/Capstone_Model/algae_bloom_dataset\train\algae_bloom_4287.png,0
C:/Users/somal/OneDrive/Desktop/Capstone_Model/algae_bloom_dataset\train\algae_bloom_4288.png,0
C:/Users/somal/OneDrive/Desktop/Capstone_Model/algae_bloom_dataset\train\algae_bloom_4289.png,1
C:/Users/somal/OneDrive/Desktop/Capstone_Model/algae_bloom_dataset\train\algae_bloom_429.png,0
C:/Users/somal/OneDrive/Desktop/Capstone_Model/algae_bloom_dataset\train\algae_bloom_4290.png,1
C:/Users/somal/OneDrive/Desktop/Capstone_Model/algae_bloom_dataset\train\algae_bloom_4291.png,0
C:/Users/somal/OneDrive/Desktop/Capstone_Model/algae_bloom_dataset\train\algae_bloom_4292.png,0
C:/Users/somal/OneDrive/Desktop/Capstone_Model/algae_bloom_dataset\train\algae_bloom_4293.png,1
C:/Users/somal/OneDrive/Desktop/Capstone_Model/algae_bloom_dataset\train\algae_bloom_4294.png,0
C:/Users/somal/OneDrive/Desktop/Capstone_Model/algae_bloom_dataset\train\algae_bloom_4295.png,1
C:/Users/somal/OneDrive/Desktop/Capstone_Model/algae_bloom_dataset\train\algae_bloom_4296.png,0
C:/Users/somal/OneDrive/Desktop/Capstone_Model/algae_bloom_dataset\train\algae_bloom_4297.png,0
C:/Users/somal/OneDrive/Desktop/Capstone_Model/algae_bloom_dataset\train\algae_bloom_4298.png,0
C:/Users/somal/OneDrive/Desktop/Capstone_Model/algae_bloom_dataset\train\algae_bloom_4299.png,0
C:/Users/somal/OneDrive/Desktop/Capstone_Model/algae_bloom_dataset\train\algae_bloom_43.png,0
C:/Users/somal/OneDrive/Desktop/Capstone_Model/algae_bloom_dataset\train\algae_bloom_430.png,0
C:/Users/somal/OneDrive/Desktop/Capstone_Model/algae_bloom_dataset\train\algae_bloom_4300.png,0
C:/Users/somal/OneDrive/Desktop/Capstone_Model/algae_bloom_dataset\train\algae_bloom_4301.png,0
C:/Users/somal/OneDrive/Desktop/Capstone_Model/algae_bloom_dataset\train\algae_bloom_4302.png,0
C:/Users/somal/OneDrive/Desktop/Capstone_Model/algae_bloom_dataset\train\algae_bloom_4303.png,1
C:/Users/somal/OneDrive/Desktop/Capstone_Model/algae_bloom_dataset\train\algae_bloom_4304.png,0
C:/Users/somal/OneDrive/Desktop/Capstone_Model/algae_bloom_dataset\train\algae_bloom_4305.png,0
C:/Users/somal/OneDrive/Desktop/Capstone_Model/algae_bloom_dataset\train\algae_bloom_4306.png,0
C:/Users/somal/OneDrive/Desktop/Capstone_Model/algae_bloom_dataset\train\algae_bloom_4307.png,0
C:/Users/somal/OneDrive/Desktop/Capstone_Model/algae_bloom_dataset\train\algae_bloom_4308.png,0
C:/Users/somal/OneDrive/Desktop/Capstone_Model/algae_bloom_dataset\train\algae_bloom_4309.png,0
C:/Users/somal/OneDrive/Desktop/Capstone_Model/algae_bloom_dataset\train\algae_bloom_431.png,1
C:/Users/somal/OneDrive/Desktop/Capstone_Model/algae_bloom_dataset\train\algae_bloom_4310.png,0
C:/Users/somal/OneDrive/Desktop/Capstone_Model/algae_bloom_dataset\train\algae_bloom_4311.png,0
C:/Users/somal/OneDrive/Desktop/Capstone_Model/algae_bloom_dataset\train\algae_bloom_4312.png,0
C:/Users/somal/OneDrive/Desktop/Capstone_Model/algae_bloom_dataset\train\algae_bloom_4313.png,1
C:/Users/somal/OneDrive/Desktop/Capstone_Model/algae_bloom_dataset\train\algae_bloom_4314.png,1
C:/Users/somal/OneDrive/Desktop/Capstone_Model/algae_bloom_dataset\train\algae_bloom_4315.png,0
C:/Users/somal/OneDrive/Desktop/Capstone_Model/algae_bloom_dataset\train\algae_bloom_4316.png,0
C:/Users/somal/OneDrive/Desktop/Capstone_Model/algae_bloom_dataset\train\algae_bloom_4317.png,0
C:/Users/somal/OneDrive/Desktop/Capstone_Model/algae_bloom_dataset\train\algae_bloom_4318.png,0
C:/Users/somal/OneDrive/Desktop/Capstone_Model/algae_bloom_dataset\train\algae_bloom_4319.png,0
C:/Users/somal/OneDrive/Desktop/Capstone_Model/algae_bloom_dataset\train\algae_bloom_432.png,0
C:/Users/somal/OneDrive/Desktop/Capstone_Model/algae_bloom_dataset\train\algae_bloom_4320.png,0
C:/Users/somal/OneDrive/Desktop/Capstone_Model/algae_bloom_dataset\train\algae_bloom_4321.png,1
C:/Users/somal/OneDrive/Desktop/Capstone_Model/algae_bloom_dataset\train\algae_bloom_4322.png,0
C:/Users/somal/OneDrive/Desktop/Capstone_Model/algae_bloom_dataset\train\algae_bloom_4323.png,1
C:/Users/somal/OneDrive/Desktop/Capstone_Model/algae_bloom_dataset\train\algae_bloom_4324.png,0
C:/Users/somal/OneDrive/Desktop/Capstone_Model/algae_bloom_dataset\train\algae_bloom_4325.png,1
C:/Users/somal/OneDrive/Desktop/Capstone_Model/algae_bloom_dataset\train\algae_bloom_4326.png,0
C:/Users/somal/OneDrive/Desktop/Capstone_Model/algae_bloom_dataset\train\algae_bloom_4327.png,0
C:/Users/somal/OneDrive/Desktop/Capstone_Model/algae_bloom_dataset\train\algae_bloom_4328.png,0
C:/Users/somal/OneDrive/Desktop/Capstone_Model/algae_bloom_dataset\train\algae_bloom_4329.png,0
C:/Users/somal/OneDrive/Desktop/Capstone_Model/algae_bloom_dataset\train\algae_bloom_433.png,1
C:/Users/somal/OneDrive/Desktop/Capstone_Model/algae_bloom_dataset\train\algae_bloom_4330.png,0
C:/Users/somal/OneDrive/Desktop/Capstone_Model/algae_bloom_dataset\train\algae_bloom_4331.png,1
C:/Users/somal/OneDrive/Desktop/Capstone_Model/algae_bloom_dataset\train\algae_bloom_4332.png,1
C:/Users/somal/OneDrive/Desktop/Capstone_Model/algae_bloom_dataset\train\algae_bloom_4333.png,0
C:/Users/somal/OneDrive/Desktop/Capstone_Model/algae_bloom_dataset\train\algae_bloom_4334.png,1
C:/Users/somal/OneDrive/Desktop/Capstone_Model/algae_bloom_dataset\train\algae_bloom_4335.png,0
C:/Users/somal/OneDrive/Desktop/Capstone_Model/algae_bloom_dataset\train\algae_bloom_4336.png,0
C:/Users/somal/OneDrive/Desktop/Capstone_Model/algae_bloom_dataset\train\algae_bloom_4337.png,1
C:/Users/somal/OneDrive/Desktop/Capstone_Model/algae_bloom_dataset\train\algae_bloom_4338.png,0
C:/Users/somal/OneDrive/Desktop/Capstone_Model/algae_bloom_dataset\train\algae_bloom_4339.png,1
C:/Users/somal/OneDrive/Desktop/Capstone_Model/algae_bloom_dataset\train\algae_bloom_434.png,0
C:/Users/somal/OneDrive/Desktop/Capstone_Model/algae_bloom_dataset\train\algae_bloom_4340.png,0
C:/Users/somal/OneDrive/Desktop/Capstone_Model/algae_bloom_dataset\train\algae_bloom_4341.png,0
C:/Users/somal/OneDrive/Desktop/Capstone_Model/algae_bloom_dataset\train\algae_bloom_4342.png,0
C:/Users/somal/OneDrive/Desktop/Capstone_Model/algae_bloom_dataset\train\algae_bloom_4343.png,0
C:/Users/somal/OneDrive/Desktop/Capstone_Model/algae_bloom_dataset\train\algae_bloom_4344.png,0
C:/Users/somal/OneDrive/Desktop/Capstone_Model/algae_bloom_dataset\train\algae_bloom_4345.png,1
C:/Users/somal/OneDrive/Desktop/Capstone_Model/algae_bloom_dataset\train\algae_bloom_4346.png,1
C:/Users/somal/OneDrive/Desktop/Capstone_Model/algae_bloom_dataset\train\algae_bloom_4347.png,0
C:/Users/somal/OneDrive/Desktop/Capstone_Model/algae_bloom_dataset\train\algae_bloom_4348.png,0
C:/Users/somal/OneDrive/Desktop/Capstone_Model/algae_bloom_dataset\train\algae_bloom_4349.png,0
C:/Users/somal/OneDrive/Desktop/Capstone_Model/algae_bloom_dataset\train\algae_bloom_435.png,0
C:/Users/somal/OneDrive/Desktop/Capstone_Model/algae_bloom_dataset\train\algae_bloom_4350.png,1
C:/Users/somal/OneDrive/Desktop/Capstone_Model/algae_bloom_dataset\train\algae_bloom_4351.png,0
C:/Users/somal/OneDrive/Desktop/Capstone_Model/algae_bloom_dataset\train\algae_bloom_4352.png,0
C:/Users/somal/OneDrive/Desktop/Capstone_Model/algae_bloom_dataset\train\algae_bloom_4353.png,1
C:/Users/somal/OneDrive/Desktop/Capstone_Model/algae_bloom_dataset\train\algae_bloom_4354.png,0
C:/Users/somal/OneDrive/Desktop/Capstone_Model/algae_bloom_dataset\train\algae_bloom_4355.png,0
C:/Users/somal/OneDrive/Desktop/Capstone_Model/algae_bloom_dataset\train\algae_bloom_4356.png,0
C:/Users/somal/OneDrive/Desktop/Capstone_Model/algae_bloom_dataset\train\algae_bloom_4357.png,0
C:/Users/somal/OneDrive/Desktop/Capstone_Model/algae_bloom_dataset\train\algae_bloom_4358.png,0
C:/Users/somal/OneDrive/Desktop/Capstone_Model/algae_bloom_dataset\train\algae_bloom_4359.png,0
C:/Users/somal/OneDrive/Desktop/Capstone_Model/algae_bloom_dataset\train\algae_bloom_436.png,1
C:/Users/somal/OneDrive/Desktop/Capstone_Model/algae_bloom_dataset\train\algae_bloom_4360.png,1
C:/Users/somal/OneDrive/Desktop/Capstone_Model/algae_bloom_dataset\train\algae_bloom_4361.png,1
C:/Users/somal/OneDrive/Desktop/Capstone_Model/algae_bloom_dataset\train\algae_bloom_4362.png,0
C:/Users/somal/OneDrive/Desktop/Capstone_Model/algae_bloom_dataset\train\algae_bloom_4363.png,0
C:/Users/somal/OneDrive/Desktop/Capstone_Model/algae_bloom_dataset\train\algae_bloom_4364.png,0
C:/Users/somal/OneDrive/Desktop/Capstone_Model/algae_bloom_dataset\train\algae_bloom_4365.png,0
C:/Users/somal/OneDrive/Desktop/Capstone_Model/algae_bloom_dataset\train\algae_bloom_4366.png,0
C:/Users/somal/OneDrive/Desktop/Capstone_Model/algae_bloom_dataset\train\algae_bloom_4367.png,0
C:/Users/somal/OneDrive/Desktop/Capstone_Model/algae_bloom_dataset\train\algae_bloom_4368.png,0
C:/Users/somal/OneDrive/Desktop/Capstone_Model/algae_bloom_dataset\train\algae_bloom_4369.png,0
C:/Users/somal/OneDrive/Desktop/Capstone_Model/algae_bloom_dataset\train\algae_bloom_437.png,0
C:/Users/somal/OneDrive/Desktop/Capstone_Model/algae_bloom_dataset\train\algae_bloom_4370.png,0
C:/Users/somal/OneDrive/Desktop/Capstone_Model/algae_bloom_dataset\train\algae_bloom_4371.png,1
C:/Users/somal/OneDrive/Desktop/Capstone_Model/algae_bloom_dataset\train\algae_bloom_4372.png,1
C:/Users/somal/OneDrive/Desktop/Capstone_Model/algae_bloom_dataset\train\algae_bloom_4373.png,0
C:/Users/somal/OneDrive/Desktop/Capstone_Model/algae_bloom_dataset\train\algae_bloom_4374.png,0
C:/Users/somal/OneDrive/Desktop/Capstone_Model/algae_bloom_dataset\train\algae_bloom_4375.png,0
C:/Users/somal/OneDrive/Desktop/Capstone_Model/algae_bloom_dataset\train\algae_bloom_4376.png,0
C:/Users/somal/OneDrive/Desktop/Capstone_Model/algae_bloom_dataset\train\algae_bloom_4377.png,0
C:/Users/somal/OneDrive/Desktop/Capstone_Model/algae_bloom_dataset\train\algae_bloom_4378.png,0
C:/Users/somal/OneDrive/Desktop/Capstone_Model/algae_bloom_dataset\train\algae_bloom_4379.png,0
C:/Users/somal/OneDrive/Desktop/Capstone_Model/algae_bloom_dataset\train\algae_bloom_438.png,0
C:/Users/somal/OneDrive/Desktop/Capstone_Model/algae_bloom_dataset\train\algae_bloom_4380.png,1
C:/Users/somal/OneDrive/Desktop/Capstone_Model/algae_bloom_dataset\train\algae_bloom_4381.png,1
C:/Users/somal/OneDrive/Desktop/Capstone_Model/algae_bloom_dataset\train\algae_bloom_4382.png,1
C:/Users/somal/OneDrive/Desktop/Capstone_Model/algae_bloom_dataset\train\algae_bloom_4383.png,0
C:/Users/somal/OneDrive/Desktop/Capstone_Model/algae_bloom_dataset\train\algae_bloom_4384.png,0
C:/Users/somal/OneDrive/Desktop/Capstone_Model/algae_bloom_dataset\train\algae_bloom_4385.png,0
C:/Users/somal/OneDrive/Desktop/Capstone_Model/algae_bloom_dataset\train\algae_bloom_4386.png,0
C:/Users/somal/OneDrive/Desktop/Capstone_Model/algae_bloom_dataset\train\algae_bloom_4387.png,1
C:/Users/somal/OneDrive/Desktop/Capstone_Model/algae_bloom_dataset\train\algae_bloom_4388.png,0
C:/Users/somal/OneDrive/Desktop/Capstone_Model/algae_bloom_dataset\train\algae_bloom_4389.png,1
C:/Users/somal/OneDrive/Desktop/Capstone_Model/algae_bloom_dataset\train\algae_bloom_439.png,0
C:/Users/somal/OneDrive/Desktop/Capstone_Model/algae_bloom_dataset\train\algae_bloom_4390.png,0
C:/Users/somal/OneDrive/Desktop/Capstone_Model/algae_bloom_dataset\train\algae_bloom_4391.png,1
C:/Users/somal/OneDrive/Desktop/Capstone_Model/algae_bloom_dataset\train\algae_bloom_4392.png,0
C:/Users/somal/OneDrive/Desktop/Capstone_Model/algae_bloom_dataset\train\algae_bloom_4393.png,1
C:/Users/somal/OneDrive/Desktop/Capstone_Model/algae_bloom_dataset\train\algae_bloom_4394.png,0
C:/Users/somal/OneDrive/Desktop/Capstone_Model/algae_bloom_dataset\train\algae_bloom_4395.png,0
C:/Users/somal/OneDrive/Desktop/Capstone_Model/algae_bloom_dataset\train\algae_bloom_4396.png,1
C:/Users/somal/OneDrive/Desktop/Capstone_Model/algae_bloom_dataset\train\algae_bloom_4397.png,0
C:/Users/somal/OneDrive/Desktop/Capstone_Model/algae_bloom_dataset\train\algae_bloom_4398.png,1
C:/Users/somal/OneDrive/Desktop/Capstone_Model/algae_bloom_dataset\train\algae_bloom_4399.png,0
C:/Users/somal/OneDrive/Desktop/Capstone_Model/algae_bloom_dataset\train\algae_bloom_44.png,0
C:/Users/somal/OneDrive/Desktop/Capstone_Model/algae_bloom_dataset\train\algae_bloom_440.png,1
C:/Users/somal/OneDrive/Desktop/Capstone_Model/algae_bloom_dataset\train\algae_bloom_4400.png,0
C:/Users/somal/OneDrive/Desktop/Capstone_Model/algae_bloom_dataset\train\algae_bloom_4401.png,0
C:/Users/somal/OneDrive/Desktop/Capstone_Model/algae_bloom_dataset\train\algae_bloom_4402.png,1
C:/Users/somal/OneDrive/Desktop/Capstone_Model/algae_bloom_dataset\train\algae_bloom_4403.png,1
C:/Users/somal/OneDrive/Desktop/Capstone_Model/algae_bloom_dataset\train\algae_bloom_4404.png,0
C:/Users/somal/OneDrive/Desktop/Capstone_Model/algae_bloom_dataset\train\algae_bloom_4405.png,1
C:/Users/somal/OneDrive/Desktop/Capstone_Model/algae_bloom_dataset\train\algae_bloom_4406.png,0
C:/Users/somal/OneDrive/Desktop/Capstone_Model/algae_bloom_dataset\train\algae_bloom_4407.png,0
C:/Users/somal/OneDrive/Desktop/Capstone_Model/algae_bloom_dataset\train\algae_bloom_4408.png,1
C:/Users/somal/OneDrive/Desktop/Capstone_Model/algae_bloom_dataset\train\algae_bloom_4409.png,0
C:/Users/somal/OneDrive/Desktop/Capstone_Model/algae_bloom_dataset\train\algae_bloom_441.png,0
C:/Users/somal/OneDrive/Desktop/Capstone_Model/algae_bloom_dataset\train\algae_bloom_4410.png,1
C:/Users/somal/OneDrive/Desktop/Capstone_Model/algae_bloom_dataset\train\algae_bloom_4411.png,0
C:/Users/somal/OneDrive/Desktop/Capstone_Model/algae_bloom_dataset\train\algae_bloom_4412.png,1
C:/Users/somal/OneDrive/Desktop/Capstone_Model/algae_bloom_dataset\train\algae_bloom_4413.png,1
C:/Users/somal/OneDrive/Desktop/Capstone_Model/algae_bloom_dataset\train\algae_bloom_4414.png,1
C:/Users/somal/OneDrive/Desktop/Capstone_Model/algae_bloom_dataset\train\algae_bloom_4415.png,0
C:/Users/somal/OneDrive/Desktop/Capstone_Model/algae_bloom_dataset\train\algae_bloom_4416.png,1
C:/Users/somal/OneDrive/Desktop/Capstone_Model/algae_bloom_dataset\train\algae_bloom_4417.png,0
C:/Users/somal/OneDrive/Desktop/Capstone_Model/algae_bloom_dataset\train\algae_bloom_4418.png,1
C:/Users/somal/OneDrive/Desktop/Capstone_Model/algae_bloom_dataset\train\algae_bloom_4419.png,0
C:/Users/somal/OneDrive/Desktop/Capstone_Model/algae_bloom_dataset\train\algae_bloom_442.png,0
C:/Users/somal/OneDrive/Desktop/Capstone_Model/algae_bloom_dataset\train\algae_bloom_4420.png,0
C:/Users/somal/OneDrive/Desktop/Capstone_Model/algae_bloom_dataset\train\algae_bloom_4421.png,0
C:/Users/somal/OneDrive/Desktop/Capstone_Model/algae_bloom_dataset\train\algae_bloom_4422.png,1
C:/Users/somal/OneDrive/Desktop/Capstone_Model/algae_bloom_dataset\train\algae_bloom_4423.png,0
C:/Users/somal/OneDrive/Desktop/Capstone_Model/algae_bloom_dataset\train\algae_bloom_4424.png,0
C:/Users/somal/OneDrive/Desktop/Capstone_Model/algae_bloom_dataset\train\algae_bloom_4425.png,1
C:/Users/somal/OneDrive/Desktop/Capstone_Model/algae_bloom_dataset\train\algae_bloom_4426.png,0
C:/Users/somal/OneDrive/Desktop/Capstone_Model/algae_bloom_dataset\train\algae_bloom_4427.png,0
C:/Users/somal/OneDrive/Desktop/Capstone_Model/algae_bloom_dataset\train\algae_bloom_4428.png,0
C:/Users/somal/OneDrive/Desktop/Capstone_Model/algae_bloom_dataset\train\algae_bloom_4429.png,1
C:/Users/somal/OneDrive/Desktop/Capstone_Model/algae_bloom_dataset\train\algae_bloom_443.png,0
C:/Users/somal/OneDrive/Desktop/Capstone_Model/algae_bloom_dataset\train\algae_bloom_4430.png,0
C:/Users/somal/OneDrive/Desktop/Capstone_Model/algae_bloom_dataset\train\algae_bloom_4431.png,1
C:/Users/somal/OneDrive/Desktop/Capstone_Model/algae_bloom_dataset\train\algae_bloom_4432.png,0
C:/Users/somal/OneDrive/Desktop/Capstone_Model/algae_bloom_dataset\train\algae_bloom_4433.png,0
C:/Users/somal/OneDrive/Desktop/Capstone_Model/algae_bloom_dataset\train\algae_bloom_4434.png,1
C:/Users/somal/OneDrive/Desktop/Capstone_Model/algae_bloom_dataset\train\algae_bloom_4435.png,1
C:/Users/somal/OneDrive/Desktop/Capstone_Model/algae_bloom_dataset\train\algae_bloom_4436.png,1
C:/Users/somal/OneDrive/Desktop/Capstone_Model/algae_bloom_dataset\train\algae_bloom_4437.png,0
C:/Users/somal/OneDrive/Desktop/Capstone_Model/algae_bloom_dataset\train\algae_bloom_4438.png,1
C:/Users/somal/OneDrive/Desktop/Capstone_Model/algae_bloom_dataset\train\algae_bloom_4439.png,0
C:/Users/somal/OneDrive/Desktop/Capstone_Model/algae_bloom_dataset\train\algae_bloom_444.png,0
C:/Users/somal/OneDrive/Desktop/Capstone_Model/algae_bloom_dataset\train\algae_bloom_4440.png,0
C:/Users/somal/OneDrive/Desktop/Capstone_Model/algae_bloom_dataset\train\algae_bloom_4441.png,0
C:/Users/somal/OneDrive/Desktop/Capstone_Model/algae_bloom_dataset\train\algae_bloom_4442.png,0
C:/Users/somal/OneDrive/Desktop/Capstone_Model/algae_bloom_dataset\train\algae_bloom_4443.png,0
C:/Users/somal/OneDrive/Desktop/Capstone_Model/algae_bloom_dataset\train\algae_bloom_4444.png,1
C:/Users/somal/OneDrive/Desktop/Capstone_Model/algae_bloom_dataset\train\algae_bloom_4445.png,0
C:/Users/somal/OneDrive/Desktop/Capstone_Model/algae_bloom_dataset\train\algae_bloom_4446.png,0
C:/Users/somal/OneDrive/Desktop/Capstone_Model/algae_bloom_dataset\train\algae_bloom_4447.png,0
C:/Users/somal/OneDrive/Desktop/Capstone_Model/algae_bloom_dataset\train\algae_bloom_4448.png,1
C:/Users/somal/OneDrive/Desktop/Capstone_Model/algae_bloom_dataset\train\algae_bloom_4449.png,0
C:/Users/somal/OneDrive/Desktop/Capstone_Model/algae_bloom_dataset\train\algae_bloom_445.png,0
C:/Users/somal/OneDrive/Desktop/Capstone_Model/algae_bloom_dataset\train\algae_bloom_4450.png,1
C:/Users/somal/OneDrive/Desktop/Capstone_Model/algae_bloom_dataset\train\algae_bloom_4451.png,0
C:/Users/somal/OneDrive/Desktop/Capstone_Model/algae_bloom_dataset\train\algae_bloom_4452.png,1
C:/Users/somal/OneDrive/Desktop/Capstone_Model/algae_bloom_dataset\train\algae_bloom_4453.png,0
C:/Users/somal/OneDrive/Desktop/Capstone_Model/algae_bloom_dataset\train\algae_bloom_4454.png,0
C:/Users/somal/OneDrive/Desktop/Capstone_Model/algae_bloom_dataset\train\algae_bloom_4455.png,0
C:/Users/somal/OneDrive/Desktop/Capstone_Model/algae_bloom_dataset\train\algae_bloom_4456.png,1
C:/Users/somal/OneDrive/Desktop/Capstone_Model/algae_bloom_dataset\train\algae_bloom_4457.png,1
C:/Users/somal/OneDrive/Desktop/Capstone_Model/algae_bloom_dataset\train\algae_bloom_4458.png,0
C:/Users/somal/OneDrive/Desktop/Capstone_Model/algae_bloom_dataset\train\algae_bloom_4459.png,1
C:/Users/somal/OneDrive/Desktop/Capstone_Model/algae_bloom_dataset\train\algae_bloom_446.png,1
C:/Users/somal/OneDrive/Desktop/Capstone_Model/algae_bloom_dataset\train\algae_bloom_4460.png,0
C:/Users/somal/OneDrive/Desktop/Capstone_Model/algae_bloom_dataset\train\algae_bloom_4461.png,1
C:/Users/somal/OneDrive/Desktop/Capstone_Model/algae_bloom_dataset\train\algae_bloom_4462.png,0
C:/Users/somal/OneDrive/Desktop/Capstone_Model/algae_bloom_dataset\train\algae_bloom_4463.png,0
C:/Users/somal/OneDrive/Desktop/Capstone_Model/algae_bloom_dataset\train\algae_bloom_4464.png,0
C:/Users/somal/OneDrive/Desktop/Capstone_Model/algae_bloom_dataset\train\algae_bloom_4465.png,0
C:/Users/somal/OneDrive/Desktop/Capstone_Model/algae_bloom_dataset\train\algae_bloom_4466.png,0
C:/Users/somal/OneDrive/Desktop/Capstone_Model/algae_bloom_dataset\train\algae_bloom_4467.png,0
C:/Users/somal/OneDrive/Desktop/Capstone_Model/algae_bloom_dataset\train\algae_bloom_4468.png,0
C:/Users/somal/OneDrive/Desktop/Capstone_Model/algae_bloom_dataset\train\algae_bloom_4469.png,0
C:/Users/somal/OneDrive/Desktop/Capstone_Model/algae_bloom_dataset\train\algae_bloom_447.png,0
C:/Users/somal/OneDrive/Desktop/Capstone_Model/algae_bloom_dataset\train\algae_bloom_4470.png,1
C:/Users/somal/OneDrive/Desktop/Capstone_Model/algae_bloom_dataset\train\algae_bloom_4471.png,0
C:/Users/somal/OneDrive/Desktop/Capstone_Model/algae_bloom_dataset\train\algae_bloom_4472.png,0
C:/Users/somal/OneDrive/Desktop/Capstone_Model/algae_bloom_dataset\train\algae_bloom_4473.png,0
C:/Users/somal/OneDrive/Desktop/Capstone_Model/algae_bloom_dataset\train\algae_bloom_4474.png,0
C:/Users/somal/OneDrive/Desktop/Capstone_Model/algae_bloom_dataset\train\algae_bloom_4475.png,1
C:/Users/somal/OneDrive/Desktop/Capstone_Model/algae_bloom_dataset\train\algae_bloom_4476.png,0
C:/Users/somal/OneDrive/Desktop/Capstone_Model/algae_bloom_dataset\train\algae_bloom_4477.png,1
C:/Users/somal/OneDrive/Desktop/Capstone_Model/algae_bloom_dataset\train\algae_bloom_4478.png,0
C:/Users/somal/OneDrive/Desktop/Capstone_Model/algae_bloom_dataset\train\algae_bloom_4479.png,0
C:/Users/somal/OneDrive/Desktop/Capstone_Model/algae_bloom_dataset\train\algae_bloom_448.png,0
C:/Users/somal/OneDrive/Desktop/Capstone_Model/algae_bloom_dataset\train\algae_bloom_4480.png,1
C:/Users/somal/OneDrive/Desktop/Capstone_Model/algae_bloom_dataset\train\algae_bloom_4481.png,1
C:/Users/somal/OneDrive/Desktop/Capstone_Model/algae_bloom_dataset\train\algae_bloom_4482.png,1
C:/Users/somal/OneDrive/Desktop/Capstone_Model/algae_bloom_dataset\train\algae_bloom_4483.png,0
C:/Users/somal/OneDrive/Desktop/Capstone_Model/algae_bloom_dataset\train\algae_bloom_4484.png,1
C:/Users/somal/OneDrive/Desktop/Capstone_Model/algae_bloom_dataset\train\algae_bloom_4485.png,0
C:/Users/somal/OneDrive/Desktop/Capstone_Model/algae_bloom_dataset\train\algae_bloom_4486.png,1
C:/Users/somal/OneDrive/Desktop/Capstone_Model/algae_bloom_dataset\train\algae_bloom_4487.png,0
C:/Users/somal/OneDrive/Desktop/Capstone_Model/algae_bloom_dataset\train\algae_bloom_4488.png,0
C:/Users/somal/OneDrive/Desktop/Capstone_Model/algae_bloom_dataset\train\algae_bloom_4489.png,0
C:/Users/somal/OneDrive/Desktop/Capstone_Model/algae_bloom_dataset\train\algae_bloom_449.png,0
C:/Users/somal/OneDrive/Desktop/Capstone_Model/algae_bloom_dataset\train\algae_bloom_4490.png,1
C:/Users/somal/OneDrive/Desktop/Capstone_Model/algae_bloom_dataset\train\algae_bloom_4491.png,0
C:/Users/somal/OneDrive/Desktop/Capstone_Model/algae_bloom_dataset\train\algae_bloom_4492.png,0
C:/Users/somal/OneDrive/Desktop/Capstone_Model/algae_bloom_dataset\train\algae_bloom_4493.png,0
C:/Users/somal/OneDrive/Desktop/Capstone_Model/algae_bloom_dataset\train\algae_bloom_4494.png,0
C:/Users/somal/OneDrive/Desktop/Capstone_Model/algae_bloom_dataset\train\algae_bloom_4495.png,1
C:/Users/somal/OneDrive/Desktop/Capstone_Model/algae_bloom_dataset\train\algae_bloom_4496.png,1
C:/Users/somal/OneDrive/Desktop/Capstone_Model/algae_bloom_dataset\train\algae_bloom_4497.png,0
C:/Users/somal/OneDrive/Desktop/Capstone_Model/algae_bloom_dataset\train\algae_bloom_4498.png,1
C:/Users/somal/OneDrive/Desktop/Capstone_Model/algae_bloom_dataset\train\algae_bloom_4499.png,1
C:/Users/somal/OneDrive/Desktop/Capstone_Model/algae_bloom_dataset\train\algae_bloom_45.png,1
C:/Users/somal/OneDrive/Desktop/Capstone_Model/algae_bloom_dataset\train\algae_bloom_450.png,0
C:/Users/somal/OneDrive/Desktop/Capstone_Model/algae_bloom_dataset\train\algae_bloom_4500.png,0
C:/Users/somal/OneDrive/Desktop/Capstone_Model/algae_bloom_dataset\train\algae_bloom_4501.png,1
C:/Users/somal/OneDrive/Desktop/Capstone_Model/algae_bloom_dataset\train\algae_bloom_4502.png,0
C:/Users/somal/OneDrive/Desktop/Capstone_Model/algae_bloom_dataset\train\algae_bloom_4503.png,0
C:/Users/somal/OneDrive/Desktop/Capstone_Model/algae_bloom_dataset\train\algae_bloom_4504.png,0
C:/Users/somal/OneDrive/Desktop/Capstone_Model/algae_bloom_dataset\train\algae_bloom_4505.png,0
C:/Users/somal/OneDrive/Desktop/Capstone_Model/algae_bloom_dataset\train\algae_bloom_4506.png,0
C:/Users/somal/OneDrive/Desktop/Capstone_Model/algae_bloom_dataset\train\algae_bloom_4507.png,0
C:/Users/somal/OneDrive/Desktop/Capstone_Model/algae_bloom_dataset\train\algae_bloom_4508.png,0
C:/Users/somal/OneDrive/Desktop/Capstone_Model/algae_bloom_dataset\train\algae_bloom_4509.png,0
C:/Users/somal/OneDrive/Desktop/Capstone_Model/algae_bloom_dataset\train\algae_bloom_451.png,0
C:/Users/somal/OneDrive/Desktop/Capstone_Model/algae_bloom_dataset\train\algae_bloom_4510.png,0
C:/Users/somal/OneDrive/Desktop/Capstone_Model/algae_bloom_dataset\train\algae_bloom_4511.png,1
C:/Users/somal/OneDrive/Desktop/Capstone_Model/algae_bloom_dataset\train\algae_bloom_4512.png,1
C:/Users/somal/OneDrive/Desktop/Capstone_Model/algae_bloom_dataset\train\algae_bloom_4513.png,0
C:/Users/somal/OneDrive/Desktop/Capstone_Model/algae_bloom_dataset\train\algae_bloom_4514.png,0
C:/Users/somal/OneDrive/Desktop/Capstone_Model/algae_bloom_dataset\train\algae_bloom_4515.png,0
C:/Users/somal/OneDrive/Desktop/Capstone_Model/algae_bloom_dataset\train\algae_bloom_4516.png,0
C:/Users/somal/OneDrive/Desktop/Capstone_Model/algae_bloom_dataset\train\algae_bloom_4517.png,0
C:/Users/somal/OneDrive/Desktop/Capstone_Model/algae_bloom_dataset\train\algae_bloom_4518.png,0
C:/Users/somal/OneDrive/Desktop/Capstone_Model/algae_bloom_dataset\train\algae_bloom_4519.png,0
C:/Users/somal/OneDrive/Desktop/Capstone_Model/algae_bloom_dataset\train\algae_bloom_452.png,1
C:/Users/somal/OneDrive/Desktop/Capstone_Model/algae_bloom_dataset\train\algae_bloom_4520.png,0
C:/Users/somal/OneDrive/Desktop/Capstone_Model/algae_bloom_dataset\train\algae_bloom_4521.png,1
C:/Users/somal/OneDrive/Desktop/Capstone_Model/algae_bloom_dataset\train\algae_bloom_4522.png,0
C:/Users/somal/OneDrive/Desktop/Capstone_Model/algae_bloom_dataset\train\algae_bloom_4523.png,0
C:/Users/somal/OneDrive/Desktop/Capstone_Model/algae_bloom_dataset\train\algae_bloom_4524.png,1
C:/Users/somal/OneDrive/Desktop/Capstone_Model/algae_bloom_dataset\train\algae_bloom_4525.png,0
C:/Users/somal/OneDrive/Desktop/Capstone_Model/algae_bloom_dataset\train\algae_bloom_4526.png,1
C:/Users/somal/OneDrive/Desktop/Capstone_Model/algae_bloom_dataset\train\algae_bloom_4527.png,0
C:/Users/somal/OneDrive/Desktop/Capstone_Model/algae_bloom_dataset\train\algae_bloom_4528.png,0
C:/Users/somal/OneDrive/Desktop/Capstone_Model/algae_bloom_dataset\train\algae_bloom_4529.png,0
C:/Users/somal/OneDrive/Desktop/Capstone_Model/algae_bloom_dataset\train\algae_bloom_453.png,0
C:/Users/somal/OneDrive/Desktop/Capstone_Model/algae_bloom_dataset\train\algae_bloom_4530.png,0
C:/Users/somal/OneDrive/Desktop/Capstone_Model/algae_bloom_dataset\train\algae_bloom_4531.png,0
C:/Users/somal/OneDrive/Desktop/Capstone_Model/algae_bloom_dataset\train\algae_bloom_4532.png,0
C:/Users/somal/OneDrive/Desktop/Capstone_Model/algae_bloom_dataset\train\algae_bloom_4533.png,0
C:/Users/somal/OneDrive/Desktop/Capstone_Model/algae_bloom_dataset\train\algae_bloom_4534.png,0
C:/Users/somal/OneDrive/Desktop/Capstone_Model/algae_bloom_dataset\train\algae_bloom_4535.png,0
C:/Users/somal/OneDrive/Desktop/Capstone_Model/algae_bloom_dataset\train\algae_bloom_4536.png,0
C:/Users/somal/OneDrive/Desktop/Capstone_Model/algae_bloom_dataset\train\algae_bloom_4537.png,0
C:/Users/somal/OneDrive/Desktop/Capstone_Model/algae_bloom_dataset\train\algae_bloom_4538.png,1
C:/Users/somal/OneDrive/Desktop/Capstone_Model/algae_bloom_dataset\train\algae_bloom_4539.png,0
C:/Users/somal/OneDrive/Desktop/Capstone_Model/algae_bloom_dataset\train\algae_bloom_454.png,1
C:/Users/somal/OneDrive/Desktop/Capstone_Model/algae_bloom_dataset\train\algae_bloom_4540.png,0
C:/Users/somal/OneDrive/Desktop/Capstone_Model/algae_bloom_dataset\train\algae_bloom_4541.png,1
C:/Users/somal/OneDrive/Desktop/Capstone_Model/algae_bloom_dataset\train\algae_bloom_4542.png,0
C:/Users/somal/OneDrive/Desktop/Capstone_Model/algae_bloom_dataset\train\algae_bloom_4543.png,0
C:/Users/somal/OneDrive/Desktop/Capstone_Model/algae_bloom_dataset\train\algae_bloom_4544.png,0
C:/Users/somal/OneDrive/Desktop/Capstone_Model/algae_bloom_dataset\train\algae_bloom_4545.png,0
C:/Users/somal/OneDrive/Desktop/Capstone_Model/algae_bloom_dataset\train\algae_bloom_4546.png,0
C:/Users/somal/OneDrive/Desktop/Capstone_Model/algae_bloom_dataset\train\algae_bloom_4547.png,0
C:/Users/somal/OneDrive/Desktop/Capstone_Model/algae_bloom_dataset\train\algae_bloom_4548.png,0
C:/Users/somal/OneDrive/Desktop/Capstone_Model/algae_bloom_dataset\train\algae_bloom_4549.png,0
C:/Users/somal/OneDrive/Desktop/Capstone_Model/algae_bloom_dataset\train\algae_bloom_455.png,1
C:/Users/somal/OneDrive/Desktop/Capstone_Model/algae_bloom_dataset\train\algae_bloom_4550.png,0
C:/Users/somal/OneDrive/Desktop/Capstone_Model/algae_bloom_dataset\train\algae_bloom_4551.png,1
C:/Users/somal/OneDrive/Desktop/Capstone_Model/algae_bloom_dataset\train\algae_bloom_4552.png,0
C:/Users/somal/OneDrive/Desktop/Capstone_Model/algae_bloom_dataset\train\algae_bloom_4553.png,0
C:/Users/somal/OneDrive/Desktop/Capstone_Model/algae_bloom_dataset\train\algae_bloom_4554.png,0
C:/Users/somal/OneDrive/Desktop/Capstone_Model/algae_bloom_dataset\train\algae_bloom_4555.png,0
C:/Users/somal/OneDrive/Desktop/Capstone_Model/algae_bloom_dataset\train\algae_bloom_4556.png,0
C:/Users/somal/OneDrive/Desktop/Capstone_Model/algae_bloom_dataset\train\algae_bloom_4557.png,1
C:/Users/somal/OneDrive/Desktop/Capstone_Model/algae_bloom_dataset\train\algae_bloom_4558.png,0
C:/Users/somal/OneDrive/Desktop/Capstone_Model/algae_bloom_dataset\train\algae_bloom_4559.png,0
C:/Users/somal/OneDrive/Desktop/Capstone_Model/algae_bloom_dataset\train\algae_bloom_456.png,1
C:/Users/somal/OneDrive/Desktop/Capstone_Model/algae_bloom_dataset\train\algae_bloom_4560.png,0
C:/Users/somal/OneDrive/Desktop/Capstone_Model/algae_bloom_dataset\train\algae_bloom_4561.png,0
C:/Users/somal/OneDrive/Desktop/Capstone_Model/algae_bloom_dataset\train\algae_bloom_4562.png,0
C:/Users/somal/OneDrive/Desktop/Capstone_Model/algae_bloom_dataset\train\algae_bloom_4563.png,1
C:/Users/somal/OneDrive/Desktop/Capstone_Model/algae_bloom_dataset\train\algae_bloom_4564.png,1
C:/Users/somal/OneDrive/Desktop/Capstone_Model/algae_bloom_dataset\train\algae_bloom_4565.png,1
C:/Users/somal/OneDrive/Desktop/Capstone_Model/algae_bloom_dataset\train\algae_bloom_4566.png,1
C:/Users/somal/OneDrive/Desktop/Capstone_Model/algae_bloom_dataset\train\algae_bloom_4567.png,0
C:/Users/somal/OneDrive/Desktop/Capstone_Model/algae_bloom_dataset\train\algae_bloom_4568.png,0
C:/Users/somal/OneDrive/Desktop/Capstone_Model/algae_bloom_dataset\train\algae_bloom_4569.png,0
C:/Users/somal/OneDrive/Desktop/Capstone_Model/algae_bloom_dataset\train\algae_bloom_457.png,1
C:/Users/somal/OneDrive/Desktop/Capstone_Model/algae_bloom_dataset\train\algae_bloom_4570.png,0
C:/Users/somal/OneDrive/Desktop/Capstone_Model/algae_bloom_dataset\train\algae_bloom_4571.png,1
C:/Users/somal/OneDrive/Desktop/Capstone_Model/algae_bloom_dataset\train\algae_bloom_4572.png,0
C:/Users/somal/OneDrive/Desktop/Capstone_Model/algae_bloom_dataset\train\algae_bloom_4573.png,1
C:/Users/somal/OneDrive/Desktop/Capstone_Model/algae_bloom_dataset\train\algae_bloom_4574.png,0
C:/Users/somal/OneDrive/Desktop/Capstone_Model/algae_bloom_dataset\train\algae_bloom_4575.png,0
C:/Users/somal/OneDrive/Desktop/Capstone_Model/algae_bloom_dataset\train\algae_bloom_4576.png,1
C:/Users/somal/OneDrive/Desktop/Capstone_Model/algae_bloom_dataset\train\algae_bloom_4577.png,0
C:/Users/somal/OneDrive/Desktop/Capstone_Model/algae_bloom_dataset\train\algae_bloom_4578.png,0
C:/Users/somal/OneDrive/Desktop/Capstone_Model/algae_bloom_dataset\train\algae_bloom_4579.png,0
C:/Users/somal/OneDrive/Desktop/Capstone_Model/algae_bloom_dataset\train\algae_bloom_458.png,0
C:/Users/somal/OneDrive/Desktop/Capstone_Model/algae_bloom_dataset\train\algae_bloom_4580.png,1
C:/Users/somal/OneDrive/Desktop/Capstone_Model/algae_bloom_dataset\train\algae_bloom_4581.png,0
C:/Users/somal/OneDrive/Desktop/Capstone_Model/algae_bloom_dataset\train\algae_bloom_4582.png,0
C:/Users/somal/OneDrive/Desktop/Capstone_Model/algae_bloom_dataset\train\algae_bloom_4583.png,1
C:/Users/somal/OneDrive/Desktop/Capstone_Model/algae_bloom_dataset\train\algae_bloom_4584.png,0
C:/Users/somal/OneDrive/Desktop/Capstone_Model/algae_bloom_dataset\train\algae_bloom_4585.png,0
C:/Users/somal/OneDrive/Desktop/Capstone_Model/algae_bloom_dataset\train\algae_bloom_4586.png,0
C:/Users/somal/OneDrive/Desktop/Capstone_Model/algae_bloom_dataset\train\algae_bloom_4587.png,1
C:/Users/somal/OneDrive/Desktop/Capstone_Model/algae_bloom_dataset\train\algae_bloom_4588.png,0
C:/Users/somal/OneDrive/Desktop/Capstone_Model/algae_bloom_dataset\train\algae_bloom_4589.png,0
C:/Users/somal/OneDrive/Desktop/Capstone_Model/algae_bloom_dataset\train\algae_bloom_459.png,0
C:/Users/somal/OneDrive/Desktop/Capstone_Model/algae_bloom_dataset\train\algae_bloom_4590.png,0
C:/Users/somal/OneDrive/Desktop/Capstone_Model/algae_bloom_dataset\train\algae_bloom_4591.png,0
C:/Users/somal/OneDrive/Desktop/Capstone_Model/algae_bloom_dataset\train\algae_bloom_4592.png,0
C:/Users/somal/OneDrive/Desktop/Capstone_Model/algae_bloom_dataset\train\algae_bloom_4593.png,0
C:/Users/somal/OneDrive/Desktop/Capstone_Model/algae_bloom_dataset\train\algae_bloom_4594.png,0
C:/Users/somal/OneDrive/Desktop/Capstone_Model/algae_bloom_dataset\train\algae_bloom_4595.png,1
C:/Users/somal/OneDrive/Desktop/Capstone_Model/algae_bloom_dataset\train\algae_bloom_4596.png,1
C:/Users/somal/OneDrive/Desktop/Capstone_Model/algae_bloom_dataset\train\algae_bloom_4597.png,1
C:/Users/somal/OneDrive/Desktop/Capstone_Model/algae_bloom_dataset\train\algae_bloom_4598.png,0
C:/Users/somal/OneDrive/Desktop/Capstone_Model/algae_bloom_dataset\train\algae_bloom_4599.png,0
C:/Users/somal/OneDrive/Desktop/Capstone_Model/algae_bloom_dataset\train\algae_bloom_46.png,1
C:/Users/somal/OneDrive/Desktop/Capstone_Model/algae_bloom_dataset\train\algae_bloom_460.png,0
C:/Users/somal/OneDrive/Desktop/Capstone_Model/algae_bloom_dataset\train\algae_bloom_4600.png,0
C:/Users/somal/OneDrive/Desktop/Capstone_Model/algae_bloom_dataset\train\algae_bloom_4601.png,0
C:/Users/somal/OneDrive/Desktop/Capstone_Model/algae_bloom_dataset\train\algae_bloom_4602.png,1
C:/Users/somal/OneDrive/Desktop/Capstone_Model/algae_bloom_dataset\train\algae_bloom_4603.png,0
C:/Users/somal/OneDrive/Desktop/Capstone_Model/algae_bloom_dataset\train\algae_bloom_4604.png,0
C:/Users/somal/OneDrive/Desktop/Capstone_Model/algae_bloom_dataset\train\algae_bloom_4605.png,1
C:/Users/somal/OneDrive/Desktop/Capstone_Model/algae_bloom_dataset\train\algae_bloom_4606.png,0
C:/Users/somal/OneDrive/Desktop/Capstone_Model/algae_bloom_dataset\train\algae_bloom_4607.png,1
C:/Users/somal/OneDrive/Desktop/Capstone_Model/algae_bloom_dataset\train\algae_bloom_4608.png,0
C:/Users/somal/OneDrive/Desktop/Capstone_Model/algae_bloom_dataset\train\algae_bloom_4609.png,1
C:/Users/somal/OneDrive/Desktop/Capstone_Model/algae_bloom_dataset\train\algae_bloom_461.png,0
C:/Users/somal/OneDrive/Desktop/Capstone_Model/algae_bloom_dataset\train\algae_bloom_4610.png,1
C:/Users/somal/OneDrive/Desktop/Capstone_Model/algae_bloom_dataset\train\algae_bloom_4611.png,0
C:/Users/somal/OneDrive/Desktop/Capstone_Model/algae_bloom_dataset\train\algae_bloom_4612.png,1
C:/Users/somal/OneDrive/Desktop/Capstone_Model/algae_bloom_dataset\train\algae_bloom_4613.png,0
C:/Users/somal/OneDrive/Desktop/Capstone_Model/algae_bloom_dataset\train\algae_bloom_4614.png,1
C:/Users/somal/OneDrive/Desktop/Capstone_Model/algae_bloom_dataset\train\algae_bloom_4615.png,0
C:/Users/somal/OneDrive/Desktop/Capstone_Model/algae_bloom_dataset\train\algae_bloom_4616.png,0
C:/Users/somal/OneDrive/Desktop/Capstone_Model/algae_bloom_dataset\train\algae_bloom_4617.png,0
C:/Users/somal/OneDrive/Desktop/Capstone_Model/algae_bloom_dataset\train\algae_bloom_4618.png,1
C:/Users/somal/OneDrive/Desktop/Capstone_Model/algae_bloom_dataset\train\algae_bloom_4619.png,1
C:/Users/somal/OneDrive/Desktop/Capstone_Model/algae_bloom_dataset\train\algae_bloom_462.png,0
C:/Users/somal/OneDrive/Desktop/Capstone_Model/algae_bloom_dataset\train\algae_bloom_4620.png,0
C:/Users/somal/OneDrive/Desktop/Capstone_Model/algae_bloom_dataset\train\algae_bloom_4621.png,1
C:/Users/somal/OneDrive/Desktop/Capstone_Model/algae_bloom_dataset\train\algae_bloom_4622.png,0
C:/Users/somal/OneDrive/Desktop/Capstone_Model/algae_bloom_dataset\train\algae_bloom_4623.png,0
C:/Users/somal/OneDrive/Desktop/Capstone_Model/algae_bloom_dataset\train\algae_bloom_4624.png,0
C:/Users/somal/OneDrive/Desktop/Capstone_Model/algae_bloom_dataset\train\algae_bloom_4625.png,1
C:/Users/somal/OneDrive/Desktop/Capstone_Model/algae_bloom_dataset\train\algae_bloom_4626.png,0
C:/Users/somal/OneDrive/Desktop/Capstone_Model/algae_bloom_dataset\train\algae_bloom_4627.png,0
C:/Users/somal/OneDrive/Desktop/Capstone_Model/algae_bloom_dataset\train\algae_bloom_4628.png,0
C:/Users/somal/OneDrive/Desktop/Capstone_Model/algae_bloom_dataset\train\algae_bloom_4629.png,0
C:/Users/somal/OneDrive/Desktop/Capstone_Model/algae_bloom_dataset\train\algae_bloom_463.png,0
C:/Users/somal/OneDrive/Desktop/Capstone_Model/algae_bloom_dataset\train\algae_bloom_4630.png,0
C:/Users/somal/OneDrive/Desktop/Capstone_Model/algae_bloom_dataset\train\algae_bloom_4631.png,0
C:/Users/somal/OneDrive/Desktop/Capstone_Model/algae_bloom_dataset\train\algae_bloom_4632.png,0
C:/Users/somal/OneDrive/Desktop/Capstone_Model/algae_bloom_dataset\train\algae_bloom_4633.png,0
C:/Users/somal/OneDrive/Desktop/Capstone_Model/algae_bloom_dataset\train\algae_bloom_4634.png,0
C:/Users/somal/OneDrive/Desktop/Capstone_Model/algae_bloom_dataset\train\algae_bloom_4635.png,0
C:/Users/somal/OneDrive/Desktop/Capstone_Model/algae_bloom_dataset\train\algae_bloom_4636.png,0
C:/Users/somal/OneDrive/Desktop/Capstone_Model/algae_bloom_dataset\train\algae_bloom_4637.png,0
C:/Users/somal/OneDrive/Desktop/Capstone_Model/algae_bloom_dataset\train\algae_bloom_4638.png,0
C:/Users/somal/OneDrive/Desktop/Capstone_Model/algae_bloom_dataset\train\algae_bloom_4639.png,0
C:/Users/somal/OneDrive/Desktop/Capstone_Model/algae_bloom_dataset\train\algae_bloom_464.png,0
C:/Users/somal/OneDrive/Desktop/Capstone_Model/algae_bloom_dataset\train\algae_bloom_4640.png,1
C:/Users/somal/OneDrive/Desktop/Capstone_Model/algae_bloom_dataset\train\algae_bloom_4641.png,0
C:/Users/somal/OneDrive/Desktop/Capstone_Model/algae_bloom_dataset\train\algae_bloom_4642.png,0
C:/Users/somal/OneDrive/Desktop/Capstone_Model/algae_bloom_dataset\train\algae_bloom_4643.png,0
C:/Users/somal/OneDrive/Desktop/Capstone_Model/algae_bloom_dataset\train\algae_bloom_4644.png,0
C:/Users/somal/OneDrive/Desktop/Capstone_Model/algae_bloom_dataset\train\algae_bloom_4645.png,0
C:/Users/somal/OneDrive/Desktop/Capstone_Model/algae_bloom_dataset\train\algae_bloom_4646.png,1
C:/Users/somal/OneDrive/Desktop/Capstone_Model/algae_bloom_dataset\train\algae_bloom_4647.png,1
C:/Users/somal/OneDrive/Desktop/Capstone_Model/algae_bloom_dataset\train\algae_bloom_4648.png,0
C:/Users/somal/OneDrive/Desktop/Capstone_Model/algae_bloom_dataset\train\algae_bloom_4649.png,0
C:/Users/somal/OneDrive/Desktop/Capstone_Model/algae_bloom_dataset\train\algae_bloom_465.png,0
C:/Users/somal/OneDrive/Desktop/Capstone_Model/algae_bloom_dataset\train\algae_bloom_4650.png,1
C:/Users/somal/OneDrive/Desktop/Capstone_Model/algae_bloom_dataset\train\algae_bloom_4651.png,1
C:/Users/somal/OneDrive/Desktop/Capstone_Model/algae_bloom_dataset\train\algae_bloom_4652.png,0
C:/Users/somal/OneDrive/Desktop/Capstone_Model/algae_bloom_dataset\train\algae_bloom_4653.png,0
C:/Users/somal/OneDrive/Desktop/Capstone_Model/algae_bloom_dataset\train\algae_bloom_4654.png,1
C:/Users/somal/OneDrive/Desktop/Capstone_Model/algae_bloom_dataset\train\algae_bloom_4655.png,0
C:/Users/somal/OneDrive/Desktop/Capstone_Model/algae_bloom_dataset\train\algae_bloom_4656.png,0
C:/Users/somal/OneDrive/Desktop/Capstone_Model/algae_bloom_dataset\train\algae_bloom_4657.png,0
C:/Users/somal/OneDrive/Desktop/Capstone_Model/algae_bloom_dataset\train\algae_bloom_4658.png,0
C:/Users/somal/OneDrive/Desktop/Capstone_Model/algae_bloom_dataset\train\algae_bloom_4659.png,0
C:/Users/somal/OneDrive/Desktop/Capstone_Model/algae_bloom_dataset\train\algae_bloom_466.png,0
C:/Users/somal/OneDrive/Desktop/Capstone_Model/algae_bloom_dataset\train\algae_bloom_4660.png,0
C:/Users/somal/OneDrive/Desktop/Capstone_Model/algae_bloom_dataset\train\algae_bloom_4661.png,0
C:/Users/somal/OneDrive/Desktop/Capstone_Model/algae_bloom_dataset\train\algae_bloom_4662.png,0
C:/Users/somal/OneDrive/Desktop/Capstone_Model/algae_bloom_dataset\train\algae_bloom_4663.png,0
C:/Users/somal/OneDrive/Desktop/Capstone_Model/algae_bloom_dataset\train\algae_bloom_4664.png,1
C:/Users/somal/OneDrive/Desktop/Capstone_Model/algae_bloom_dataset\train\algae_bloom_4665.png,0
C:/Users/somal/OneDrive/Desktop/Capstone_Model/algae_bloom_dataset\train\algae_bloom_4666.png,0
C:/Users/somal/OneDrive/Desktop/Capstone_Model/algae_bloom_dataset\train\algae_bloom_4667.png,0
C:/Users/somal/OneDrive/Desktop/Capstone_Model/algae_bloom_dataset\train\algae_bloom_4668.png,1
C:/Users/somal/OneDrive/Desktop/Capstone_Model/algae_bloom_dataset\train\algae_bloom_4669.png,1
C:/Users/somal/OneDrive/Desktop/Capstone_Model/algae_bloom_dataset\train\algae_bloom_467.png,1
C:/Users/somal/OneDrive/Desktop/Capstone_Model/algae_bloom_dataset\train\algae_bloom_4670.png,0
C:/Users/somal/OneDrive/Desktop/Capstone_Model/algae_bloom_dataset\train\algae_bloom_4671.png,0
C:/Users/somal/OneDrive/Desktop/Capstone_Model/algae_bloom_dataset\train\algae_bloom_4672.png,0
C:/Users/somal/OneDrive/Desktop/Capstone_Model/algae_bloom_dataset\train\algae_bloom_4673.png,0
C:/Users/somal/OneDrive/Desktop/Capstone_Model/algae_bloom_dataset\train\algae_bloom_4674.png,0
C:/Users/somal/OneDrive/Desktop/Capstone_Model/algae_bloom_dataset\train\algae_bloom_4675.png,0
C:/Users/somal/OneDrive/Desktop/Capstone_Model/algae_bloom_dataset\train\algae_bloom_4676.png,1
C:/Users/somal/OneDrive/Desktop/Capstone_Model/algae_bloom_dataset\train\algae_bloom_4677.png,0
C:/Users/somal/OneDrive/Desktop/Capstone_Model/algae_bloom_dataset\train\algae_bloom_4678.png,0
C:/Users/somal/OneDrive/Desktop/Capstone_Model/algae_bloom_dataset\train\algae_bloom_4679.png,1
C:/Users/somal/OneDrive/Desktop/Capstone_Model/algae_bloom_dataset\train\algae_bloom_468.png,1
C:/Users/somal/OneDrive/Desktop/Capstone_Model/algae_bloom_dataset\train\algae_bloom_4680.png,0
C:/Users/somal/OneDrive/Desktop/Capstone_Model/algae_bloom_dataset\train\algae_bloom_4681.png,0
C:/Users/somal/OneDrive/Desktop/Capstone_Model/algae_bloom_dataset\train\algae_bloom_4682.png,1
C:/Users/somal/OneDrive/Desktop/Capstone_Model/algae_bloom_dataset\train\algae_bloom_4683.png,1
C:/Users/somal/OneDrive/Desktop/Capstone_Model/algae_bloom_dataset\train\algae_bloom_4684.png,0
C:/Users/somal/OneDrive/Desktop/Capstone_Model/algae_bloom_dataset\train\algae_bloom_4685.png,0
C:/Users/somal/OneDrive/Desktop/Capstone_Model/algae_bloom_dataset\train\algae_bloom_4686.png,0
C:/Users/somal/OneDrive/Desktop/Capstone_Model/algae_bloom_dataset\train\algae_bloom_4687.png,0
C:/Users/somal/OneDrive/Desktop/Capstone_Model/algae_bloom_dataset\train\algae_bloom_4688.png,1
C:/Users/somal/OneDrive/Desktop/Capstone_Model/algae_bloom_dataset\train\algae_bloom_4689.png,0
C:/Users/somal/OneDrive/Desktop/Capstone_Model/algae_bloom_dataset\train\algae_bloom_469.png,0
C:/Users/somal/OneDrive/Desktop/Capstone_Model/algae_bloom_dataset\train\algae_bloom_4690.png,1
C:/Users/somal/OneDrive/Desktop/Capstone_Model/algae_bloom_dataset\train\algae_bloom_4691.png,0
C:/Users/somal/OneDrive/Desktop/Capstone_Model/algae_bloom_dataset\train\algae_bloom_4692.png,0
C:/Users/somal/OneDrive/Desktop/Capstone_Model/algae_bloom_dataset\train\algae_bloom_4693.png,0
C:/Users/somal/OneDrive/Desktop/Capstone_Model/algae_bloom_dataset\train\algae_bloom_4694.png,0
C:/Users/somal/OneDrive/Desktop/Capstone_Model/algae_bloom_dataset\train\algae_bloom_4695.png,0
C:/Users/somal/OneDrive/Desktop/Capstone_Model/algae_bloom_dataset\train\algae_bloom_4696.png,0
C:/Users/somal/OneDrive/Desktop/Capstone_Model/algae_bloom_dataset\train\algae_bloom_4697.png,1
C:/Users/somal/OneDrive/Desktop/Capstone_Model/algae_bloom_dataset\train\algae_bloom_4698.png,0
C:/Users/somal/OneDrive/Desktop/Capstone_Model/algae_bloom_dataset\train\algae_bloom_4699.png,0
C:/Users/somal/OneDrive/Desktop/Capstone_Model/algae_bloom_dataset\train\algae_bloom_47.png,0
C:/Users/somal/OneDrive/Desktop/Capstone_Model/algae_bloom_dataset\train\algae_bloom_470.png,0
C:/Users/somal/OneDrive/Desktop/Capstone_Model/algae_bloom_dataset\train\algae_bloom_4700.png,1
C:/Users/somal/OneDrive/Desktop/Capstone_Model/algae_bloom_dataset\train\algae_bloom_4701.png,0
C:/Users/somal/OneDrive/Desktop/Capstone_Model/algae_bloom_dataset\train\algae_bloom_4702.png,1
C:/Users/somal/OneDrive/Desktop/Capstone_Model/algae_bloom_dataset\train\algae_bloom_4703.png,0
C:/Users/somal/OneDrive/Desktop/Capstone_Model/algae_bloom_dataset\train\algae_bloom_4704.png,0
C:/Users/somal/OneDrive/Desktop/Capstone_Model/algae_bloom_dataset\train\algae_bloom_4705.png,0
C:/Users/somal/OneDrive/Desktop/Capstone_Model/algae_bloom_dataset\train\algae_bloom_4706.png,0
C:/Users/somal/OneDrive/Desktop/Capstone_Model/algae_bloom_dataset\train\algae_bloom_4707.png,0
C:/Users/somal/OneDrive/Desktop/Capstone_Model/algae_bloom_dataset\train\algae_bloom_4708.png,0
C:/Users/somal/OneDrive/Desktop/Capstone_Model/algae_bloom_dataset\train\algae_bloom_4709.png,0
C:/Users/somal/OneDrive/Desktop/Capstone_Model/algae_bloom_dataset\train\algae_bloom_471.png,1
C:/Users/somal/OneDrive/Desktop/Capstone_Model/algae_bloom_dataset\train\algae_bloom_4710.png,0
C:/Users/somal/OneDrive/Desktop/Capstone_Model/algae_bloom_dataset\train\algae_bloom_4711.png,0
C:/Users/somal/OneDrive/Desktop/Capstone_Model/algae_bloom_dataset\train\algae_bloom_4712.png,0
C:/Users/somal/OneDrive/Desktop/Capstone_Model/algae_bloom_dataset\train\algae_bloom_4713.png,0
C:/Users/somal/OneDrive/Desktop/Capstone_Model/algae_bloom_dataset\train\algae_bloom_4714.png,0
C:/Users/somal/OneDrive/Desktop/Capstone_Model/algae_bloom_dataset\train\algae_bloom_4715.png,0
C:/Users/somal/OneDrive/Desktop/Capstone_Model/algae_bloom_dataset\train\algae_bloom_4716.png,0
C:/Users/somal/OneDrive/Desktop/Capstone_Model/algae_bloom_dataset\train\algae_bloom_4717.png,0
C:/Users/somal/OneDrive/Desktop/Capstone_Model/algae_bloom_dataset\train\algae_bloom_4718.png,0
C:/Users/somal/OneDrive/Desktop/Capstone_Model/algae_bloom_dataset\train\algae_bloom_4719.png,0
C:/Users/somal/OneDrive/Desktop/Capstone_Model/algae_bloom_dataset\train\algae_bloom_472.png,0
C:/Users/somal/OneDrive/Desktop/Capstone_Model/algae_bloom_dataset\train\algae_bloom_4720.png,1
C:/Users/somal/OneDrive/Desktop/Capstone_Model/algae_bloom_dataset\train\algae_bloom_4721.png,0
C:/Users/somal/OneDrive/Desktop/Capstone_Model/algae_bloom_dataset\train\algae_bloom_4722.png,0
C:/Users/somal/OneDrive/Desktop/Capstone_Model/algae_bloom_dataset\train\algae_bloom_4723.png,1
C:/Users/somal/OneDrive/Desktop/Capstone_Model/algae_bloom_dataset\train\algae_bloom_4724.png,1
C:/Users/somal/OneDrive/Desktop/Capstone_Model/algae_bloom_dataset\train\algae_bloom_4725.png,0
C:/Users/somal/OneDrive/Desktop/Capstone_Model/algae_bloom_dataset\train\algae_bloom_4726.png,0
C:/Users/somal/OneDrive/Desktop/Capstone_Model/algae_bloom_dataset\train\algae_bloom_4727.png,0
C:/Users/somal/OneDrive/Desktop/Capstone_Model/algae_bloom_dataset\train\algae_bloom_4728.png,0
C:/Users/somal/OneDrive/Desktop/Capstone_Model/algae_bloom_dataset\train\algae_bloom_4729.png,0
C:/Users/somal/OneDrive/Desktop/Capstone_Model/algae_bloom_dataset\train\algae_bloom_473.png,0
C:/Users/somal/OneDrive/Desktop/Capstone_Model/algae_bloom_dataset\train\algae_bloom_4730.png,0
C:/Users/somal/OneDrive/Desktop/Capstone_Model/algae_bloom_dataset\train\algae_bloom_4731.png,0
C:/Users/somal/OneDrive/Desktop/Capstone_Model/algae_bloom_dataset\train\algae_bloom_4732.png,0
C:/Users/somal/OneDrive/Desktop/Capstone_Model/algae_bloom_dataset\train\algae_bloom_4733.png,1
C:/Users/somal/OneDrive/Desktop/Capstone_Model/algae_bloom_dataset\train\algae_bloom_4734.png,0
C:/Users/somal/OneDrive/Desktop/Capstone_Model/algae_bloom_dataset\train\algae_bloom_4735.png,0
C:/Users/somal/OneDrive/Desktop/Capstone_Model/algae_bloom_dataset\train\algae_bloom_4736.png,1
C:/Users/somal/OneDrive/Desktop/Capstone_Model/algae_bloom_dataset\train\algae_bloom_4737.png,0
C:/Users/somal/OneDrive/Desktop/Capstone_Model/algae_bloom_dataset\train\algae_bloom_4738.png,1
C:/Users/somal/OneDrive/Desktop/Capstone_Model/algae_bloom_dataset\train\algae_bloom_4739.png,1
C:/Users/somal/OneDrive/Desktop/Capstone_Model/algae_bloom_dataset\train\algae_bloom_474.png,0
C:/Users/somal/OneDrive/Desktop/Capstone_Model/algae_bloom_dataset\train\algae_bloom_4740.png,0
C:/Users/somal/OneDrive/Desktop/Capstone_Model/algae_bloom_dataset\train\algae_bloom_4741.png,0
C:/Users/somal/OneDrive/Desktop/Capstone_Model/algae_bloom_dataset\train\algae_bloom_4742.png,0
C:/Users/somal/OneDrive/Desktop/Capstone_Model/algae_bloom_dataset\train\algae_bloom_4743.png,1
C:/Users/somal/OneDrive/Desktop/Capstone_Model/algae_bloom_dataset\train\algae_bloom_4744.png,0
C:/Users/somal/OneDrive/Desktop/Capstone_Model/algae_bloom_dataset\train\algae_bloom_4745.png,1
C:/Users/somal/OneDrive/Desktop/Capstone_Model/algae_bloom_dataset\train\algae_bloom_4746.png,0
C:/Users/somal/OneDrive/Desktop/Capstone_Model/algae_bloom_dataset\train\algae_bloom_4747.png,0
C:/Users/somal/OneDrive/Desktop/Capstone_Model/algae_bloom_dataset\train\algae_bloom_4748.png,0
C:/Users/somal/OneDrive/Desktop/Capstone_Model/algae_bloom_dataset\train\algae_bloom_4749.png,0
C:/Users/somal/OneDrive/Desktop/Capstone_Model/algae_bloom_dataset\train\algae_bloom_475.png,0
C:/Users/somal/OneDrive/Desktop/Capstone_Model/algae_bloom_dataset\train\algae_bloom_4750.png,0
C:/Users/somal/OneDrive/Desktop/Capstone_Model/algae_bloom_dataset\train\algae_bloom_4751.png,0
C:/Users/somal/OneDrive/Desktop/Capstone_Model/algae_bloom_dataset\train\algae_bloom_4752.png,0
C:/Users/somal/OneDrive/Desktop/Capstone_Model/algae_bloom_dataset\train\algae_bloom_4753.png,1
C:/Users/somal/OneDrive/Desktop/Capstone_Model/algae_bloom_dataset\train\algae_bloom_4754.png,0
C:/Users/somal/OneDrive/Desktop/Capstone_Model/algae_bloom_dataset\train\algae_bloom_4755.png,1
C:/Users/somal/OneDrive/Desktop/Capstone_Model/algae_bloom_dataset\train\algae_bloom_4756.png,0
C:/Users/somal/OneDrive/Desktop/Capstone_Model/algae_bloom_dataset\train\algae_bloom_4757.png,1
C:/Users/somal/OneDrive/Desktop/Capstone_Model/algae_bloom_dataset\train\algae_bloom_4758.png,0
C:/Users/somal/OneDrive/Desktop/Capstone_Model/algae_bloom_dataset\train\algae_bloom_4759.png,0
C:/Users/somal/OneDrive/Desktop/Capstone_Model/algae_bloom_dataset\train\algae_bloom_476.png,0
C:/Users/somal/OneDrive/Desktop/Capstone_Model/algae_bloom_dataset\train\algae_bloom_4760.png,0
C:/Users/somal/OneDrive/Desktop/Capstone_Model/algae_bloom_dataset\train\algae_bloom_4761.png,1
C:/Users/somal/OneDrive/Desktop/Capstone_Model/algae_bloom_dataset\train\algae_bloom_4762.png,0
C:/Users/somal/OneDrive/Desktop/Capstone_Model/algae_bloom_dataset\train\algae_bloom_4763.png,0
C:/Users/somal/OneDrive/Desktop/Capstone_Model/algae_bloom_dataset\train\algae_bloom_4764.png,1
C:/Users/somal/OneDrive/Desktop/Capstone_Model/algae_bloom_dataset\train\algae_bloom_4765.png,0
C:/Users/somal/OneDrive/Desktop/Capstone_Model/algae_bloom_dataset\train\algae_bloom_4766.png,0
C:/Users/somal/OneDrive/Desktop/Capstone_Model/algae_bloom_dataset\train\algae_bloom_4767.png,0
C:/Users/somal/OneDrive/Desktop/Capstone_Model/algae_bloom_dataset\train\algae_bloom_4768.png,0
C:/Users/somal/OneDrive/Desktop/Capstone_Model/algae_bloom_dataset\train\algae_bloom_4769.png,0
C:/Users/somal/OneDrive/Desktop/Capstone_Model/algae_bloom_dataset\train\algae_bloom_477.png,0
C:/Users/somal/OneDrive/Desktop/Capstone_Model/algae_bloom_dataset\train\algae_bloom_4770.png,0
C:/Users/somal/OneDrive/Desktop/Capstone_Model/algae_bloom_dataset\train\algae_bloom_4771.png,1
C:/Users/somal/OneDrive/Desktop/Capstone_Model/algae_bloom_dataset\train\algae_bloom_4772.png,0
C:/Users/somal/OneDrive/Desktop/Capstone_Model/algae_bloom_dataset\train\algae_bloom_4773.png,0
C:/Users/somal/OneDrive/Desktop/Capstone_Model/algae_bloom_dataset\train\algae_bloom_4774.png,0
C:/Users/somal/OneDrive/Desktop/Capstone_Model/algae_bloom_dataset\train\algae_bloom_4775.png,0
C:/Users/somal/OneDrive/Desktop/Capstone_Model/algae_bloom_dataset\train\algae_bloom_4776.png,0
C:/Users/somal/OneDrive/Desktop/Capstone_Model/algae_bloom_dataset\train\algae_bloom_4777.png,0
C:/Users/somal/OneDrive/Desktop/Capstone_Model/algae_bloom_dataset\train\algae_bloom_4778.png,1
C:/Users/somal/OneDrive/Desktop/Capstone_Model/algae_bloom_dataset\train\algae_bloom_4779.png,0
C:/Users/somal/OneDrive/Desktop/Capstone_Model/algae_bloom_dataset\train\algae_bloom_478.png,0
C:/Users/somal/OneDrive/Desktop/Capstone_Model/algae_bloom_dataset\train\algae_bloom_4780.png,1
C:/Users/somal/OneDrive/Desktop/Capstone_Model/algae_bloom_dataset\train\algae_bloom_4781.png,0
C:/Users/somal/OneDrive/Desktop/Capstone_Model/algae_bloom_dataset\train\algae_bloom_4782.png,1
C:/Users/somal/OneDrive/Desktop/Capstone_Model/algae_bloom_dataset\train\algae_bloom_4783.png,0
C:/Users/somal/OneDrive/Desktop/Capstone_Model/algae_bloom_dataset\train\algae_bloom_4784.png,0
C:/Users/somal/OneDrive/Desktop/Capstone_Model/algae_bloom_dataset\train\algae_bloom_4785.png,1
C:/Users/somal/OneDrive/Desktop/Capstone_Model/algae_bloom_dataset\train\algae_bloom_4786.png,0
C:/Users/somal/OneDrive/Desktop/Capstone_Model/algae_bloom_dataset\train\algae_bloom_4787.png,1
C:/Users/somal/OneDrive/Desktop/Capstone_Model/algae_bloom_dataset\train\algae_bloom_4788.png,0
C:/Users/somal/OneDrive/Desktop/Capstone_Model/algae_bloom_dataset\train\algae_bloom_4789.png,0
C:/Users/somal/OneDrive/Desktop/Capstone_Model/algae_bloom_dataset\train\algae_bloom_479.png,1
C:/Users/somal/OneDrive/Desktop/Capstone_Model/algae_bloom_dataset\train\algae_bloom_4790.png,0
C:/Users/somal/OneDrive/Desktop/Capstone_Model/algae_bloom_dataset\train\algae_bloom_4791.png,0
C:/Users/somal/OneDrive/Desktop/Capstone_Model/algae_bloom_dataset\train\algae_bloom_4792.png,1
C:/Users/somal/OneDrive/Desktop/Capstone_Model/algae_bloom_dataset\train\algae_bloom_4793.png,0
C:/Users/somal/OneDrive/Desktop/Capstone_Model/algae_bloom_dataset\train\algae_bloom_4794.png,0
C:/Users/somal/OneDrive/Desktop/Capstone_Model/algae_bloom_dataset\train\algae_bloom_4795.png,0
C:/Users/somal/OneDrive/Desktop/Capstone_Model/algae_bloom_dataset\train\algae_bloom_4796.png,0
C:/Users/somal/OneDrive/Desktop/Capstone_Model/algae_bloom_dataset\train\algae_bloom_4797.png,0
C:/Users/somal/OneDrive/Desktop/Capstone_Model/algae_bloom_dataset\train\algae_bloom_4798.png,0
C:/Users/somal/OneDrive/Desktop/Capstone_Model/algae_bloom_dataset\train\algae_bloom_4799.png,0
C:/Users/somal/OneDrive/Desktop/Capstone_Model/algae_bloom_dataset\train\algae_bloom_48.png,0
C:/Users/somal/OneDrive/Desktop/Capstone_Model/algae_bloom_dataset\train\algae_bloom_480.png,1
C:/Users/somal/OneDrive/Desktop/Capstone_Model/algae_bloom_dataset\train\algae_bloom_4800.png,1
C:/Users/somal/OneDrive/Desktop/Capstone_Model/algae_bloom_dataset\train\algae_bloom_4801.png,1
C:/Users/somal/OneDrive/Desktop/Capstone_Model/algae_bloom_dataset\train\algae_bloom_4802.png,1
C:/Users/somal/OneDrive/Desktop/Capstone_Model/algae_bloom_dataset\train\algae_bloom_4803.png,0
C:/Users/somal/OneDrive/Desktop/Capstone_Model/algae_bloom_dataset\train\algae_bloom_4804.png,0
C:/Users/somal/OneDrive/Desktop/Capstone_Model/algae_bloom_dataset\train\algae_bloom_4805.png,0
C:/Users/somal/OneDrive/Desktop/Capstone_Model/algae_bloom_dataset\train\algae_bloom_4806.png,0
C:/Users/somal/OneDrive/Desktop/Capstone_Model/algae_bloom_dataset\train\algae_bloom_4807.png,0
C:/Users/somal/OneDrive/Desktop/Capstone_Model/algae_bloom_dataset\train\algae_bloom_4808.png,0
C:/Users/somal/OneDrive/Desktop/Capstone_Model/algae_bloom_dataset\train\algae_bloom_4809.png,0
C:/Users/somal/OneDrive/Desktop/Capstone_Model/algae_bloom_dataset\train\algae_bloom_481.png,0
C:/Users/somal/OneDrive/Desktop/Capstone_Model/algae_bloom_dataset\train\algae_bloom_4810.png,0
C:/Users/somal/OneDrive/Desktop/Capstone_Model/algae_bloom_dataset\train\algae_bloom_4811.png,1
C:/Users/somal/OneDrive/Desktop/Capstone_Model/algae_bloom_dataset\train\algae_bloom_4812.png,0
C:/Users/somal/OneDrive/Desktop/Capstone_Model/algae_bloom_dataset\train\algae_bloom_4813.png,1
C:/Users/somal/OneDrive/Desktop/Capstone_Model/algae_bloom_dataset\train\algae_bloom_4814.png,1
C:/Users/somal/OneDrive/Desktop/Capstone_Model/algae_bloom_dataset\train\algae_bloom_4815.png,0
C:/Users/somal/OneDrive/Desktop/Capstone_Model/algae_bloom_dataset\train\algae_bloom_4816.png,0
C:/Users/somal/OneDrive/Desktop/Capstone_Model/algae_bloom_dataset\train\algae_bloom_4817.png,0
C:/Users/somal/OneDrive/Desktop/Capstone_Model/algae_bloom_dataset\train\algae_bloom_4818.png,0
C:/Users/somal/OneDrive/Desktop/Capstone_Model/algae_bloom_dataset\train\algae_bloom_4819.png,0
C:/Users/somal/OneDrive/Desktop/Capstone_Model/algae_bloom_dataset\train\algae_bloom_482.png,0
C:/Users/somal/OneDrive/Desktop/Capstone_Model/algae_bloom_dataset\train\algae_bloom_4820.png,0
C:/Users/somal/OneDrive/Desktop/Capstone_Model/algae_bloom_dataset\train\algae_bloom_4821.png,0
C:/Users/somal/OneDrive/Desktop/Capstone_Model/algae_bloom_dataset\train\algae_bloom_4822.png,0
C:/Users/somal/OneDrive/Desktop/Capstone_Model/algae_bloom_dataset\train\algae_bloom_4823.png,0
C:/Users/somal/OneDrive/Desktop/Capstone_Model/algae_bloom_dataset\train\algae_bloom_4824.png,1
C:/Users/somal/OneDrive/Desktop/Capstone_Model/algae_bloom_dataset\train\algae_bloom_4825.png,1
C:/Users/somal/OneDrive/Desktop/Capstone_Model/algae_bloom_dataset\train\algae_bloom_4826.png,0
C:/Users/somal/OneDrive/Desktop/Capstone_Model/algae_bloom_dataset\train\algae_bloom_4827.png,0
C:/Users/somal/OneDrive/Desktop/Capstone_Model/algae_bloom_dataset\train\algae_bloom_4828.png,0
C:/Users/somal/OneDrive/Desktop/Capstone_Model/algae_bloom_dataset\train\algae_bloom_4829.png,0
C:/Users/somal/OneDrive/Desktop/Capstone_Model/algae_bloom_dataset\train\algae_bloom_483.png,0
C:/Users/somal/OneDrive/Desktop/Capstone_Model/algae_bloom_dataset\train\algae_bloom_4830.png,0
C:/Users/somal/OneDrive/Desktop/Capstone_Model/algae_bloom_dataset\train\algae_bloom_4831.png,0
C:/Users/somal/OneDrive/Desktop/Capstone_Model/algae_bloom_dataset\train\algae_bloom_4832.png,0
C:/Users/somal/OneDrive/Desktop/Capstone_Model/algae_bloom_dataset\train\algae_bloom_4833.png,1
C:/Users/somal/OneDrive/Desktop/Capstone_Model/algae_bloom_dataset\train\algae_bloom_4834.png,0
C:/Users/somal/OneDrive/Desktop/Capstone_Model/algae_bloom_dataset\train\algae_bloom_4835.png,0
C:/Users/somal/OneDrive/Desktop/Capstone_Model/algae_bloom_dataset\train\algae_bloom_4836.png,1
C:/Users/somal/OneDrive/Desktop/Capstone_Model/algae_bloom_dataset\train\algae_bloom_4837.png,0
C:/Users/somal/OneDrive/Desktop/Capstone_Model/algae_bloom_dataset\train\algae_bloom_4838.png,0
C:/Users/somal/OneDrive/Desktop/Capstone_Model/algae_bloom_dataset\train\algae_bloom_4839.png,0
C:/Users/somal/OneDrive/Desktop/Capstone_Model/algae_bloom_dataset\train\algae_bloom_484.png,0
C:/Users/somal/OneDrive/Desktop/Capstone_Model/algae_bloom_dataset\train\algae_bloom_4840.png,1
C:/Users/somal/OneDrive/Desktop/Capstone_Model/algae_bloom_dataset\train\algae_bloom_4841.png,1
C:/Users/somal/OneDrive/Desktop/Capstone_Model/algae_bloom_dataset\train\algae_bloom_4842.png,1
C:/Users/somal/OneDrive/Desktop/Capstone_Model/algae_bloom_dataset\train\algae_bloom_4843.png,0
C:/Users/somal/OneDrive/Desktop/Capstone_Model/algae_bloom_dataset\train\algae_bloom_4844.png,1
C:/Users/somal/OneDrive/Desktop/Capstone_Model/algae_bloom_dataset\train\algae_bloom_4845.png,0
C:/Users/somal/OneDrive/Desktop/Capstone_Model/algae_bloom_dataset\train\algae_bloom_4846.png,0
C:/Users/somal/OneDrive/Desktop/Capstone_Model/algae_bloom_dataset\train\algae_bloom_4847.png,0
C:/Users/somal/OneDrive/Desktop/Capstone_Model/algae_bloom_dataset\train\algae_bloom_4848.png,0
C:/Users/somal/OneDrive/Desktop/Capstone_Model/algae_bloom_dataset\train\algae_bloom_4849.png,0
C:/Users/somal/OneDrive/Desktop/Capstone_Model/algae_bloom_dataset\train\algae_bloom_485.png,0
C:/Users/somal/OneDrive/Desktop/Capstone_Model/algae_bloom_dataset\train\algae_bloom_4850.png,0
C:/Users/somal/OneDrive/Desktop/Capstone_Model/algae_bloom_dataset\train\algae_bloom_4851.png,0
C:/Users/somal/OneDrive/Desktop/Capstone_Model/algae_bloom_dataset\train\algae_bloom_4852.png,0
C:/Users/somal/OneDrive/Desktop/Capstone_Model/algae_bloom_dataset\train\algae_bloom_4853.png,0
C:/Users/somal/OneDrive/Desktop/Capstone_Model/algae_bloom_dataset\train\algae_bloom_4854.png,0
C:/Users/somal/OneDrive/Desktop/Capstone_Model/algae_bloom_dataset\train\algae_bloom_4855.png,0
C:/Users/somal/OneDrive/Desktop/Capstone_Model/algae_bloom_dataset\train\algae_bloom_4856.png,0
C:/Users/somal/OneDrive/Desktop/Capstone_Model/algae_bloom_dataset\train\algae_bloom_4857.png,0
C:/Users/somal/OneDrive/Desktop/Capstone_Model/algae_bloom_dataset\train\algae_bloom_4858.png,0
C:/Users/somal/OneDrive/Desktop/Capstone_Model/algae_bloom_dataset\train\algae_bloom_4859.png,0
C:/Users/somal/OneDrive/Desktop/Capstone_Model/algae_bloom_dataset\train\algae_bloom_486.png,1
C:/Users/somal/OneDrive/Desktop/Capstone_Model/algae_bloom_dataset\train\algae_bloom_4860.png,0
C:/Users/somal/OneDrive/Desktop/Capstone_Model/algae_bloom_dataset\train\algae_bloom_4861.png,0
C:/Users/somal/OneDrive/Desktop/Capstone_Model/algae_bloom_dataset\train\algae_bloom_4862.png,0
C:/Users/somal/OneDrive/Desktop/Capstone_Model/algae_bloom_dataset\train\algae_bloom_4863.png,0
C:/Users/somal/OneDrive/Desktop/Capstone_Model/algae_bloom_dataset\train\algae_bloom_4864.png,0
C:/Users/somal/OneDrive/Desktop/Capstone_Model/algae_bloom_dataset\train\algae_bloom_4865.png,0
C:/Users/somal/OneDrive/Desktop/Capstone_Model/algae_bloom_dataset\train\algae_bloom_4866.png,1
C:/Users/somal/OneDrive/Desktop/Capstone_Model/algae_bloom_dataset\train\algae_bloom_4867.png,1
C:/Users/somal/OneDrive/Desktop/Capstone_Model/algae_bloom_dataset\train\algae_bloom_4868.png,0
C:/Users/somal/OneDrive/Desktop/Capstone_Model/algae_bloom_dataset\train\algae_bloom_4869.png,1
C:/Users/somal/OneDrive/Desktop/Capstone_Model/algae_bloom_dataset\train\algae_bloom_487.png,0
C:/Users/somal/OneDrive/Desktop/Capstone_Model/algae_bloom_dataset\train\algae_bloom_4870.png,0
C:/Users/somal/OneDrive/Desktop/Capstone_Model/algae_bloom_dataset\train\algae_bloom_4871.png,1
C:/Users/somal/OneDrive/Desktop/Capstone_Model/algae_bloom_dataset\train\algae_bloom_4872.png,1
C:/Users/somal/OneDrive/Desktop/Capstone_Model/algae_bloom_dataset\train\algae_bloom_4873.png,0
C:/Users/somal/OneDrive/Desktop/Capstone_Model/algae_bloom_dataset\train\algae_bloom_4874.png,0
C:/Users/somal/OneDrive/Desktop/Capstone_Model/algae_bloom_dataset\train\algae_bloom_4875.png,0
C:/Users/somal/OneDrive/Desktop/Capstone_Model/algae_bloom_dataset\train\algae_bloom_4876.png,1
C:/Users/somal/OneDrive/Desktop/Capstone_Model/algae_bloom_dataset\train\algae_bloom_4877.png,1
C:/Users/somal/OneDrive/Desktop/Capstone_Model/algae_bloom_dataset\train\algae_bloom_4878.png,0
C:/Users/somal/OneDrive/Desktop/Capstone_Model/algae_bloom_dataset\train\algae_bloom_4879.png,0
C:/Users/somal/OneDrive/Desktop/Capstone_Model/algae_bloom_dataset\train\algae_bloom_488.png,0
C:/Users/somal/OneDrive/Desktop/Capstone_Model/algae_bloom_dataset\train\algae_bloom_4880.png,0
C:/Users/somal/OneDrive/Desktop/Capstone_Model/algae_bloom_dataset\train\algae_bloom_4881.png,0
C:/Users/somal/OneDrive/Desktop/Capstone_Model/algae_bloom_dataset\train\algae_bloom_4882.png,1
C:/Users/somal/OneDrive/Desktop/Capstone_Model/algae_bloom_dataset\train\algae_bloom_4883.png,0
C:/Users/somal/OneDrive/Desktop/Capstone_Model/algae_bloom_dataset\train\algae_bloom_4884.png,0
C:/Users/somal/OneDrive/Desktop/Capstone_Model/algae_bloom_dataset\train\algae_bloom_4885.png,1
C:/Users/somal/OneDrive/Desktop/Capstone_Model/algae_bloom_dataset\train\algae_bloom_4886.png,1
C:/Users/somal/OneDrive/Desktop/Capstone_Model/algae_bloom_dataset\train\algae_bloom_4887.png,1
C:/Users/somal/OneDrive/Desktop/Capstone_Model/algae_bloom_dataset\train\algae_bloom_4888.png,0
C:/Users/somal/OneDrive/Desktop/Capstone_Model/algae_bloom_dataset\train\algae_bloom_4889.png,1
C:/Users/somal/OneDrive/Desktop/Capstone_Model/algae_bloom_dataset\train\algae_bloom_489.png,0
C:/Users/somal/OneDrive/Desktop/Capstone_Model/algae_bloom_dataset\train\algae_bloom_4890.png,0
C:/Users/somal/OneDrive/Desktop/Capstone_Model/algae_bloom_dataset\train\algae_bloom_4891.png,0
C:/Users/somal/OneDrive/Desktop/Capstone_Model/algae_bloom_dataset\train\algae_bloom_4892.png,0
C:/Users/somal/OneDrive/Desktop/Capstone_Model/algae_bloom_dataset\train\algae_bloom_4893.png,1
C:/Users/somal/OneDrive/Desktop/Capstone_Model/algae_bloom_dataset\train\algae_bloom_4894.png,0
C:/Users/somal/OneDrive/Desktop/Capstone_Model/algae_bloom_dataset\train\algae_bloom_4895.png,0
C:/Users/somal/OneDrive/Desktop/Capstone_Model/algae_bloom_dataset\train\algae_bloom_4896.png,0
C:/Users/somal/OneDrive/Desktop/Capstone_Model/algae_bloom_dataset\train\algae_bloom_4897.png,0
C:/Users/somal/OneDrive/Desktop/Capstone_Model/algae_bloom_dataset\train\algae_bloom_4898.png,0
C:/Users/somal/OneDrive/Desktop/Capstone_Model/algae_bloom_dataset\train\algae_bloom_4899.png,0
C:/Users/somal/OneDrive/Desktop/Capstone_Model/algae_bloom_dataset\train\algae_bloom_49.png,0
C:/Users/somal/OneDrive/Desktop/Capstone_Model/algae_bloom_dataset\train\algae_bloom_490.png,1
C:/Users/somal/OneDrive/Desktop/Capstone_Model/algae_bloom_dataset\train\algae_bloom_4900.png,0
C:/Users/somal/OneDrive/Desktop/Capstone_Model/algae_bloom_dataset\train\algae_bloom_4901.png,0
C:/Users/somal/OneDrive/Desktop/Capstone_Model/algae_bloom_dataset\train\algae_bloom_4902.png,1
C:/Users/somal/OneDrive/Desktop/Capstone_Model/algae_bloom_dataset\train\algae_bloom_4903.png,1
C:/Users/somal/OneDrive/Desktop/Capstone_Model/algae_bloom_dataset\train\algae_bloom_4904.png,1
C:/Users/somal/OneDrive/Desktop/Capstone_Model/algae_bloom_dataset\train\algae_bloom_4905.png,0
C:/Users/somal/OneDrive/Desktop/Capstone_Model/algae_bloom_dataset\train\algae_bloom_4906.png,0
C:/Users/somal/OneDrive/Desktop/Capstone_Model/algae_bloom_dataset\train\algae_bloom_4907.png,0
C:/Users/somal/OneDrive/Desktop/Capstone_Model/algae_bloom_dataset\train\algae_bloom_4908.png,0
C:/Users/somal/OneDrive/Desktop/Capstone_Model/algae_bloom_dataset\train\algae_bloom_4909.png,0
C:/Users/somal/OneDrive/Desktop/Capstone_Model/algae_bloom_dataset\train\algae_bloom_491.png,0
C:/Users/somal/OneDrive/Desktop/Capstone_Model/algae_bloom_dataset\train\algae_bloom_4910.png,0
C:/Users/somal/OneDrive/Desktop/Capstone_Model/algae_bloom_dataset\train\algae_bloom_4911.png,0
C:/Users/somal/OneDrive/Desktop/Capstone_Model/algae_bloom_dataset\train\algae_bloom_4912.png,0
C:/Users/somal/OneDrive/Desktop/Capstone_Model/algae_bloom_dataset\train\algae_bloom_4913.png,1
C:/Users/somal/OneDrive/Desktop/Capstone_Model/algae_bloom_dataset\train\algae_bloom_4914.png,0
C:/Users/somal/OneDrive/Desktop/Capstone_Model/algae_bloom_dataset\train\algae_bloom_4915.png,1
C:/Users/somal/OneDrive/Desktop/Capstone_Model/algae_bloom_dataset\train\algae_bloom_4916.png,0
C:/Users/somal/OneDrive/Desktop/Capstone_Model/algae_bloom_dataset\train\algae_bloom_4917.png,0
C:/Users/somal/OneDrive/Desktop/Capstone_Model/algae_bloom_dataset\train\algae_bloom_4918.png,0
C:/Users/somal/OneDrive/Desktop/Capstone_Model/algae_bloom_dataset\train\algae_bloom_4919.png,0
C:/Users/somal/OneDrive/Desktop/Capstone_Model/algae_bloom_dataset\train\algae_bloom_492.png,1
C:/Users/somal/OneDrive/Desktop/Capstone_Model/algae_bloom_dataset\train\algae_bloom_4920.png,0
C:/Users/somal/OneDrive/Desktop/Capstone_Model/algae_bloom_dataset\train\algae_bloom_4921.png,0
C:/Users/somal/OneDrive/Desktop/Capstone_Model/algae_bloom_dataset\train\algae_bloom_4922.png,0
C:/Users/somal/OneDrive/Desktop/Capstone_Model/algae_bloom_dataset\train\algae_bloom_4923.png,0
C:/Users/somal/OneDrive/Desktop/Capstone_Model/algae_bloom_dataset\train\algae_bloom_4924.png,0
C:/Users/somal/OneDrive/Desktop/Capstone_Model/algae_bloom_dataset\train\algae_bloom_4925.png,1
C:/Users/somal/OneDrive/Desktop/Capstone_Model/algae_bloom_dataset\train\algae_bloom_4926.png,1
C:/Users/somal/OneDrive/Desktop/Capstone_Model/algae_bloom_dataset\train\algae_bloom_4927.png,0
C:/Users/somal/OneDrive/Desktop/Capstone_Model/algae_bloom_dataset\train\algae_bloom_4928.png,1
C:/Users/somal/OneDrive/Desktop/Capstone_Model/algae_bloom_dataset\train\algae_bloom_4929.png,1
C:/Users/somal/OneDrive/Desktop/Capstone_Model/algae_bloom_dataset\train\algae_bloom_493.png,1
C:/Users/somal/OneDrive/Desktop/Capstone_Model/algae_bloom_dataset\train\algae_bloom_4930.png,0
C:/Users/somal/OneDrive/Desktop/Capstone_Model/algae_bloom_dataset\train\algae_bloom_4931.png,0
C:/Users/somal/OneDrive/Desktop/Capstone_Model/algae_bloom_dataset\train\algae_bloom_4932.png,0
C:/Users/somal/OneDrive/Desktop/Capstone_Model/algae_bloom_dataset\train\algae_bloom_4933.png,0
C:/Users/somal/OneDrive/Desktop/Capstone_Model/algae_bloom_dataset\train\algae_bloom_4934.png,0
C:/Users/somal/OneDrive/Desktop/Capstone_Model/algae_bloom_dataset\train\algae_bloom_4935.png,0
C:/Users/somal/OneDrive/Desktop/Capstone_Model/algae_bloom_dataset\train\algae_bloom_4936.png,0
C:/Users/somal/OneDrive/Desktop/Capstone_Model/algae_bloom_dataset\train\algae_bloom_4937.png,0
C:/Users/somal/OneDrive/Desktop/Capstone_Model/algae_bloom_dataset\train\algae_bloom_4938.png,1
C:/Users/somal/OneDrive/Desktop/Capstone_Model/algae_bloom_dataset\train\algae_bloom_4939.png,0
C:/Users/somal/OneDrive/Desktop/Capstone_Model/algae_bloom_dataset\train\algae_bloom_494.png,1
C:/Users/somal/OneDrive/Desktop/Capstone_Model/algae_bloom_dataset\train\algae_bloom_4940.png,0
C:/Users/somal/OneDrive/Desktop/Capstone_Model/algae_bloom_dataset\train\algae_bloom_4941.png,0
C:/Users/somal/OneDrive/Desktop/Capstone_Model/algae_bloom_dataset\train\algae_bloom_4942.png,0
C:/Users/somal/OneDrive/Desktop/Capstone_Model/algae_bloom_dataset\train\algae_bloom_4943.png,1
C:/Users/somal/OneDrive/Desktop/Capstone_Model/algae_bloom_dataset\train\algae_bloom_4944.png,0
C:/Users/somal/OneDrive/Desktop/Capstone_Model/algae_bloom_dataset\train\algae_bloom_4945.png,1
C:/Users/somal/OneDrive/Desktop/Capstone_Model/algae_bloom_dataset\train\algae_bloom_4946.png,0
C:/Users/somal/OneDrive/Desktop/Capstone_Model/algae_bloom_dataset\train\algae_bloom_4947.png,0
C:/Users/somal/OneDrive/Desktop/Capstone_Model/algae_bloom_dataset\train\algae_bloom_4948.png,0
C:/Users/somal/OneDrive/Desktop/Capstone_Model/algae_bloom_dataset\train\algae_bloom_4949.png,1
C:/Users/somal/OneDrive/Desktop/Capstone_Model/algae_bloom_dataset\train\algae_bloom_495.png,0
C:/Users/somal/OneDrive/Desktop/Capstone_Model/algae_bloom_dataset\train\algae_bloom_4950.png,0
C:/Users/somal/OneDrive/Desktop/Capstone_Model/algae_bloom_dataset\train\algae_bloom_4951.png,0
C:/Users/somal/OneDrive/Desktop/Capstone_Model/algae_bloom_dataset\train\algae_bloom_4952.png,0
C:/Users/somal/OneDrive/Desktop/Capstone_Model/algae_bloom_dataset\train\algae_bloom_4953.png,1
C:/Users/somal/OneDrive/Desktop/Capstone_Model/algae_bloom_dataset\train\algae_bloom_4954.png,1
C:/Users/somal/OneDrive/Desktop/Capstone_Model/algae_bloom_dataset\train\algae_bloom_4955.png,0
C:/Users/somal/OneDrive/Desktop/Capstone_Model/algae_bloom_dataset\train\algae_bloom_4956.png,0
C:/Users/somal/OneDrive/Desktop/Capstone_Model/algae_bloom_dataset\train\algae_bloom_4957.png,1
C:/Users/somal/OneDrive/Desktop/Capstone_Model/algae_bloom_dataset\train\algae_bloom_4958.png,0
C:/Users/somal/OneDrive/Desktop/Capstone_Model/algae_bloom_dataset\train\algae_bloom_4959.png,0
C:/Users/somal/OneDrive/Desktop/Capstone_Model/algae_bloom_dataset\train\algae_bloom_496.png,0
C:/Users/somal/OneDrive/Desktop/Capstone_Model/algae_bloom_dataset\train\algae_bloom_4960.png,0
C:/Users/somal/OneDrive/Desktop/Capstone_Model/algae_bloom_dataset\train\algae_bloom_4961.png,0
C:/Users/somal/OneDrive/Desktop/Capstone_Model/algae_bloom_dataset\train\algae_bloom_4962.png,1
C:/Users/somal/OneDrive/Desktop/Capstone_Model/algae_bloom_dataset\train\algae_bloom_4963.png,0
C:/Users/somal/OneDrive/Desktop/Capstone_Model/algae_bloom_dataset\train\algae_bloom_4964.png,1
C:/Users/somal/OneDrive/Desktop/Capstone_Model/algae_bloom_dataset\train\algae_bloom_4965.png,1
C:/Users/somal/OneDrive/Desktop/Capstone_Model/algae_bloom_dataset\train\algae_bloom_4966.png,1
C:/Users/somal/OneDrive/Desktop/Capstone_Model/algae_bloom_dataset\train\algae_bloom_4967.png,1
C:/Users/somal/OneDrive/Desktop/Capstone_Model/algae_bloom_dataset\train\algae_bloom_4968.png,0
C:/Users/somal/OneDrive/Desktop/Capstone_Model/algae_bloom_dataset\train\algae_bloom_4969.png,1
C:/Users/somal/OneDrive/Desktop/Capstone_Model/algae_bloom_dataset\train\algae_bloom_497.png,1
C:/Users/somal/OneDrive/Desktop/Capstone_Model/algae_bloom_dataset\train\algae_bloom_4970.png,1
C:/Users/somal/OneDrive/Desktop/Capstone_Model/algae_bloom_dataset\train\algae_bloom_4971.png,0
C:/Users/somal/OneDrive/Desktop/Capstone_Model/algae_bloom_dataset\train\algae_bloom_4972.png,0
C:/Users/somal/OneDrive/Desktop/Capstone_Model/algae_bloom_dataset\train\algae_bloom_4973.png,0
C:/Users/somal/OneDrive/Desktop/Capstone_Model/algae_bloom_dataset\train\algae_bloom_4974.png,0
C:/Users/somal/OneDrive/Desktop/Capstone_Model/algae_bloom_dataset\train\algae_bloom_4975.png,0
C:/Users/somal/OneDrive/Desktop/Capstone_Model/algae_bloom_dataset\train\algae_bloom_4976.png,0
C:/Users/somal/OneDrive/Desktop/Capstone_Model/algae_bloom_dataset\train\algae_bloom_4977.png,0
C:/Users/somal/OneDrive/Desktop/Capstone_Model/algae_bloom_dataset\train\algae_bloom_4978.png,0
C:/Users/somal/OneDrive/Desktop/Capstone_Model/algae_bloom_dataset\train\algae_bloom_4979.png,0
C:/Users/somal/OneDrive/Desktop/Capstone_Model/algae_bloom_dataset\train\algae_bloom_498.png,0
C:/Users/somal/OneDrive/Desktop/Capstone_Model/algae_bloom_dataset\train\algae_bloom_4980.png,0
C:/Users/somal/OneDrive/Desktop/Capstone_Model/algae_bloom_dataset\train\algae_bloom_4981.png,0
C:/Users/somal/OneDrive/Desktop/Capstone_Model/algae_bloom_dataset\train\algae_bloom_4982.png,0
C:/Users/somal/OneDrive/Desktop/Capstone_Model/algae_bloom_dataset\train\algae_bloom_4983.png,0
C:/Users/somal/OneDrive/Desktop/Capstone_Model/algae_bloom_dataset\train\algae_bloom_4984.png,0
C:/Users/somal/OneDrive/Desktop/Capstone_Model/algae_bloom_dataset\train\algae_bloom_4985.png,1
C:/Users/somal/OneDrive/Desktop/Capstone_Model/algae_bloom_dataset\train\algae_bloom_4986.png,0
C:/Users/somal/OneDrive/Desktop/Capstone_Model/algae_bloom_dataset\train\algae_bloom_4987.png,1
C:/Users/somal/OneDrive/Desktop/Capstone_Model/algae_bloom_dataset\train\algae_bloom_4988.png,1
C:/Users/somal/OneDrive/Desktop/Capstone_Model/algae_bloom_dataset\train\algae_bloom_4989.png,1
C:/Users/somal/OneDrive/Desktop/Capstone_Model/algae_bloom_dataset\train\algae_bloom_499.png,0
C:/Users/somal/OneDrive/Desktop/Capstone_Model/algae_bloom_dataset\train\algae_bloom_4990.png,0
C:/Users/somal/OneDrive/Desktop/Capstone_Model/algae_bloom_dataset\train\algae_bloom_4991.png,0
C:/Users/somal/OneDrive/Desktop/Capstone_Model/algae_bloom_dataset\train\algae_bloom_4992.png,0
C:/Users/somal/OneDrive/Desktop/Capstone_Model/algae_bloom_dataset\train\algae_bloom_4993.png,1
C:/Users/somal/OneDrive/Desktop/Capstone_Model/algae_bloom_dataset\train\algae_bloom_4994.png,1
C:/Users/somal/OneDrive/Desktop/Capstone_Model/algae_bloom_dataset\train\algae_bloom_4995.png,0
C:/Users/somal/OneDrive/Desktop/Capstone_Model/algae_bloom_dataset\train\algae_bloom_4996.png,0
C:/Users/somal/OneDrive/Desktop/Capstone_Model/algae_bloom_dataset\train\algae_bloom_4997.png,0
C:/Users/somal/OneDrive/Desktop/Capstone_Model/algae_bloom_dataset\train\algae_bloom_4998.png,0
C:/Users/somal/OneDrive/Desktop/Capstone_Model/algae_bloom_dataset\train\algae_bloom_4999.png,1
C:/Users/somal/OneDrive/Desktop/Capstone_Model/algae_bloom_dataset\train\algae_bloom_5.png,0
C:/Users/somal/OneDrive/Desktop/Capstone_Model/algae_bloom_dataset\train\algae_bloom_50.png,1
C:/Users/somal/OneDrive/Desktop/Capstone_Model/algae_bloom_dataset\train\algae_bloom_500.png,1
C:/Users/somal/OneDrive/Desktop/Capstone_Model/algae_bloom_dataset\train\algae_bloom_5000.png,0
C:/Users/somal/OneDrive/Desktop/Capstone_Model/algae_bloom_dataset\train\algae_bloom_5001.png,1
C:/Users/somal/OneDrive/Desktop/Capstone_Model/algae_bloom_dataset\train\algae_bloom_5002.png,0
C:/Users/somal/OneDrive/Desktop/Capstone_Model/algae_bloom_dataset\train\algae_bloom_5003.png,0
C:/Users/somal/OneDrive/Desktop/Capstone_Model/algae_bloom_dataset\train\algae_bloom_5004.png,0
C:/Users/somal/OneDrive/Desktop/Capstone_Model/algae_bloom_dataset\train\algae_bloom_5005.png,0
C:/Users/somal/OneDrive/Desktop/Capstone_Model/algae_bloom_dataset\train\algae_bloom_5006.png,0
C:/Users/somal/OneDrive/Desktop/Capstone_Model/algae_bloom_dataset\train\algae_bloom_5007.png,0
C:/Users/somal/OneDrive/Desktop/Capstone_Model/algae_bloom_dataset\train\algae_bloom_5008.png,1
C:/Users/somal/OneDrive/Desktop/Capstone_Model/algae_bloom_dataset\train\algae_bloom_5009.png,0
C:/Users/somal/OneDrive/Desktop/Capstone_Model/algae_bloom_dataset\train\algae_bloom_501.png,0
C:/Users/somal/OneDrive/Desktop/Capstone_Model/algae_bloom_dataset\train\algae_bloom_5010.png,0
C:/Users/somal/OneDrive/Desktop/Capstone_Model/algae_bloom_dataset\train\algae_bloom_5011.png,0
C:/Users/somal/OneDrive/Desktop/Capstone_Model/algae_bloom_dataset\train\algae_bloom_5012.png,0
C:/Users/somal/OneDrive/Desktop/Capstone_Model/algae_bloom_dataset\train\algae_bloom_5013.png,0
C:/Users/somal/OneDrive/Desktop/Capstone_Model/algae_bloom_dataset\train\algae_bloom_5014.png,0
C:/Users/somal/OneDrive/Desktop/Capstone_Model/algae_bloom_dataset\train\algae_bloom_5015.png,0
C:/Users/somal/OneDrive/Desktop/Capstone_Model/algae_bloom_dataset\train\algae_bloom_5016.png,0
C:/Users/somal/OneDrive/Desktop/Capstone_Model/algae_bloom_dataset\train\algae_bloom_5017.png,0
C:/Users/somal/OneDrive/Desktop/Capstone_Model/algae_bloom_dataset\train\algae_bloom_5018.png,0
C:/Users/somal/OneDrive/Desktop/Capstone_Model/algae_bloom_dataset\train\algae_bloom_5019.png,0
C:/Users/somal/OneDrive/Desktop/Capstone_Model/algae_bloom_dataset\train\algae_bloom_502.png,0
C:/Users/somal/OneDrive/Desktop/Capstone_Model/algae_bloom_dataset\train\algae_bloom_5020.png,0
C:/Users/somal/OneDrive/Desktop/Capstone_Model/algae_bloom_dataset\train\algae_bloom_5021.png,0
C:/Users/somal/OneDrive/Desktop/Capstone_Model/algae_bloom_dataset\train\algae_bloom_5022.png,0
C:/Users/somal/OneDrive/Desktop/Capstone_Model/algae_bloom_dataset\train\algae_bloom_5023.png,0
C:/Users/somal/OneDrive/Desktop/Capstone_Model/algae_bloom_dataset\train\algae_bloom_5024.png,0
C:/Users/somal/OneDrive/Desktop/Capstone_Model/algae_bloom_dataset\train\algae_bloom_5025.png,0
C:/Users/somal/OneDrive/Desktop/Capstone_Model/algae_bloom_dataset\train\algae_bloom_5026.png,0
C:/Users/somal/OneDrive/Desktop/Capstone_Model/algae_bloom_dataset\train\algae_bloom_5027.png,0
C:/Users/somal/OneDrive/Desktop/Capstone_Model/algae_bloom_dataset\train\algae_bloom_5028.png,1
C:/Users/somal/OneDrive/Desktop/Capstone_Model/algae_bloom_dataset\train\algae_bloom_5029.png,0
C:/Users/somal/OneDrive/Desktop/Capstone_Model/algae_bloom_dataset\train\algae_bloom_503.png,0
C:/Users/somal/OneDrive/Desktop/Capstone_Model/algae_bloom_dataset\train\algae_bloom_5030.png,1
C:/Users/somal/OneDrive/Desktop/Capstone_Model/algae_bloom_dataset\train\algae_bloom_5031.png,0
C:/Users/somal/OneDrive/Desktop/Capstone_Model/algae_bloom_dataset\train\algae_bloom_5032.png,0
C:/Users/somal/OneDrive/Desktop/Capstone_Model/algae_bloom_dataset\train\algae_bloom_5033.png,0
C:/Users/somal/OneDrive/Desktop/Capstone_Model/algae_bloom_dataset\train\algae_bloom_5034.png,1
C:/Users/somal/OneDrive/Desktop/Capstone_Model/algae_bloom_dataset\train\algae_bloom_5035.png,0
C:/Users/somal/OneDrive/Desktop/Capstone_Model/algae_bloom_dataset\train\algae_bloom_5036.png,0
C:/Users/somal/OneDrive/Desktop/Capstone_Model/algae_bloom_dataset\train\algae_bloom_5037.png,0
C:/Users/somal/OneDrive/Desktop/Capstone_Model/algae_bloom_dataset\train\algae_bloom_5038.png,0
C:/Users/somal/OneDrive/Desktop/Capstone_Model/algae_bloom_dataset\train\algae_bloom_5039.png,0
C:/Users/somal/OneDrive/Desktop/Capstone_Model/algae_bloom_dataset\train\algae_bloom_504.png,0
C:/Users/somal/OneDrive/Desktop/Capstone_Model/algae_bloom_dataset\train\algae_bloom_5040.png,0
C:/Users/somal/OneDrive/Desktop/Capstone_Model/algae_bloom_dataset\train\algae_bloom_5041.png,1
C:/Users/somal/OneDrive/Desktop/Capstone_Model/algae_bloom_dataset\train\algae_bloom_5042.png,1
C:/Users/somal/OneDrive/Desktop/Capstone_Model/algae_bloom_dataset\train\algae_bloom_5043.png,0
C:/Users/somal/OneDrive/Desktop/Capstone_Model/algae_bloom_dataset\train\algae_bloom_5044.png,1
C:/Users/somal/OneDrive/Desktop/Capstone_Model/algae_bloom_dataset\train\algae_bloom_5045.png,0
C:/Users/somal/OneDrive/Desktop/Capstone_Model/algae_bloom_dataset\train\algae_bloom_5046.png,1
C:/Users/somal/OneDrive/Desktop/Capstone_Model/algae_bloom_dataset\train\algae_bloom_5047.png,1
C:/Users/somal/OneDrive/Desktop/Capstone_Model/algae_bloom_dataset\train\algae_bloom_5048.png,0
C:/Users/somal/OneDrive/Desktop/Capstone_Model/algae_bloom_dataset\train\algae_bloom_5049.png,1
C:/Users/somal/OneDrive/Desktop/Capstone_Model/algae_bloom_dataset\train\algae_bloom_505.png,1
C:/Users/somal/OneDrive/Desktop/Capstone_Model/algae_bloom_dataset\train\algae_bloom_5050.png,1
C:/Users/somal/OneDrive/Desktop/Capstone_Model/algae_bloom_dataset\train\algae_bloom_5051.png,1
C:/Users/somal/OneDrive/Desktop/Capstone_Model/algae_bloom_dataset\train\algae_bloom_5052.png,1
C:/Users/somal/OneDrive/Desktop/Capstone_Model/algae_bloom_dataset\train\algae_bloom_5053.png,0
C:/Users/somal/OneDrive/Desktop/Capstone_Model/algae_bloom_dataset\train\algae_bloom_5054.png,1
C:/Users/somal/OneDrive/Desktop/Capstone_Model/algae_bloom_dataset\train\algae_bloom_5055.png,1
C:/Users/somal/OneDrive/Desktop/Capstone_Model/algae_bloom_dataset\train\algae_bloom_5056.png,0
C:/Users/somal/OneDrive/Desktop/Capstone_Model/algae_bloom_dataset\train\algae_bloom_5057.png,1
C:/Users/somal/OneDrive/Desktop/Capstone_Model/algae_bloom_dataset\train\algae_bloom_5058.png,0
C:/Users/somal/OneDrive/Desktop/Capstone_Model/algae_bloom_dataset\train\algae_bloom_5059.png,0
C:/Users/somal/OneDrive/Desktop/Capstone_Model/algae_bloom_dataset\train\algae_bloom_506.png,0
C:/Users/somal/OneDrive/Desktop/Capstone_Model/algae_bloom_dataset\train\algae_bloom_5060.png,0
C:/Users/somal/OneDrive/Desktop/Capstone_Model/algae_bloom_dataset\train\algae_bloom_5061.png,0
C:/Users/somal/OneDrive/Desktop/Capstone_Model/algae_bloom_dataset\train\algae_bloom_5062.png,0
C:/Users/somal/OneDrive/Desktop/Capstone_Model/algae_bloom_dataset\train\algae_bloom_5063.png,1
C:/Users/somal/OneDrive/Desktop/Capstone_Model/algae_bloom_dataset\train\algae_bloom_5064.png,0
C:/Users/somal/OneDrive/Desktop/Capstone_Model/algae_bloom_dataset\train\algae_bloom_5065.png,0
C:/Users/somal/OneDrive/Desktop/Capstone_Model/algae_bloom_dataset\train\algae_bloom_5066.png,0
C:/Users/somal/OneDrive/Desktop/Capstone_Model/algae_bloom_dataset\train\algae_bloom_5067.png,0
C:/Users/somal/OneDrive/Desktop/Capstone_Model/algae_bloom_dataset\train\algae_bloom_5068.png,0
C:/Users/somal/OneDrive/Desktop/Capstone_Model/algae_bloom_dataset\train\algae_bloom_5069.png,0
C:/Users/somal/OneDrive/Desktop/Capstone_Model/algae_bloom_dataset\train\algae_bloom_507.png,0
C:/Users/somal/OneDrive/Desktop/Capstone_Model/algae_bloom_dataset\train\algae_bloom_5070.png,0
C:/Users/somal/OneDrive/Desktop/Capstone_Model/algae_bloom_dataset\train\algae_bloom_5071.png,0
C:/Users/somal/OneDrive/Desktop/Capstone_Model/algae_bloom_dataset\train\algae_bloom_5072.png,1
C:/Users/somal/OneDrive/Desktop/Capstone_Model/algae_bloom_dataset\train\algae_bloom_5073.png,1
C:/Users/somal/OneDrive/Desktop/Capstone_Model/algae_bloom_dataset\train\algae_bloom_5074.png,1
C:/Users/somal/OneDrive/Desktop/Capstone_Model/algae_bloom_dataset\train\algae_bloom_5075.png,1
C:/Users/somal/OneDrive/Desktop/Capstone_Model/algae_bloom_dataset\train\algae_bloom_5076.png,0
C:/Users/somal/OneDrive/Desktop/Capstone_Model/algae_bloom_dataset\train\algae_bloom_5077.png,1
C:/Users/somal/OneDrive/Desktop/Capstone_Model/algae_bloom_dataset\train\algae_bloom_5078.png,1
C:/Users/somal/OneDrive/Desktop/Capstone_Model/algae_bloom_dataset\train\algae_bloom_5079.png,0
C:/Users/somal/OneDrive/Desktop/Capstone_Model/algae_bloom_dataset\train\algae_bloom_508.png,1
C:/Users/somal/OneDrive/Desktop/Capstone_Model/algae_bloom_dataset\train\algae_bloom_5080.png,1
C:/Users/somal/OneDrive/Desktop/Capstone_Model/algae_bloom_dataset\train\algae_bloom_5081.png,0
C:/Users/somal/OneDrive/Desktop/Capstone_Model/algae_bloom_dataset\train\algae_bloom_5082.png,0
C:/Users/somal/OneDrive/Desktop/Capstone_Model/algae_bloom_dataset\train\algae_bloom_5083.png,0
C:/Users/somal/OneDrive/Desktop/Capstone_Model/algae_bloom_dataset\train\algae_bloom_5084.png,0
C:/Users/somal/OneDrive/Desktop/Capstone_Model/algae_bloom_dataset\train\algae_bloom_5085.png,0
C:/Users/somal/OneDrive/Desktop/Capstone_Model/algae_bloom_dataset\train\algae_bloom_5086.png,1
C:/Users/somal/OneDrive/Desktop/Capstone_Model/algae_bloom_dataset\train\algae_bloom_5087.png,1
C:/Users/somal/OneDrive/Desktop/Capstone_Model/algae_bloom_dataset\train\algae_bloom_5088.png,0
C:/Users/somal/OneDrive/Desktop/Capstone_Model/algae_bloom_dataset\train\algae_bloom_5089.png,0
C:/Users/somal/OneDrive/Desktop/Capstone_Model/algae_bloom_dataset\train\algae_bloom_509.png,1
C:/Users/somal/OneDrive/Desktop/Capstone_Model/algae_bloom_dataset\train\algae_bloom_5090.png,1
C:/Users/somal/OneDrive/Desktop/Capstone_Model/algae_bloom_dataset\train\algae_bloom_5091.png,0
C:/Users/somal/OneDrive/Desktop/Capstone_Model/algae_bloom_dataset\train\algae_bloom_5092.png,1
C:/Users/somal/OneDrive/Desktop/Capstone_Model/algae_bloom_dataset\train\algae_bloom_5093.png,0
C:/Users/somal/OneDrive/Desktop/Capstone_Model/algae_bloom_dataset\train\algae_bloom_5094.png,1
C:/Users/somal/OneDrive/Desktop/Capstone_Model/algae_bloom_dataset\train\algae_bloom_5095.png,0
C:/Users/somal/OneDrive/Desktop/Capstone_Model/algae_bloom_dataset\train\algae_bloom_5096.png,0
C:/Users/somal/OneDrive/Desktop/Capstone_Model/algae_bloom_dataset\train\algae_bloom_5097.png,1
C:/Users/somal/OneDrive/Desktop/Capstone_Model/algae_bloom_dataset\train\algae_bloom_5098.png,0
C:/Users/somal/OneDrive/Desktop/Capstone_Model/algae_bloom_dataset\train\algae_bloom_5099.png,0
C:/Users/somal/OneDrive/Desktop/Capstone_Model/algae_bloom_dataset\train\algae_bloom_51.png,0
C:/Users/somal/OneDrive/Desktop/Capstone_Model/algae_bloom_dataset\train\algae_bloom_510.png,1
C:/Users/somal/OneDrive/Desktop/Capstone_Model/algae_bloom_dataset\train\algae_bloom_5100.png,0
C:/Users/somal/OneDrive/Desktop/Capstone_Model/algae_bloom_dataset\train\algae_bloom_5101.png,0
C:/Users/somal/OneDrive/Desktop/Capstone_Model/algae_bloom_dataset\train\algae_bloom_5102.png,1
C:/Users/somal/OneDrive/Desktop/Capstone_Model/algae_bloom_dataset\train\algae_bloom_5103.png,0
C:/Users/somal/OneDrive/Desktop/Capstone_Model/algae_bloom_dataset\train\algae_bloom_5104.png,1
C:/Users/somal/OneDrive/Desktop/Capstone_Model/algae_bloom_dataset\train\algae_bloom_5105.png,1
C:/Users/somal/OneDrive/Desktop/Capstone_Model/algae_bloom_dataset\train\algae_bloom_5106.png,1
C:/Users/somal/OneDrive/Desktop/Capstone_Model/algae_bloom_dataset\train\algae_bloom_5107.png,0
C:/Users/somal/OneDrive/Desktop/Capstone_Model/algae_bloom_dataset\train\algae_bloom_5108.png,0
C:/Users/somal/OneDrive/Desktop/Capstone_Model/algae_bloom_dataset\train\algae_bloom_5109.png,0
C:/Users/somal/OneDrive/Desktop/Capstone_Model/algae_bloom_dataset\train\algae_bloom_511.png,1
C:/Users/somal/OneDrive/Desktop/Capstone_Model/algae_bloom_dataset\train\algae_bloom_5110.png,1
C:/Users/somal/OneDrive/Desktop/Capstone_Model/algae_bloom_dataset\train\algae_bloom_5111.png,0
C:/Users/somal/OneDrive/Desktop/Capstone_Model/algae_bloom_dataset\train\algae_bloom_5112.png,0
C:/Users/somal/OneDrive/Desktop/Capstone_Model/algae_bloom_dataset\train\algae_bloom_5113.png,1
C:/Users/somal/OneDrive/Desktop/Capstone_Model/algae_bloom_dataset\train\algae_bloom_5114.png,1
C:/Users/somal/OneDrive/Desktop/Capstone_Model/algae_bloom_dataset\train\algae_bloom_5115.png,0
C:/Users/somal/OneDrive/Desktop/Capstone_Model/algae_bloom_dataset\train\algae_bloom_5116.png,0
C:/Users/somal/OneDrive/Desktop/Capstone_Model/algae_bloom_dataset\train\algae_bloom_5117.png,0
C:/Users/somal/OneDrive/Desktop/Capstone_Model/algae_bloom_dataset\train\algae_bloom_5118.png,0
C:/Users/somal/OneDrive/Desktop/Capstone_Model/algae_bloom_dataset\train\algae_bloom_5119.png,1
C:/Users/somal/OneDrive/Desktop/Capstone_Model/algae_bloom_dataset\train\algae_bloom_512.png,0
C:/Users/somal/OneDrive/Desktop/Capstone_Model/algae_bloom_dataset\train\algae_bloom_5120.png,0
C:/Users/somal/OneDrive/Desktop/Capstone_Model/algae_bloom_dataset\train\algae_bloom_5121.png,0
C:/Users/somal/OneDrive/Desktop/Capstone_Model/algae_bloom_dataset\train\algae_bloom_5122.png,0
C:/Users/somal/OneDrive/Desktop/Capstone_Model/algae_bloom_dataset\train\algae_bloom_5123.png,0
C:/Users/somal/OneDrive/Desktop/Capstone_Model/algae_bloom_dataset\train\algae_bloom_5124.png,0
C:/Users/somal/OneDrive/Desktop/Capstone_Model/algae_bloom_dataset\train\algae_bloom_5125.png,1
C:/Users/somal/OneDrive/Desktop/Capstone_Model/algae_bloom_dataset\train\algae_bloom_5126.png,0
C:/Users/somal/OneDrive/Desktop/Capstone_Model/algae_bloom_dataset\train\algae_bloom_5127.png,0
C:/Users/somal/OneDrive/Desktop/Capstone_Model/algae_bloom_dataset\train\algae_bloom_5128.png,0
C:/Users/somal/OneDrive/Desktop/Capstone_Model/algae_bloom_dataset\train\algae_bloom_5129.png,0
C:/Users/somal/OneDrive/Desktop/Capstone_Model/algae_bloom_dataset\train\algae_bloom_513.png,0
C:/Users/somal/OneDrive/Desktop/Capstone_Model/algae_bloom_dataset\train\algae_bloom_5130.png,1
C:/Users/somal/OneDrive/Desktop/Capstone_Model/algae_bloom_dataset\train\algae_bloom_5131.png,0
C:/Users/somal/OneDrive/Desktop/Capstone_Model/algae_bloom_dataset\train\algae_bloom_5132.png,1
C:/Users/somal/OneDrive/Desktop/Capstone_Model/algae_bloom_dataset\train\algae_bloom_5133.png,0
C:/Users/somal/OneDrive/Desktop/Capstone_Model/algae_bloom_dataset\train\algae_bloom_5134.png,0
C:/Users/somal/OneDrive/Desktop/Capstone_Model/algae_bloom_dataset\train\algae_bloom_5135.png,0
C:/Users/somal/OneDrive/Desktop/Capstone_Model/algae_bloom_dataset\train\algae_bloom_5136.png,0
C:/Users/somal/OneDrive/Desktop/Capstone_Model/algae_bloom_dataset\train\algae_bloom_5137.png,1
C:/Users/somal/OneDrive/Desktop/Capstone_Model/algae_bloom_dataset\train\algae_bloom_5138.png,0
C:/Users/somal/OneDrive/Desktop/Capstone_Model/algae_bloom_dataset\train\algae_bloom_5139.png,0
C:/Users/somal/OneDrive/Desktop/Capstone_Model/algae_bloom_dataset\train\algae_bloom_514.png,1
C:/Users/somal/OneDrive/Desktop/Capstone_Model/algae_bloom_dataset\train\algae_bloom_5140.png,0
C:/Users/somal/OneDrive/Desktop/Capstone_Model/algae_bloom_dataset\train\algae_bloom_5141.png,0
C:/Users/somal/OneDrive/Desktop/Capstone_Model/algae_bloom_dataset\train\algae_bloom_5142.png,0
C:/Users/somal/OneDrive/Desktop/Capstone_Model/algae_bloom_dataset\train\algae_bloom_5143.png,0
C:/Users/somal/OneDrive/Desktop/Capstone_Model/algae_bloom_dataset\train\algae_bloom_5144.png,0
C:/Users/somal/OneDrive/Desktop/Capstone_Model/algae_bloom_dataset\train\algae_bloom_5145.png,1
C:/Users/somal/OneDrive/Desktop/Capstone_Model/algae_bloom_dataset\train\algae_bloom_5146.png,1
C:/Users/somal/OneDrive/Desktop/Capstone_Model/algae_bloom_dataset\train\algae_bloom_5147.png,0
C:/Users/somal/OneDrive/Desktop/Capstone_Model/algae_bloom_dataset\train\algae_bloom_5148.png,0
C:/Users/somal/OneDrive/Desktop/Capstone_Model/algae_bloom_dataset\train\algae_bloom_5149.png,0
C:/Users/somal/OneDrive/Desktop/Capstone_Model/algae_bloom_dataset\train\algae_bloom_515.png,0
C:/Users/somal/OneDrive/Desktop/Capstone_Model/algae_bloom_dataset\train\algae_bloom_5150.png,0
C:/Users/somal/OneDrive/Desktop/Capstone_Model/algae_bloom_dataset\train\algae_bloom_5151.png,0
C:/Users/somal/OneDrive/Desktop/Capstone_Model/algae_bloom_dataset\train\algae_bloom_5152.png,0
C:/Users/somal/OneDrive/Desktop/Capstone_Model/algae_bloom_dataset\train\algae_bloom_5153.png,1
C:/Users/somal/OneDrive/Desktop/Capstone_Model/algae_bloom_dataset\train\algae_bloom_5154.png,0
C:/Users/somal/OneDrive/Desktop/Capstone_Model/algae_bloom_dataset\train\algae_bloom_5155.png,1
C:/Users/somal/OneDrive/Desktop/Capstone_Model/algae_bloom_dataset\train\algae_bloom_5156.png,0
C:/Users/somal/OneDrive/Desktop/Capstone_Model/algae_bloom_dataset\train\algae_bloom_5157.png,0
C:/Users/somal/OneDrive/Desktop/Capstone_Model/algae_bloom_dataset\train\algae_bloom_5158.png,1
C:/Users/somal/OneDrive/Desktop/Capstone_Model/algae_bloom_dataset\train\algae_bloom_5159.png,1
C:/Users/somal/OneDrive/Desktop/Capstone_Model/algae_bloom_dataset\train\algae_bloom_516.png,1
C:/Users/somal/OneDrive/Desktop/Capstone_Model/algae_bloom_dataset\train\algae_bloom_5160.png,0
C:/Users/somal/OneDrive/Desktop/Capstone_Model/algae_bloom_dataset\train\algae_bloom_5161.png,0
C:/Users/somal/OneDrive/Desktop/Capstone_Model/algae_bloom_dataset\train\algae_bloom_5162.png,0
C:/Users/somal/OneDrive/Desktop/Capstone_Model/algae_bloom_dataset\train\algae_bloom_5163.png,1
C:/Users/somal/OneDrive/Desktop/Capstone_Model/algae_bloom_dataset\train\algae_bloom_5164.png,0
C:/Users/somal/OneDrive/Desktop/Capstone_Model/algae_bloom_dataset\train\algae_bloom_5165.png,0
C:/Users/somal/OneDrive/Desktop/Capstone_Model/algae_bloom_dataset\train\algae_bloom_5166.png,1
C:/Users/somal/OneDrive/Desktop/Capstone_Model/algae_bloom_dataset\train\algae_bloom_5167.png,0
C:/Users/somal/OneDrive/Desktop/Capstone_Model/algae_bloom_dataset\train\algae_bloom_5168.png,0
C:/Users/somal/OneDrive/Desktop/Capstone_Model/algae_bloom_dataset\train\algae_bloom_5169.png,1
C:/Users/somal/OneDrive/Desktop/Capstone_Model/algae_bloom_dataset\train\algae_bloom_517.png,1
C:/Users/somal/OneDrive/Desktop/Capstone_Model/algae_bloom_dataset\train\algae_bloom_5170.png,1
C:/Users/somal/OneDrive/Desktop/Capstone_Model/algae_bloom_dataset\train\algae_bloom_5171.png,1
C:/Users/somal/OneDrive/Desktop/Capstone_Model/algae_bloom_dataset\train\algae_bloom_5172.png,0
C:/Users/somal/OneDrive/Desktop/Capstone_Model/algae_bloom_dataset\train\algae_bloom_5173.png,0
C:/Users/somal/OneDrive/Desktop/Capstone_Model/algae_bloom_dataset\train\algae_bloom_5174.png,0
C:/Users/somal/OneDrive/Desktop/Capstone_Model/algae_bloom_dataset\train\algae_bloom_5175.png,1
C:/Users/somal/OneDrive/Desktop/Capstone_Model/algae_bloom_dataset\train\algae_bloom_5176.png,1
C:/Users/somal/OneDrive/Desktop/Capstone_Model/algae_bloom_dataset\train\algae_bloom_5177.png,0
C:/Users/somal/OneDrive/Desktop/Capstone_Model/algae_bloom_dataset\train\algae_bloom_5178.png,0
C:/Users/somal/OneDrive/Desktop/Capstone_Model/algae_bloom_dataset\train\algae_bloom_5179.png,0
C:/Users/somal/OneDrive/Desktop/Capstone_Model/algae_bloom_dataset\train\algae_bloom_518.png,0
C:/Users/somal/OneDrive/Desktop/Capstone_Model/algae_bloom_dataset\train\algae_bloom_5180.png,1
C:/Users/somal/OneDrive/Desktop/Capstone_Model/algae_bloom_dataset\train\algae_bloom_5181.png,0
C:/Users/somal/OneDrive/Desktop/Capstone_Model/algae_bloom_dataset\train\algae_bloom_5182.png,1
C:/Users/somal/OneDrive/Desktop/Capstone_Model/algae_bloom_dataset\train\algae_bloom_5183.png,1
C:/Users/somal/OneDrive/Desktop/Capstone_Model/algae_bloom_dataset\train\algae_bloom_5184.png,0
C:/Users/somal/OneDrive/Desktop/Capstone_Model/algae_bloom_dataset\train\algae_bloom_5185.png,0
C:/Users/somal/OneDrive/Desktop/Capstone_Model/algae_bloom_dataset\train\algae_bloom_5186.png,1
C:/Users/somal/OneDrive/Desktop/Capstone_Model/algae_bloom_dataset\train\algae_bloom_5187.png,0
C:/Users/somal/OneDrive/Desktop/Capstone_Model/algae_bloom_dataset\train\algae_bloom_5188.png,1
C:/Users/somal/OneDrive/Desktop/Capstone_Model/algae_bloom_dataset\train\algae_bloom_5189.png,0
C:/Users/somal/OneDrive/Desktop/Capstone_Model/algae_bloom_dataset\train\algae_bloom_519.png,1
C:/Users/somal/OneDrive/Desktop/Capstone_Model/algae_bloom_dataset\train\algae_bloom_5190.png,0
C:/Users/somal/OneDrive/Desktop/Capstone_Model/algae_bloom_dataset\train\algae_bloom_5191.png,1
C:/Users/somal/OneDrive/Desktop/Capstone_Model/algae_bloom_dataset\train\algae_bloom_5192.png,0
C:/Users/somal/OneDrive/Desktop/Capstone_Model/algae_bloom_dataset\train\algae_bloom_5193.png,1
C:/Users/somal/OneDrive/Desktop/Capstone_Model/algae_bloom_dataset\train\algae_bloom_5194.png,0
C:/Users/somal/OneDrive/Desktop/Capstone_Model/algae_bloom_dataset\train\algae_bloom_5195.png,0
C:/Users/somal/OneDrive/Desktop/Capstone_Model/algae_bloom_dataset\train\algae_bloom_5196.png,1
C:/Users/somal/OneDrive/Desktop/Capstone_Model/algae_bloom_dataset\train\algae_bloom_5197.png,1
C:/Users/somal/OneDrive/Desktop/Capstone_Model/algae_bloom_dataset\train\algae_bloom_5198.png,1
C:/Users/somal/OneDrive/Desktop/Capstone_Model/algae_bloom_dataset\train\algae_bloom_5199.png,0
C:/Users/somal/OneDrive/Desktop/Capstone_Model/algae_bloom_dataset\train\algae_bloom_52.png,0
C:/Users/somal/OneDrive/Desktop/Capstone_Model/algae_bloom_dataset\train\algae_bloom_520.png,0
C:/Users/somal/OneDrive/Desktop/Capstone_Model/algae_bloom_dataset\train\algae_bloom_5200.png,0
C:/Users/somal/OneDrive/Desktop/Capstone_Model/algae_bloom_dataset\train\algae_bloom_5201.png,0
C:/Users/somal/OneDrive/Desktop/Capstone_Model/algae_bloom_dataset\train\algae_bloom_5202.png,0
C:/Users/somal/OneDrive/Desktop/Capstone_Model/algae_bloom_dataset\train\algae_bloom_5203.png,0
C:/Users/somal/OneDrive/Desktop/Capstone_Model/algae_bloom_dataset\train\algae_bloom_5204.png,0
C:/Users/somal/OneDrive/Desktop/Capstone_Model/algae_bloom_dataset\train\algae_bloom_5205.png,0
C:/Users/somal/OneDrive/Desktop/Capstone_Model/algae_bloom_dataset\train\algae_bloom_5206.png,1
C:/Users/somal/OneDrive/Desktop/Capstone_Model/algae_bloom_dataset\train\algae_bloom_5207.png,0
C:/Users/somal/OneDrive/Desktop/Capstone_Model/algae_bloom_dataset\train\algae_bloom_5208.png,1
C:/Users/somal/OneDrive/Desktop/Capstone_Model/algae_bloom_dataset\train\algae_bloom_5209.png,0
C:/Users/somal/OneDrive/Desktop/Capstone_Model/algae_bloom_dataset\train\algae_bloom_521.png,1
C:/Users/somal/OneDrive/Desktop/Capstone_Model/algae_bloom_dataset\train\algae_bloom_5210.png,0
C:/Users/somal/OneDrive/Desktop/Capstone_Model/algae_bloom_dataset\train\algae_bloom_5211.png,1
C:/Users/somal/OneDrive/Desktop/Capstone_Model/algae_bloom_dataset\train\algae_bloom_5212.png,0
C:/Users/somal/OneDrive/Desktop/Capstone_Model/algae_bloom_dataset\train\algae_bloom_5213.png,0
C:/Users/somal/OneDrive/Desktop/Capstone_Model/algae_bloom_dataset\train\algae_bloom_5214.png,0
C:/Users/somal/OneDrive/Desktop/Capstone_Model/algae_bloom_dataset\train\algae_bloom_5215.png,0
C:/Users/somal/OneDrive/Desktop/Capstone_Model/algae_bloom_dataset\train\algae_bloom_5216.png,1
C:/Users/somal/OneDrive/Desktop/Capstone_Model/algae_bloom_dataset\train\algae_bloom_5217.png,0
C:/Users/somal/OneDrive/Desktop/Capstone_Model/algae_bloom_dataset\train\algae_bloom_5218.png,0
C:/Users/somal/OneDrive/Desktop/Capstone_Model/algae_bloom_dataset\train\algae_bloom_5219.png,0
C:/Users/somal/OneDrive/Desktop/Capstone_Model/algae_bloom_dataset\train\algae_bloom_522.png,1
C:/Users/somal/OneDrive/Desktop/Capstone_Model/algae_bloom_dataset\train\algae_bloom_5220.png,1
C:/Users/somal/OneDrive/Desktop/Capstone_Model/algae_bloom_dataset\train\algae_bloom_5221.png,0
C:/Users/somal/OneDrive/Desktop/Capstone_Model/algae_bloom_dataset\train\algae_bloom_5222.png,1
C:/Users/somal/OneDrive/Desktop/Capstone_Model/algae_bloom_dataset\train\algae_bloom_5223.png,1
C:/Users/somal/OneDrive/Desktop/Capstone_Model/algae_bloom_dataset\train\algae_bloom_5224.png,0
C:/Users/somal/OneDrive/Desktop/Capstone_Model/algae_bloom_dataset\train\algae_bloom_5225.png,0
C:/Users/somal/OneDrive/Desktop/Capstone_Model/algae_bloom_dataset\train\algae_bloom_5226.png,1
C:/Users/somal/OneDrive/Desktop/Capstone_Model/algae_bloom_dataset\train\algae_bloom_5227.png,0
C:/Users/somal/OneDrive/Desktop/Capstone_Model/algae_bloom_dataset\train\algae_bloom_5228.png,0
C:/Users/somal/OneDrive/Desktop/Capstone_Model/algae_bloom_dataset\train\algae_bloom_5229.png,1
C:/Users/somal/OneDrive/Desktop/Capstone_Model/algae_bloom_dataset\train\algae_bloom_523.png,1
C:/Users/somal/OneDrive/Desktop/Capstone_Model/algae_bloom_dataset\train\algae_bloom_5230.png,1
C:/Users/somal/OneDrive/Desktop/Capstone_Model/algae_bloom_dataset\train\algae_bloom_5231.png,0
C:/Users/somal/OneDrive/Desktop/Capstone_Model/algae_bloom_dataset\train\algae_bloom_5232.png,0
C:/Users/somal/OneDrive/Desktop/Capstone_Model/algae_bloom_dataset\train\algae_bloom_5233.png,0
C:/Users/somal/OneDrive/Desktop/Capstone_Model/algae_bloom_dataset\train\algae_bloom_5234.png,0
C:/Users/somal/OneDrive/Desktop/Capstone_Model/algae_bloom_dataset\train\algae_bloom_5235.png,1
C:/Users/somal/OneDrive/Desktop/Capstone_Model/algae_bloom_dataset\train\algae_bloom_5236.png,0
C:/Users/somal/OneDrive/Desktop/Capstone_Model/algae_bloom_dataset\train\algae_bloom_5237.png,0
C:/Users/somal/OneDrive/Desktop/Capstone_Model/algae_bloom_dataset\train\algae_bloom_5238.png,1
C:/Users/somal/OneDrive/Desktop/Capstone_Model/algae_bloom_dataset\train\algae_bloom_5239.png,0
C:/Users/somal/OneDrive/Desktop/Capstone_Model/algae_bloom_dataset\train\algae_bloom_524.png,0
C:/Users/somal/OneDrive/Desktop/Capstone_Model/algae_bloom_dataset\train\algae_bloom_5240.png,0
C:/Users/somal/OneDrive/Desktop/Capstone_Model/algae_bloom_dataset\train\algae_bloom_5241.png,1
C:/Users/somal/OneDrive/Desktop/Capstone_Model/algae_bloom_dataset\train\algae_bloom_5242.png,0
C:/Users/somal/OneDrive/Desktop/Capstone_Model/algae_bloom_dataset\train\algae_bloom_5243.png,0
C:/Users/somal/OneDrive/Desktop/Capstone_Model/algae_bloom_dataset\train\algae_bloom_5244.png,0
C:/Users/somal/OneDrive/Desktop/Capstone_Model/algae_bloom_dataset\train\algae_bloom_5245.png,0
C:/Users/somal/OneDrive/Desktop/Capstone_Model/algae_bloom_dataset\train\algae_bloom_5246.png,0
C:/Users/somal/OneDrive/Desktop/Capstone_Model/algae_bloom_dataset\train\algae_bloom_5247.png,0
C:/Users/somal/OneDrive/Desktop/Capstone_Model/algae_bloom_dataset\train\algae_bloom_5248.png,0
C:/Users/somal/OneDrive/Desktop/Capstone_Model/algae_bloom_dataset\train\algae_bloom_5249.png,0
C:/Users/somal/OneDrive/Desktop/Capstone_Model/algae_bloom_dataset\train\algae_bloom_525.png,1
C:/Users/somal/OneDrive/Desktop/Capstone_Model/algae_bloom_dataset\train\algae_bloom_5250.png,0
C:/Users/somal/OneDrive/Desktop/Capstone_Model/algae_bloom_dataset\train\algae_bloom_5251.png,1
C:/Users/somal/OneDrive/Desktop/Capstone_Model/algae_bloom_dataset\train\algae_bloom_5252.png,0
C:/Users/somal/OneDrive/Desktop/Capstone_Model/algae_bloom_dataset\train\algae_bloom_5253.png,0
C:/Users/somal/OneDrive/Desktop/Capstone_Model/algae_bloom_dataset\train\algae_bloom_5254.png,0
C:/Users/somal/OneDrive/Desktop/Capstone_Model/algae_bloom_dataset\train\algae_bloom_5255.png,0
C:/Users/somal/OneDrive/Desktop/Capstone_Model/algae_bloom_dataset\train\algae_bloom_5256.png,0
C:/Users/somal/OneDrive/Desktop/Capstone_Model/algae_bloom_dataset\train\algae_bloom_5257.png,1
C:/Users/somal/OneDrive/Desktop/Capstone_Model/algae_bloom_dataset\train\algae_bloom_5258.png,0
C:/Users/somal/OneDrive/Desktop/Capstone_Model/algae_bloom_dataset\train\algae_bloom_5259.png,1
C:/Users/somal/OneDrive/Desktop/Capstone_Model/algae_bloom_dataset\train\algae_bloom_526.png,0
C:/Users/somal/OneDrive/Desktop/Capstone_Model/algae_bloom_dataset\train\algae_bloom_5260.png,0
C:/Users/somal/OneDrive/Desktop/Capstone_Model/algae_bloom_dataset\train\algae_bloom_5261.png,0
C:/Users/somal/OneDrive/Desktop/Capstone_Model/algae_bloom_dataset\train\algae_bloom_5262.png,1
C:/Users/somal/OneDrive/Desktop/Capstone_Model/algae_bloom_dataset\train\algae_bloom_5263.png,1
C:/Users/somal/OneDrive/Desktop/Capstone_Model/algae_bloom_dataset\train\algae_bloom_5264.png,0
C:/Users/somal/OneDrive/Desktop/Capstone_Model/algae_bloom_dataset\train\algae_bloom_5265.png,0
C:/Users/somal/OneDrive/Desktop/Capstone_Model/algae_bloom_dataset\train\algae_bloom_5266.png,0
C:/Users/somal/OneDrive/Desktop/Capstone_Model/algae_bloom_dataset\train\algae_bloom_5267.png,1
C:/Users/somal/OneDrive/Desktop/Capstone_Model/algae_bloom_dataset\train\algae_bloom_5268.png,0
C:/Users/somal/OneDrive/Desktop/Capstone_Model/algae_bloom_dataset\train\algae_bloom_5269.png,0
C:/Users/somal/OneDrive/Desktop/Capstone_Model/algae_bloom_dataset\train\algae_bloom_527.png,0
C:/Users/somal/OneDrive/Desktop/Capstone_Model/algae_bloom_dataset\train\algae_bloom_5270.png,1
C:/Users/somal/OneDrive/Desktop/Capstone_Model/algae_bloom_dataset\train\algae_bloom_5271.png,0
C:/Users/somal/OneDrive/Desktop/Capstone_Model/algae_bloom_dataset\train\algae_bloom_5272.png,0
C:/Users/somal/OneDrive/Desktop/Capstone_Model/algae_bloom_dataset\train\algae_bloom_5273.png,0
C:/Users/somal/OneDrive/Desktop/Capstone_Model/algae_bloom_dataset\train\algae_bloom_5274.png,1
C:/Users/somal/OneDrive/Desktop/Capstone_Model/algae_bloom_dataset\train\algae_bloom_5275.png,0
C:/Users/somal/OneDrive/Desktop/Capstone_Model/algae_bloom_dataset\train\algae_bloom_5276.png,0
C:/Users/somal/OneDrive/Desktop/Capstone_Model/algae_bloom_dataset\train\algae_bloom_5277.png,0
C:/Users/somal/OneDrive/Desktop/Capstone_Model/algae_bloom_dataset\train\algae_bloom_5278.png,1
C:/Users/somal/OneDrive/Desktop/Capstone_Model/algae_bloom_dataset\train\algae_bloom_5279.png,0
C:/Users/somal/OneDrive/Desktop/Capstone_Model/algae_bloom_dataset\train\algae_bloom_528.png,1
C:/Users/somal/OneDrive/Desktop/Capstone_Model/algae_bloom_dataset\train\algae_bloom_5280.png,0
C:/Users/somal/OneDrive/Desktop/Capstone_Model/algae_bloom_dataset\train\algae_bloom_5281.png,0
C:/Users/somal/OneDrive/Desktop/Capstone_Model/algae_bloom_dataset\train\algae_bloom_5282.png,0
C:/Users/somal/OneDrive/Desktop/Capstone_Model/algae_bloom_dataset\train\algae_bloom_5283.png,1
C:/Users/somal/OneDrive/Desktop/Capstone_Model/algae_bloom_dataset\train\algae_bloom_5284.png,0
C:/Users/somal/OneDrive/Desktop/Capstone_Model/algae_bloom_dataset\train\algae_bloom_5285.png,1
C:/Users/somal/OneDrive/Desktop/Capstone_Model/algae_bloom_dataset\train\algae_bloom_5286.png,0
C:/Users/somal/OneDrive/Desktop/Capstone_Model/algae_bloom_dataset\train\algae_bloom_5287.png,0
C:/Users/somal/OneDrive/Desktop/Capstone_Model/algae_bloom_dataset\train\algae_bloom_5288.png,1
C:/Users/somal/OneDrive/Desktop/Capstone_Model/algae_bloom_dataset\train\algae_bloom_5289.png,1
C:/Users/somal/OneDrive/Desktop/Capstone_Model/algae_bloom_dataset\train\algae_bloom_529.png,0
C:/Users/somal/OneDrive/Desktop/Capstone_Model/algae_bloom_dataset\train\algae_bloom_5290.png,0
C:/Users/somal/OneDrive/Desktop/Capstone_Model/algae_bloom_dataset\train\algae_bloom_5291.png,0
C:/Users/somal/OneDrive/Desktop/Capstone_Model/algae_bloom_dataset\train\algae_bloom_5292.png,0
C:/Users/somal/OneDrive/Desktop/Capstone_Model/algae_bloom_dataset\train\algae_bloom_5293.png,0
C:/Users/somal/OneDrive/Desktop/Capstone_Model/algae_bloom_dataset\train\algae_bloom_5294.png,1
C:/Users/somal/OneDrive/Desktop/Capstone_Model/algae_bloom_dataset\train\algae_bloom_5295.png,0
C:/Users/somal/OneDrive/Desktop/Capstone_Model/algae_bloom_dataset\train\algae_bloom_5296.png,0
C:/Users/somal/OneDrive/Desktop/Capstone_Model/algae_bloom_dataset\train\algae_bloom_5297.png,0
C:/Users/somal/OneDrive/Desktop/Capstone_Model/algae_bloom_dataset\train\algae_bloom_5298.png,0
C:/Users/somal/OneDrive/Desktop/Capstone_Model/algae_bloom_dataset\train\algae_bloom_5299.png,1
C:/Users/somal/OneDrive/Desktop/Capstone_Model/algae_bloom_dataset\train\algae_bloom_53.png,1
C:/Users/somal/OneDrive/Desktop/Capstone_Model/algae_bloom_dataset\train\algae_bloom_530.png,1
C:/Users/somal/OneDrive/Desktop/Capstone_Model/algae_bloom_dataset\train\algae_bloom_5300.png,0
C:/Users/somal/OneDrive/Desktop/Capstone_Model/algae_bloom_dataset\train\algae_bloom_5301.png,1
C:/Users/somal/OneDrive/Desktop/Capstone_Model/algae_bloom_dataset\train\algae_bloom_5302.png,0
C:/Users/somal/OneDrive/Desktop/Capstone_Model/algae_bloom_dataset\train\algae_bloom_5303.png,0
C:/Users/somal/OneDrive/Desktop/Capstone_Model/algae_bloom_dataset\train\algae_bloom_5304.png,0
C:/Users/somal/OneDrive/Desktop/Capstone_Model/algae_bloom_dataset\train\algae_bloom_5305.png,0
C:/Users/somal/OneDrive/Desktop/Capstone_Model/algae_bloom_dataset\train\algae_bloom_5306.png,0
C:/Users/somal/OneDrive/Desktop/Capstone_Model/algae_bloom_dataset\train\algae_bloom_5307.png,0
C:/Users/somal/OneDrive/Desktop/Capstone_Model/algae_bloom_dataset\train\algae_bloom_5308.png,1
C:/Users/somal/OneDrive/Desktop/Capstone_Model/algae_bloom_dataset\train\algae_bloom_5309.png,0
C:/Users/somal/OneDrive/Desktop/Capstone_Model/algae_bloom_dataset\train\algae_bloom_531.png,1
C:/Users/somal/OneDrive/Desktop/Capstone_Model/algae_bloom_dataset\train\algae_bloom_5310.png,1
C:/Users/somal/OneDrive/Desktop/Capstone_Model/algae_bloom_dataset\train\algae_bloom_5311.png,0
C:/Users/somal/OneDrive/Desktop/Capstone_Model/algae_bloom_dataset\train\algae_bloom_5312.png,0
C:/Users/somal/OneDrive/Desktop/Capstone_Model/algae_bloom_dataset\train\algae_bloom_5313.png,0
C:/Users/somal/OneDrive/Desktop/Capstone_Model/algae_bloom_dataset\train\algae_bloom_5314.png,1
C:/Users/somal/OneDrive/Desktop/Capstone_Model/algae_bloom_dataset\train\algae_bloom_5315.png,0
C:/Users/somal/OneDrive/Desktop/Capstone_Model/algae_bloom_dataset\train\algae_bloom_5316.png,0
C:/Users/somal/OneDrive/Desktop/Capstone_Model/algae_bloom_dataset\train\algae_bloom_5317.png,1
C:/Users/somal/OneDrive/Desktop/Capstone_Model/algae_bloom_dataset\train\algae_bloom_5318.png,1
C:/Users/somal/OneDrive/Desktop/Capstone_Model/algae_bloom_dataset\train\algae_bloom_5319.png,0
C:/Users/somal/OneDrive/Desktop/Capstone_Model/algae_bloom_dataset\train\algae_bloom_532.png,0
C:/Users/somal/OneDrive/Desktop/Capstone_Model/algae_bloom_dataset\train\algae_bloom_5320.png,0
C:/Users/somal/OneDrive/Desktop/Capstone_Model/algae_bloom_dataset\train\algae_bloom_5321.png,0
C:/Users/somal/OneDrive/Desktop/Capstone_Model/algae_bloom_dataset\train\algae_bloom_5322.png,0
C:/Users/somal/OneDrive/Desktop/Capstone_Model/algae_bloom_dataset\train\algae_bloom_5323.png,0
C:/Users/somal/OneDrive/Desktop/Capstone_Model/algae_bloom_dataset\train\algae_bloom_5324.png,0
C:/Users/somal/OneDrive/Desktop/Capstone_Model/algae_bloom_dataset\train\algae_bloom_5325.png,0
C:/Users/somal/OneDrive/Desktop/Capstone_Model/algae_bloom_dataset\train\algae_bloom_5326.png,0
C:/Users/somal/OneDrive/Desktop/Capstone_Model/algae_bloom_dataset\train\algae_bloom_5327.png,0
C:/Users/somal/OneDrive/Desktop/Capstone_Model/algae_bloom_dataset\train\algae_bloom_5328.png,0
C:/Users/somal/OneDrive/Desktop/Capstone_Model/algae_bloom_dataset\train\algae_bloom_5329.png,0
C:/Users/somal/OneDrive/Desktop/Capstone_Model/algae_bloom_dataset\train\algae_bloom_533.png,0
C:/Users/somal/OneDrive/Desktop/Capstone_Model/algae_bloom_dataset\train\algae_bloom_5330.png,1
C:/Users/somal/OneDrive/Desktop/Capstone_Model/algae_bloom_dataset\train\algae_bloom_5331.png,1
C:/Users/somal/OneDrive/Desktop/Capstone_Model/algae_bloom_dataset\train\algae_bloom_5332.png,0
C:/Users/somal/OneDrive/Desktop/Capstone_Model/algae_bloom_dataset\train\algae_bloom_5333.png,0
C:/Users/somal/OneDrive/Desktop/Capstone_Model/algae_bloom_dataset\train\algae_bloom_5334.png,0
C:/Users/somal/OneDrive/Desktop/Capstone_Model/algae_bloom_dataset\train\algae_bloom_5335.png,0
C:/Users/somal/OneDrive/Desktop/Capstone_Model/algae_bloom_dataset\train\algae_bloom_5336.png,0
C:/Users/somal/OneDrive/Desktop/Capstone_Model/algae_bloom_dataset\train\algae_bloom_5337.png,0
C:/Users/somal/OneDrive/Desktop/Capstone_Model/algae_bloom_dataset\train\algae_bloom_5338.png,0
C:/Users/somal/OneDrive/Desktop/Capstone_Model/algae_bloom_dataset\train\algae_bloom_5339.png,0
C:/Users/somal/OneDrive/Desktop/Capstone_Model/algae_bloom_dataset\train\algae_bloom_534.png,1
C:/Users/somal/OneDrive/Desktop/Capstone_Model/algae_bloom_dataset\train\algae_bloom_5340.png,0
C:/Users/somal/OneDrive/Desktop/Capstone_Model/algae_bloom_dataset\train\algae_bloom_5341.png,1
C:/Users/somal/OneDrive/Desktop/Capstone_Model/algae_bloom_dataset\train\algae_bloom_5342.png,0
C:/Users/somal/OneDrive/Desktop/Capstone_Model/algae_bloom_dataset\train\algae_bloom_5343.png,0
C:/Users/somal/OneDrive/Desktop/Capstone_Model/algae_bloom_dataset\train\algae_bloom_5344.png,1
C:/Users/somal/OneDrive/Desktop/Capstone_Model/algae_bloom_dataset\train\algae_bloom_5345.png,0
C:/Users/somal/OneDrive/Desktop/Capstone_Model/algae_bloom_dataset\train\algae_bloom_5346.png,0
C:/Users/somal/OneDrive/Desktop/Capstone_Model/algae_bloom_dataset\train\algae_bloom_5347.png,0
C:/Users/somal/OneDrive/Desktop/Capstone_Model/algae_bloom_dataset\train\algae_bloom_5348.png,0
C:/Users/somal/OneDrive/Desktop/Capstone_Model/algae_bloom_dataset\train\algae_bloom_5349.png,0
C:/Users/somal/OneDrive/Desktop/Capstone_Model/algae_bloom_dataset\train\algae_bloom_535.png,0
C:/Users/somal/OneDrive/Desktop/Capstone_Model/algae_bloom_dataset\train\algae_bloom_5350.png,0
C:/Users/somal/OneDrive/Desktop/Capstone_Model/algae_bloom_dataset\train\algae_bloom_5351.png,1
C:/Users/somal/OneDrive/Desktop/Capstone_Model/algae_bloom_dataset\train\algae_bloom_5352.png,0
C:/Users/somal/OneDrive/Desktop/Capstone_Model/algae_bloom_dataset\train\algae_bloom_5353.png,0
C:/Users/somal/OneDrive/Desktop/Capstone_Model/algae_bloom_dataset\train\algae_bloom_5354.png,0
C:/Users/somal/OneDrive/Desktop/Capstone_Model/algae_bloom_dataset\train\algae_bloom_5355.png,0
C:/Users/somal/OneDrive/Desktop/Capstone_Model/algae_bloom_dataset\train\algae_bloom_5356.png,0
C:/Users/somal/OneDrive/Desktop/Capstone_Model/algae_bloom_dataset\train\algae_bloom_5357.png,1
C:/Users/somal/OneDrive/Desktop/Capstone_Model/algae_bloom_dataset\train\algae_bloom_5358.png,0
C:/Users/somal/OneDrive/Desktop/Capstone_Model/algae_bloom_dataset\train\algae_bloom_5359.png,0
C:/Users/somal/OneDrive/Desktop/Capstone_Model/algae_bloom_dataset\train\algae_bloom_536.png,0
C:/Users/somal/OneDrive/Desktop/Capstone_Model/algae_bloom_dataset\train\algae_bloom_5360.png,1
C:/Users/somal/OneDrive/Desktop/Capstone_Model/algae_bloom_dataset\train\algae_bloom_5361.png,0
C:/Users/somal/OneDrive/Desktop/Capstone_Model/algae_bloom_dataset\train\algae_bloom_5362.png,0
C:/Users/somal/OneDrive/Desktop/Capstone_Model/algae_bloom_dataset\train\algae_bloom_5363.png,0
C:/Users/somal/OneDrive/Desktop/Capstone_Model/algae_bloom_dataset\train\algae_bloom_5364.png,0
C:/Users/somal/OneDrive/Desktop/Capstone_Model/algae_bloom_dataset\train\algae_bloom_5365.png,1
C:/Users/somal/OneDrive/Desktop/Capstone_Model/algae_bloom_dataset\train\algae_bloom_5366.png,0
C:/Users/somal/OneDrive/Desktop/Capstone_Model/algae_bloom_dataset\train\algae_bloom_5367.png,0
C:/Users/somal/OneDrive/Desktop/Capstone_Model/algae_bloom_dataset\train\algae_bloom_5368.png,0
C:/Users/somal/OneDrive/Desktop/Capstone_Model/algae_bloom_dataset\train\algae_bloom_5369.png,0
C:/Users/somal/OneDrive/Desktop/Capstone_Model/algae_bloom_dataset\train\algae_bloom_537.png,0
C:/Users/somal/OneDrive/Desktop/Capstone_Model/algae_bloom_dataset\train\algae_bloom_5370.png,1
C:/Users/somal/OneDrive/Desktop/Capstone_Model/algae_bloom_dataset\train\algae_bloom_5371.png,1
C:/Users/somal/OneDrive/Desktop/Capstone_Model/algae_bloom_dataset\train\algae_bloom_5372.png,1
C:/Users/somal/OneDrive/Desktop/Capstone_Model/algae_bloom_dataset\train\algae_bloom_5373.png,1
C:/Users/somal/OneDrive/Desktop/Capstone_Model/algae_bloom_dataset\train\algae_bloom_5374.png,0
C:/Users/somal/OneDrive/Desktop/Capstone_Model/algae_bloom_dataset\train\algae_bloom_5375.png,0
C:/Users/somal/OneDrive/Desktop/Capstone_Model/algae_bloom_dataset\train\algae_bloom_5376.png,0
C:/Users/somal/OneDrive/Desktop/Capstone_Model/algae_bloom_dataset\train\algae_bloom_5377.png,0
C:/Users/somal/OneDrive/Desktop/Capstone_Model/algae_bloom_dataset\train\algae_bloom_5378.png,0
C:/Users/somal/OneDrive/Desktop/Capstone_Model/algae_bloom_dataset\train\algae_bloom_5379.png,0
C:/Users/somal/OneDrive/Desktop/Capstone_Model/algae_bloom_dataset\train\algae_bloom_538.png,0
C:/Users/somal/OneDrive/Desktop/Capstone_Model/algae_bloom_dataset\train\algae_bloom_5380.png,0
C:/Users/somal/OneDrive/Desktop/Capstone_Model/algae_bloom_dataset\train\algae_bloom_5381.png,0
C:/Users/somal/OneDrive/Desktop/Capstone_Model/algae_bloom_dataset\train\algae_bloom_5382.png,0
C:/Users/somal/OneDrive/Desktop/Capstone_Model/algae_bloom_dataset\train\algae_bloom_5383.png,0
C:/Users/somal/OneDrive/Desktop/Capstone_Model/algae_bloom_dataset\train\algae_bloom_5384.png,1
C:/Users/somal/OneDrive/Desktop/Capstone_Model/algae_bloom_dataset\train\algae_bloom_5385.png,0
C:/Users/somal/OneDrive/Desktop/Capstone_Model/algae_bloom_dataset\train\algae_bloom_5386.png,0
C:/Users/somal/OneDrive/Desktop/Capstone_Model/algae_bloom_dataset\train\algae_bloom_5387.png,0
C:/Users/somal/OneDrive/Desktop/Capstone_Model/algae_bloom_dataset\train\algae_bloom_5388.png,0
C:/Users/somal/OneDrive/Desktop/Capstone_Model/algae_bloom_dataset\train\algae_bloom_5389.png,0
C:/Users/somal/OneDrive/Desktop/Capstone_Model/algae_bloom_dataset\train\algae_bloom_539.png,0
C:/Users/somal/OneDrive/Desktop/Capstone_Model/algae_bloom_dataset\train\algae_bloom_5390.png,0
C:/Users/somal/OneDrive/Desktop/Capstone_Model/algae_bloom_dataset\train\algae_bloom_5391.png,0
C:/Users/somal/OneDrive/Desktop/Capstone_Model/algae_bloom_dataset\train\algae_bloom_5392.png,0
C:/Users/somal/OneDrive/Desktop/Capstone_Model/algae_bloom_dataset\train\algae_bloom_5393.png,1
C:/Users/somal/OneDrive/Desktop/Capstone_Model/algae_bloom_dataset\train\algae_bloom_5394.png,1
C:/Users/somal/OneDrive/Desktop/Capstone_Model/algae_bloom_dataset\train\algae_bloom_5395.png,0
C:/Users/somal/OneDrive/Desktop/Capstone_Model/algae_bloom_dataset\train\algae_bloom_5396.png,0
C:/Users/somal/OneDrive/Desktop/Capstone_Model/algae_bloom_dataset\train\algae_bloom_5397.png,0
C:/Users/somal/OneDrive/Desktop/Capstone_Model/algae_bloom_dataset\train\algae_bloom_5398.png,1
C:/Users/somal/OneDrive/Desktop/Capstone_Model/algae_bloom_dataset\train\algae_bloom_5399.png,0
C:/Users/somal/OneDrive/Desktop/Capstone_Model/algae_bloom_dataset\train\algae_bloom_54.png,0
C:/Users/somal/OneDrive/Desktop/Capstone_Model/algae_bloom_dataset\train\algae_bloom_540.png,0
C:/Users/somal/OneDrive/Desktop/Capstone_Model/algae_bloom_dataset\train\algae_bloom_5400.png,1
C:/Users/somal/OneDrive/Desktop/Capstone_Model/algae_bloom_dataset\train\algae_bloom_5401.png,0
C:/Users/somal/OneDrive/Desktop/Capstone_Model/algae_bloom_dataset\train\algae_bloom_5402.png,0
C:/Users/somal/OneDrive/Desktop/Capstone_Model/algae_bloom_dataset\train\algae_bloom_5403.png,0
C:/Users/somal/OneDrive/Desktop/Capstone_Model/algae_bloom_dataset\train\algae_bloom_5404.png,0
C:/Users/somal/OneDrive/Desktop/Capstone_Model/algae_bloom_dataset\train\algae_bloom_5405.png,0
C:/Users/somal/OneDrive/Desktop/Capstone_Model/algae_bloom_dataset\train\algae_bloom_5406.png,1
C:/Users/somal/OneDrive/Desktop/Capstone_Model/algae_bloom_dataset\train\algae_bloom_5407.png,0
C:/Users/somal/OneDrive/Desktop/Capstone_Model/algae_bloom_dataset\train\algae_bloom_5408.png,0
C:/Users/somal/OneDrive/Desktop/Capstone_Model/algae_bloom_dataset\train\algae_bloom_5409.png,0
C:/Users/somal/OneDrive/Desktop/Capstone_Model/algae_bloom_dataset\train\algae_bloom_541.png,0
C:/Users/somal/OneDrive/Desktop/Capstone_Model/algae_bloom_dataset\train\algae_bloom_5410.png,0
C:/Users/somal/OneDrive/Desktop/Capstone_Model/algae_bloom_dataset\train\algae_bloom_5411.png,0
C:/Users/somal/OneDrive/Desktop/Capstone_Model/algae_bloom_dataset\train\algae_bloom_5412.png,0
C:/Users/somal/OneDrive/Desktop/Capstone_Model/algae_bloom_dataset\train\algae_bloom_5413.png,0
C:/Users/somal/OneDrive/Desktop/Capstone_Model/algae_bloom_dataset\train\algae_bloom_5414.png,0
C:/Users/somal/OneDrive/Desktop/Capstone_Model/algae_bloom_dataset\train\algae_bloom_5415.png,0
C:/Users/somal/OneDrive/Desktop/Capstone_Model/algae_bloom_dataset\train\algae_bloom_5416.png,0
C:/Users/somal/OneDrive/Desktop/Capstone_Model/algae_bloom_dataset\train\algae_bloom_5417.png,0
C:/Users/somal/OneDrive/Desktop/Capstone_Model/algae_bloom_dataset\train\algae_bloom_5418.png,0
C:/Users/somal/OneDrive/Desktop/Capstone_Model/algae_bloom_dataset\train\algae_bloom_5419.png,0
C:/Users/somal/OneDrive/Desktop/Capstone_Model/algae_bloom_dataset\train\algae_bloom_542.png,1
C:/Users/somal/OneDrive/Desktop/Capstone_Model/algae_bloom_dataset\train\algae_bloom_5420.png,0
C:/Users/somal/OneDrive/Desktop/Capstone_Model/algae_bloom_dataset\train\algae_bloom_5421.png,0
C:/Users/somal/OneDrive/Desktop/Capstone_Model/algae_bloom_dataset\train\algae_bloom_5422.png,0
C:/Users/somal/OneDrive/Desktop/Capstone_Model/algae_bloom_dataset\train\algae_bloom_5423.png,0
C:/Users/somal/OneDrive/Desktop/Capstone_Model/algae_bloom_dataset\train\algae_bloom_5424.png,0
C:/Users/somal/OneDrive/Desktop/Capstone_Model/algae_bloom_dataset\train\algae_bloom_5425.png,1
C:/Users/somal/OneDrive/Desktop/Capstone_Model/algae_bloom_dataset\train\algae_bloom_5426.png,1
C:/Users/somal/OneDrive/Desktop/Capstone_Model/algae_bloom_dataset\train\algae_bloom_5427.png,1
C:/Users/somal/OneDrive/Desktop/Capstone_Model/algae_bloom_dataset\train\algae_bloom_5428.png,1
C:/Users/somal/OneDrive/Desktop/Capstone_Model/algae_bloom_dataset\train\algae_bloom_5429.png,0
C:/Users/somal/OneDrive/Desktop/Capstone_Model/algae_bloom_dataset\train\algae_bloom_543.png,0
C:/Users/somal/OneDrive/Desktop/Capstone_Model/algae_bloom_dataset\train\algae_bloom_5430.png,1
C:/Users/somal/OneDrive/Desktop/Capstone_Model/algae_bloom_dataset\train\algae_bloom_5431.png,1
C:/Users/somal/OneDrive/Desktop/Capstone_Model/algae_bloom_dataset\train\algae_bloom_5432.png,1
C:/Users/somal/OneDrive/Desktop/Capstone_Model/algae_bloom_dataset\train\algae_bloom_5433.png,1
C:/Users/somal/OneDrive/Desktop/Capstone_Model/algae_bloom_dataset\train\algae_bloom_5434.png,0
C:/Users/somal/OneDrive/Desktop/Capstone_Model/algae_bloom_dataset\train\algae_bloom_5435.png,1
C:/Users/somal/OneDrive/Desktop/Capstone_Model/algae_bloom_dataset\train\algae_bloom_5436.png,0
C:/Users/somal/OneDrive/Desktop/Capstone_Model/algae_bloom_dataset\train\algae_bloom_5437.png,0
C:/Users/somal/OneDrive/Desktop/Capstone_Model/algae_bloom_dataset\train\algae_bloom_5438.png,0
C:/Users/somal/OneDrive/Desktop/Capstone_Model/algae_bloom_dataset\train\algae_bloom_5439.png,0
C:/Users/somal/OneDrive/Desktop/Capstone_Model/algae_bloom_dataset\train\algae_bloom_544.png,0
C:/Users/somal/OneDrive/Desktop/Capstone_Model/algae_bloom_dataset\train\algae_bloom_5440.png,0
C:/Users/somal/OneDrive/Desktop/Capstone_Model/algae_bloom_dataset\train\algae_bloom_5441.png,0
C:/Users/somal/OneDrive/Desktop/Capstone_Model/algae_bloom_dataset\train\algae_bloom_5442.png,0
C:/Users/somal/OneDrive/Desktop/Capstone_Model/algae_bloom_dataset\train\algae_bloom_5443.png,0
C:/Users/somal/OneDrive/Desktop/Capstone_Model/algae_bloom_dataset\train\algae_bloom_5444.png,1
C:/Users/somal/OneDrive/Desktop/Capstone_Model/algae_bloom_dataset\train\algae_bloom_5445.png,0
C:/Users/somal/OneDrive/Desktop/Capstone_Model/algae_bloom_dataset\train\algae_bloom_5446.png,1
C:/Users/somal/OneDrive/Desktop/Capstone_Model/algae_bloom_dataset\train\algae_bloom_5447.png,0
C:/Users/somal/OneDrive/Desktop/Capstone_Model/algae_bloom_dataset\train\algae_bloom_5448.png,0
C:/Users/somal/OneDrive/Desktop/Capstone_Model/algae_bloom_dataset\train\algae_bloom_5449.png,0
C:/Users/somal/OneDrive/Desktop/Capstone_Model/algae_bloom_dataset\train\algae_bloom_545.png,0
C:/Users/somal/OneDrive/Desktop/Capstone_Model/algae_bloom_dataset\train\algae_bloom_5450.png,0
C:/Users/somal/OneDrive/Desktop/Capstone_Model/algae_bloom_dataset\train\algae_bloom_5451.png,1
C:/Users/somal/OneDrive/Desktop/Capstone_Model/algae_bloom_dataset\train\algae_bloom_5452.png,0
C:/Users/somal/OneDrive/Desktop/Capstone_Model/algae_bloom_dataset\train\algae_bloom_5453.png,0
C:/Users/somal/OneDrive/Desktop/Capstone_Model/algae_bloom_dataset\train\algae_bloom_5454.png,0
C:/Users/somal/OneDrive/Desktop/Capstone_Model/algae_bloom_dataset\train\algae_bloom_5455.png,1
C:/Users/somal/OneDrive/Desktop/Capstone_Model/algae_bloom_dataset\train\algae_bloom_5456.png,1
C:/Users/somal/OneDrive/Desktop/Capstone_Model/algae_bloom_dataset\train\algae_bloom_5457.png,0
C:/Users/somal/OneDrive/Desktop/Capstone_Model/algae_bloom_dataset\train\algae_bloom_5458.png,1
C:/Users/somal/OneDrive/Desktop/Capstone_Model/algae_bloom_dataset\train\algae_bloom_5459.png,0
C:/Users/somal/OneDrive/Desktop/Capstone_Model/algae_bloom_dataset\train\algae_bloom_546.png,0
C:/Users/somal/OneDrive/Desktop/Capstone_Model/algae_bloom_dataset\train\algae_bloom_5460.png,1
C:/Users/somal/OneDrive/Desktop/Capstone_Model/algae_bloom_dataset\train\algae_bloom_5461.png,1
C:/Users/somal/OneDrive/Desktop/Capstone_Model/algae_bloom_dataset\train\algae_bloom_5462.png,0
C:/Users/somal/OneDrive/Desktop/Capstone_Model/algae_bloom_dataset\train\algae_bloom_5463.png,0
C:/Users/somal/OneDrive/Desktop/Capstone_Model/algae_bloom_dataset\train\algae_bloom_5464.png,0
C:/Users/somal/OneDrive/Desktop/Capstone_Model/algae_bloom_dataset\train\algae_bloom_5465.png,0
C:/Users/somal/OneDrive/Desktop/Capstone_Model/algae_bloom_dataset\train\algae_bloom_5466.png,1
C:/Users/somal/OneDrive/Desktop/Capstone_Model/algae_bloom_dataset\train\algae_bloom_5467.png,0
C:/Users/somal/OneDrive/Desktop/Capstone_Model/algae_bloom_dataset\train\algae_bloom_5468.png,1
C:/Users/somal/OneDrive/Desktop/Capstone_Model/algae_bloom_dataset\train\algae_bloom_5469.png,0
C:/Users/somal/OneDrive/Desktop/Capstone_Model/algae_bloom_dataset\train\algae_bloom_547.png,0
C:/Users/somal/OneDrive/Desktop/Capstone_Model/algae_bloom_dataset\train\algae_bloom_5470.png,0
C:/Users/somal/OneDrive/Desktop/Capstone_Model/algae_bloom_dataset\train\algae_bloom_5471.png,1
C:/Users/somal/OneDrive/Desktop/Capstone_Model/algae_bloom_dataset\train\algae_bloom_5472.png,0
C:/Users/somal/OneDrive/Desktop/Capstone_Model/algae_bloom_dataset\train\algae_bloom_5473.png,0
C:/Users/somal/OneDrive/Desktop/Capstone_Model/algae_bloom_dataset\train\algae_bloom_5474.png,0
C:/Users/somal/OneDrive/Desktop/Capstone_Model/algae_bloom_dataset\train\algae_bloom_5475.png,0
C:/Users/somal/OneDrive/Desktop/Capstone_Model/algae_bloom_dataset\train\algae_bloom_5476.png,0
C:/Users/somal/OneDrive/Desktop/Capstone_Model/algae_bloom_dataset\train\algae_bloom_5477.png,0
C:/Users/somal/OneDrive/Desktop/Capstone_Model/algae_bloom_dataset\train\algae_bloom_5478.png,0
C:/Users/somal/OneDrive/Desktop/Capstone_Model/algae_bloom_dataset\train\algae_bloom_5479.png,0
C:/Users/somal/OneDrive/Desktop/Capstone_Model/algae_bloom_dataset\train\algae_bloom_548.png,0
C:/Users/somal/OneDrive/Desktop/Capstone_Model/algae_bloom_dataset\train\algae_bloom_5480.png,1
C:/Users/somal/OneDrive/Desktop/Capstone_Model/algae_bloom_dataset\train\algae_bloom_5481.png,0
C:/Users/somal/OneDrive/Desktop/Capstone_Model/algae_bloom_dataset\train\algae_bloom_5482.png,1
C:/Users/somal/OneDrive/Desktop/Capstone_Model/algae_bloom_dataset\train\algae_bloom_5483.png,0
C:/Users/somal/OneDrive/Desktop/Capstone_Model/algae_bloom_dataset\train\algae_bloom_5484.png,0
C:/Users/somal/OneDrive/Desktop/Capstone_Model/algae_bloom_dataset\train\algae_bloom_5485.png,1
C:/Users/somal/OneDrive/Desktop/Capstone_Model/algae_bloom_dataset\train\algae_bloom_5486.png,1
C:/Users/somal/OneDrive/Desktop/Capstone_Model/algae_bloom_dataset\train\algae_bloom_5487.png,1
C:/Users/somal/OneDrive/Desktop/Capstone_Model/algae_bloom_dataset\train\algae_bloom_5488.png,0
C:/Users/somal/OneDrive/Desktop/Capstone_Model/algae_bloom_dataset\train\algae_bloom_5489.png,1
C:/Users/somal/OneDrive/Desktop/Capstone_Model/algae_bloom_dataset\train\algae_bloom_549.png,0
C:/Users/somal/OneDrive/Desktop/Capstone_Model/algae_bloom_dataset\train\algae_bloom_5490.png,1
C:/Users/somal/OneDrive/Desktop/Capstone_Model/algae_bloom_dataset\train\algae_bloom_5491.png,1
C:/Users/somal/OneDrive/Desktop/Capstone_Model/algae_bloom_dataset\train\algae_bloom_5492.png,1
C:/Users/somal/OneDrive/Desktop/Capstone_Model/algae_bloom_dataset\train\algae_bloom_5493.png,0
C:/Users/somal/OneDrive/Desktop/Capstone_Model/algae_bloom_dataset\train\algae_bloom_5494.png,0
C:/Users/somal/OneDrive/Desktop/Capstone_Model/algae_bloom_dataset\train\algae_bloom_5495.png,1
C:/Users/somal/OneDrive/Desktop/Capstone_Model/algae_bloom_dataset\train\algae_bloom_5496.png,0
C:/Users/somal/OneDrive/Desktop/Capstone_Model/algae_bloom_dataset\train\algae_bloom_5497.png,0
C:/Users/somal/OneDrive/Desktop/Capstone_Model/algae_bloom_dataset\train\algae_bloom_5498.png,0
C:/Users/somal/OneDrive/Desktop/Capstone_Model/algae_bloom_dataset\train\algae_bloom_5499.png,0
C:/Users/somal/OneDrive/Desktop/Capstone_Model/algae_bloom_dataset\train\algae_bloom_55.png,1
C:/Users/somal/OneDrive/Desktop/Capstone_Model/algae_bloom_dataset\train\algae_bloom_550.png,1
C:/Users/somal/OneDrive/Desktop/Capstone_Model/algae_bloom_dataset\train\algae_bloom_5500.png,0
C:/Users/somal/OneDrive/Desktop/Capstone_Model/algae_bloom_dataset\train\algae_bloom_5501.png,0
C:/Users/somal/OneDrive/Desktop/Capstone_Model/algae_bloom_dataset\train\algae_bloom_5502.png,0
C:/Users/somal/OneDrive/Desktop/Capstone_Model/algae_bloom_dataset\train\algae_bloom_5503.png,0
C:/Users/somal/OneDrive/Desktop/Capstone_Model/algae_bloom_dataset\train\algae_bloom_5504.png,1
C:/Users/somal/OneDrive/Desktop/Capstone_Model/algae_bloom_dataset\train\algae_bloom_5505.png,1
C:/Users/somal/OneDrive/Desktop/Capstone_Model/algae_bloom_dataset\train\algae_bloom_5506.png,0
C:/Users/somal/OneDrive/Desktop/Capstone_Model/algae_bloom_dataset\train\algae_bloom_5507.png,1
C:/Users/somal/OneDrive/Desktop/Capstone_Model/algae_bloom_dataset\train\algae_bloom_5508.png,0
C:/Users/somal/OneDrive/Desktop/Capstone_Model/algae_bloom_dataset\train\algae_bloom_5509.png,0
C:/Users/somal/OneDrive/Desktop/Capstone_Model/algae_bloom_dataset\train\algae_bloom_551.png,1
C:/Users/somal/OneDrive/Desktop/Capstone_Model/algae_bloom_dataset\train\algae_bloom_5510.png,1
C:/Users/somal/OneDrive/Desktop/Capstone_Model/algae_bloom_dataset\train\algae_bloom_5511.png,1
C:/Users/somal/OneDrive/Desktop/Capstone_Model/algae_bloom_dataset\train\algae_bloom_5512.png,0
C:/Users/somal/OneDrive/Desktop/Capstone_Model/algae_bloom_dataset\train\algae_bloom_5513.png,0
C:/Users/somal/OneDrive/Desktop/Capstone_Model/algae_bloom_dataset\train\algae_bloom_5514.png,0
C:/Users/somal/OneDrive/Desktop/Capstone_Model/algae_bloom_dataset\train\algae_bloom_5515.png,1
C:/Users/somal/OneDrive/Desktop/Capstone_Model/algae_bloom_dataset\train\algae_bloom_5516.png,1
C:/Users/somal/OneDrive/Desktop/Capstone_Model/algae_bloom_dataset\train\algae_bloom_5517.png,1
C:/Users/somal/OneDrive/Desktop/Capstone_Model/algae_bloom_dataset\train\algae_bloom_5518.png,0
C:/Users/somal/OneDrive/Desktop/Capstone_Model/algae_bloom_dataset\train\algae_bloom_5519.png,0
C:/Users/somal/OneDrive/Desktop/Capstone_Model/algae_bloom_dataset\train\algae_bloom_552.png,0
C:/Users/somal/OneDrive/Desktop/Capstone_Model/algae_bloom_dataset\train\algae_bloom_5520.png,1
C:/Users/somal/OneDrive/Desktop/Capstone_Model/algae_bloom_dataset\train\algae_bloom_5521.png,1
C:/Users/somal/OneDrive/Desktop/Capstone_Model/algae_bloom_dataset\train\algae_bloom_5522.png,0
C:/Users/somal/OneDrive/Desktop/Capstone_Model/algae_bloom_dataset\train\algae_bloom_5523.png,1
C:/Users/somal/OneDrive/Desktop/Capstone_Model/algae_bloom_dataset\train\algae_bloom_5524.png,0
C:/Users/somal/OneDrive/Desktop/Capstone_Model/algae_bloom_dataset\train\algae_bloom_5525.png,0
C:/Users/somal/OneDrive/Desktop/Capstone_Model/algae_bloom_dataset\train\algae_bloom_5526.png,1
C:/Users/somal/OneDrive/Desktop/Capstone_Model/algae_bloom_dataset\train\algae_bloom_5527.png,0
C:/Users/somal/OneDrive/Desktop/Capstone_Model/algae_bloom_dataset\train\algae_bloom_5528.png,0
C:/Users/somal/OneDrive/Desktop/Capstone_Model/algae_bloom_dataset\train\algae_bloom_5529.png,0
C:/Users/somal/OneDrive/Desktop/Capstone_Model/algae_bloom_dataset\train\algae_bloom_553.png,0
C:/Users/somal/OneDrive/Desktop/Capstone_Model/algae_bloom_dataset\train\algae_bloom_5530.png,0
C:/Users/somal/OneDrive/Desktop/Capstone_Model/algae_bloom_dataset\train\algae_bloom_5531.png,0
C:/Users/somal/OneDrive/Desktop/Capstone_Model/algae_bloom_dataset\train\algae_bloom_5532.png,0
C:/Users/somal/OneDrive/Desktop/Capstone_Model/algae_bloom_dataset\train\algae_bloom_5533.png,0
C:/Users/somal/OneDrive/Desktop/Capstone_Model/algae_bloom_dataset\train\algae_bloom_5534.png,0
C:/Users/somal/OneDrive/Desktop/Capstone_Model/algae_bloom_dataset\train\algae_bloom_5535.png,1
C:/Users/somal/OneDrive/Desktop/Capstone_Model/algae_bloom_dataset\train\algae_bloom_5536.png,1
C:/Users/somal/OneDrive/Desktop/Capstone_Model/algae_bloom_dataset\train\algae_bloom_5537.png,0
C:/Users/somal/OneDrive/Desktop/Capstone_Model/algae_bloom_dataset\train\algae_bloom_5538.png,0
C:/Users/somal/OneDrive/Desktop/Capstone_Model/algae_bloom_dataset\train\algae_bloom_5539.png,0
C:/Users/somal/OneDrive/Desktop/Capstone_Model/algae_bloom_dataset\train\algae_bloom_554.png,1
C:/Users/somal/OneDrive/Desktop/Capstone_Model/algae_bloom_dataset\train\algae_bloom_5540.png,1
C:/Users/somal/OneDrive/Desktop/Capstone_Model/algae_bloom_dataset\train\algae_bloom_5541.png,0
C:/Users/somal/OneDrive/Desktop/Capstone_Model/algae_bloom_dataset\train\algae_bloom_5542.png,0
C:/Users/somal/OneDrive/Desktop/Capstone_Model/algae_bloom_dataset\train\algae_bloom_5543.png,0
C:/Users/somal/OneDrive/Desktop/Capstone_Model/algae_bloom_dataset\train\algae_bloom_5544.png,1
C:/Users/somal/OneDrive/Desktop/Capstone_Model/algae_bloom_dataset\train\algae_bloom_5545.png,0
C:/Users/somal/OneDrive/Desktop/Capstone_Model/algae_bloom_dataset\train\algae_bloom_5546.png,1
C:/Users/somal/OneDrive/Desktop/Capstone_Model/algae_bloom_dataset\train\algae_bloom_5547.png,0
C:/Users/somal/OneDrive/Desktop/Capstone_Model/algae_bloom_dataset\train\algae_bloom_5548.png,0
C:/Users/somal/OneDrive/Desktop/Capstone_Model/algae_bloom_dataset\train\algae_bloom_5549.png,1
C:/Users/somal/OneDrive/Desktop/Capstone_Model/algae_bloom_dataset\train\algae_bloom_555.png,0
C:/Users/somal/OneDrive/Desktop/Capstone_Model/algae_bloom_dataset\train\algae_bloom_5550.png,1
C:/Users/somal/OneDrive/Desktop/Capstone_Model/algae_bloom_dataset\train\algae_bloom_5551.png,1
C:/Users/somal/OneDrive/Desktop/Capstone_Model/algae_bloom_dataset\train\algae_bloom_5552.png,0
C:/Users/somal/OneDrive/Desktop/Capstone_Model/algae_bloom_dataset\train\algae_bloom_5553.png,0
C:/Users/somal/OneDrive/Desktop/Capstone_Model/algae_bloom_dataset\train\algae_bloom_5554.png,0
C:/Users/somal/OneDrive/Desktop/Capstone_Model/algae_bloom_dataset\train\algae_bloom_5555.png,0
C:/Users/somal/OneDrive/Desktop/Capstone_Model/algae_bloom_dataset\train\algae_bloom_5556.png,1
C:/Users/somal/OneDrive/Desktop/Capstone_Model/algae_bloom_dataset\train\algae_bloom_5557.png,1
C:/Users/somal/OneDrive/Desktop/Capstone_Model/algae_bloom_dataset\train\algae_bloom_5558.png,1
C:/Users/somal/OneDrive/Desktop/Capstone_Model/algae_bloom_dataset\train\algae_bloom_5559.png,0
C:/Users/somal/OneDrive/Desktop/Capstone_Model/algae_bloom_dataset\train\algae_bloom_556.png,0
C:/Users/somal/OneDrive/Desktop/Capstone_Model/algae_bloom_dataset\train\algae_bloom_5560.png,1
C:/Users/somal/OneDrive/Desktop/Capstone_Model/algae_bloom_dataset\train\algae_bloom_5561.png,0
C:/Users/somal/OneDrive/Desktop/Capstone_Model/algae_bloom_dataset\train\algae_bloom_5562.png,1
C:/Users/somal/OneDrive/Desktop/Capstone_Model/algae_bloom_dataset\train\algae_bloom_5563.png,1
C:/Users/somal/OneDrive/Desktop/Capstone_Model/algae_bloom_dataset\train\algae_bloom_5564.png,0
C:/Users/somal/OneDrive/Desktop/Capstone_Model/algae_bloom_dataset\train\algae_bloom_5565.png,0
C:/Users/somal/OneDrive/Desktop/Capstone_Model/algae_bloom_dataset\train\algae_bloom_5566.png,0
C:/Users/somal/OneDrive/Desktop/Capstone_Model/algae_bloom_dataset\train\algae_bloom_5567.png,0
C:/Users/somal/OneDrive/Desktop/Capstone_Model/algae_bloom_dataset\train\algae_bloom_5568.png,0
C:/Users/somal/OneDrive/Desktop/Capstone_Model/algae_bloom_dataset\train\algae_bloom_5569.png,1
C:/Users/somal/OneDrive/Desktop/Capstone_Model/algae_bloom_dataset\train\algae_bloom_557.png,0
C:/Users/somal/OneDrive/Desktop/Capstone_Model/algae_bloom_dataset\train\algae_bloom_5570.png,0
C:/Users/somal/OneDrive/Desktop/Capstone_Model/algae_bloom_dataset\train\algae_bloom_5571.png,0
C:/Users/somal/OneDrive/Desktop/Capstone_Model/algae_bloom_dataset\train\algae_bloom_5572.png,0
C:/Users/somal/OneDrive/Desktop/Capstone_Model/algae_bloom_dataset\train\algae_bloom_5573.png,1
C:/Users/somal/OneDrive/Desktop/Capstone_Model/algae_bloom_dataset\train\algae_bloom_5574.png,1
C:/Users/somal/OneDrive/Desktop/Capstone_Model/algae_bloom_dataset\train\algae_bloom_5575.png,0
C:/Users/somal/OneDrive/Desktop/Capstone_Model/algae_bloom_dataset\train\algae_bloom_5576.png,0
C:/Users/somal/OneDrive/Desktop/Capstone_Model/algae_bloom_dataset\train\algae_bloom_5577.png,1
C:/Users/somal/OneDrive/Desktop/Capstone_Model/algae_bloom_dataset\train\algae_bloom_5578.png,0
C:/Users/somal/OneDrive/Desktop/Capstone_Model/algae_bloom_dataset\train\algae_bloom_5579.png,0
C:/Users/somal/OneDrive/Desktop/Capstone_Model/algae_bloom_dataset\train\algae_bloom_558.png,1
C:/Users/somal/OneDrive/Desktop/Capstone_Model/algae_bloom_dataset\train\algae_bloom_5580.png,0
C:/Users/somal/OneDrive/Desktop/Capstone_Model/algae_bloom_dataset\train\algae_bloom_5581.png,0
C:/Users/somal/OneDrive/Desktop/Capstone_Model/algae_bloom_dataset\train\algae_bloom_5582.png,0
C:/Users/somal/OneDrive/Desktop/Capstone_Model/algae_bloom_dataset\train\algae_bloom_5583.png,0
C:/Users/somal/OneDrive/Desktop/Capstone_Model/algae_bloom_dataset\train\algae_bloom_5584.png,0
C:/Users/somal/OneDrive/Desktop/Capstone_Model/algae_bloom_dataset\train\algae_bloom_5585.png,0
C:/Users/somal/OneDrive/Desktop/Capstone_Model/algae_bloom_dataset\train\algae_bloom_5586.png,0
C:/Users/somal/OneDrive/Desktop/Capstone_Model/algae_bloom_dataset\train\algae_bloom_5587.png,1
C:/Users/somal/OneDrive/Desktop/Capstone_Model/algae_bloom_dataset\train\algae_bloom_5588.png,0
C:/Users/somal/OneDrive/Desktop/Capstone_Model/algae_bloom_dataset\train\algae_bloom_5589.png,0
C:/Users/somal/OneDrive/Desktop/Capstone_Model/algae_bloom_dataset\train\algae_bloom_559.png,0
C:/Users/somal/OneDrive/Desktop/Capstone_Model/algae_bloom_dataset\train\algae_bloom_5590.png,0
C:/Users/somal/OneDrive/Desktop/Capstone_Model/algae_bloom_dataset\train\algae_bloom_5591.png,0
C:/Users/somal/OneDrive/Desktop/Capstone_Model/algae_bloom_dataset\train\algae_bloom_5592.png,0
C:/Users/somal/OneDrive/Desktop/Capstone_Model/algae_bloom_dataset\train\algae_bloom_5593.png,0
C:/Users/somal/OneDrive/Desktop/Capstone_Model/algae_bloom_dataset\train\algae_bloom_5594.png,0
C:/Users/somal/OneDrive/Desktop/Capstone_Model/algae_bloom_dataset\train\algae_bloom_5595.png,1
C:/Users/somal/OneDrive/Desktop/Capstone_Model/algae_bloom_dataset\train\algae_bloom_5596.png,1
C:/Users/somal/OneDrive/Desktop/Capstone_Model/algae_bloom_dataset\train\algae_bloom_5597.png,1
C:/Users/somal/OneDrive/Desktop/Capstone_Model/algae_bloom_dataset\train\algae_bloom_5598.png,0
C:/Users/somal/OneDrive/Desktop/Capstone_Model/algae_bloom_dataset\train\algae_bloom_5599.png,1
C:/Users/somal/OneDrive/Desktop/Capstone_Model/algae_bloom_dataset\train\algae_bloom_56.png,0
C:/Users/somal/OneDrive/Desktop/Capstone_Model/algae_bloom_dataset\train\algae_bloom_560.png,0
C:/Users/somal/OneDrive/Desktop/Capstone_Model/algae_bloom_dataset\train\algae_bloom_5600.png,0
C:/Users/somal/OneDrive/Desktop/Capstone_Model/algae_bloom_dataset\train\algae_bloom_5601.png,0
C:/Users/somal/OneDrive/Desktop/Capstone_Model/algae_bloom_dataset\train\algae_bloom_5602.png,0
C:/Users/somal/OneDrive/Desktop/Capstone_Model/algae_bloom_dataset\train\algae_bloom_5603.png,0
C:/Users/somal/OneDrive/Desktop/Capstone_Model/algae_bloom_dataset\train\algae_bloom_5604.png,0
C:/Users/somal/OneDrive/Desktop/Capstone_Model/algae_bloom_dataset\train\algae_bloom_5605.png,0
C:/Users/somal/OneDrive/Desktop/Capstone_Model/algae_bloom_dataset\train\algae_bloom_5606.png,1
C:/Users/somal/OneDrive/Desktop/Capstone_Model/algae_bloom_dataset\train\algae_bloom_5607.png,0
C:/Users/somal/OneDrive/Desktop/Capstone_Model/algae_bloom_dataset\train\algae_bloom_5608.png,0
C:/Users/somal/OneDrive/Desktop/Capstone_Model/algae_bloom_dataset\train\algae_bloom_5609.png,1
C:/Users/somal/OneDrive/Desktop/Capstone_Model/algae_bloom_dataset\train\algae_bloom_561.png,0
C:/Users/somal/OneDrive/Desktop/Capstone_Model/algae_bloom_dataset\train\algae_bloom_5610.png,0
C:/Users/somal/OneDrive/Desktop/Capstone_Model/algae_bloom_dataset\train\algae_bloom_5611.png,0
C:/Users/somal/OneDrive/Desktop/Capstone_Model/algae_bloom_dataset\train\algae_bloom_5612.png,0
C:/Users/somal/OneDrive/Desktop/Capstone_Model/algae_bloom_dataset\train\algae_bloom_5613.png,1
C:/Users/somal/OneDrive/Desktop/Capstone_Model/algae_bloom_dataset\train\algae_bloom_5614.png,0
C:/Users/somal/OneDrive/Desktop/Capstone_Model/algae_bloom_dataset\train\algae_bloom_5615.png,0
C:/Users/somal/OneDrive/Desktop/Capstone_Model/algae_bloom_dataset\train\algae_bloom_5616.png,0
C:/Users/somal/OneDrive/Desktop/Capstone_Model/algae_bloom_dataset\train\algae_bloom_5617.png,1
C:/Users/somal/OneDrive/Desktop/Capstone_Model/algae_bloom_dataset\train\algae_bloom_5618.png,0
C:/Users/somal/OneDrive/Desktop/Capstone_Model/algae_bloom_dataset\train\algae_bloom_5619.png,0
C:/Users/somal/OneDrive/Desktop/Capstone_Model/algae_bloom_dataset\train\algae_bloom_562.png,0
C:/Users/somal/OneDrive/Desktop/Capstone_Model/algae_bloom_dataset\train\algae_bloom_5620.png,0
C:/Users/somal/OneDrive/Desktop/Capstone_Model/algae_bloom_dataset\train\algae_bloom_5621.png,0
C:/Users/somal/OneDrive/Desktop/Capstone_Model/algae_bloom_dataset\train\algae_bloom_5622.png,0
C:/Users/somal/OneDrive/Desktop/Capstone_Model/algae_bloom_dataset\train\algae_bloom_5623.png,0
C:/Users/somal/OneDrive/Desktop/Capstone_Model/algae_bloom_dataset\train\algae_bloom_5624.png,1
C:/Users/somal/OneDrive/Desktop/Capstone_Model/algae_bloom_dataset\train\algae_bloom_5625.png,0
C:/Users/somal/OneDrive/Desktop/Capstone_Model/algae_bloom_dataset\train\algae_bloom_5626.png,0
C:/Users/somal/OneDrive/Desktop/Capstone_Model/algae_bloom_dataset\train\algae_bloom_5627.png,1
C:/Users/somal/OneDrive/Desktop/Capstone_Model/algae_bloom_dataset\train\algae_bloom_5628.png,0
C:/Users/somal/OneDrive/Desktop/Capstone_Model/algae_bloom_dataset\train\algae_bloom_5629.png,0
C:/Users/somal/OneDrive/Desktop/Capstone_Model/algae_bloom_dataset\train\algae_bloom_563.png,1
C:/Users/somal/OneDrive/Desktop/Capstone_Model/algae_bloom_dataset\train\algae_bloom_5630.png,0
C:/Users/somal/OneDrive/Desktop/Capstone_Model/algae_bloom_dataset\train\algae_bloom_5631.png,1
C:/Users/somal/OneDrive/Desktop/Capstone_Model/algae_bloom_dataset\train\algae_bloom_5632.png,1
C:/Users/somal/OneDrive/Desktop/Capstone_Model/algae_bloom_dataset\train\algae_bloom_5633.png,1
C:/Users/somal/OneDrive/Desktop/Capstone_Model/algae_bloom_dataset\train\algae_bloom_5634.png,0
C:/Users/somal/OneDrive/Desktop/Capstone_Model/algae_bloom_dataset\train\algae_bloom_5635.png,1
C:/Users/somal/OneDrive/Desktop/Capstone_Model/algae_bloom_dataset\train\algae_bloom_5636.png,0
C:/Users/somal/OneDrive/Desktop/Capstone_Model/algae_bloom_dataset\train\algae_bloom_5637.png,0
C:/Users/somal/OneDrive/Desktop/Capstone_Model/algae_bloom_dataset\train\algae_bloom_5638.png,0
C:/Users/somal/OneDrive/Desktop/Capstone_Model/algae_bloom_dataset\train\algae_bloom_5639.png,1
C:/Users/somal/OneDrive/Desktop/Capstone_Model/algae_bloom_dataset\train\algae_bloom_564.png,0
C:/Users/somal/OneDrive/Desktop/Capstone_Model/algae_bloom_dataset\train\algae_bloom_5640.png,0
C:/Users/somal/OneDrive/Desktop/Capstone_Model/algae_bloom_dataset\train\algae_bloom_5641.png,1
C:/Users/somal/OneDrive/Desktop/Capstone_Model/algae_bloom_dataset\train\algae_bloom_5642.png,0
C:/Users/somal/OneDrive/Desktop/Capstone_Model/algae_bloom_dataset\train\algae_bloom_5643.png,0
C:/Users/somal/OneDrive/Desktop/Capstone_Model/algae_bloom_dataset\train\algae_bloom_5644.png,0
C:/Users/somal/OneDrive/Desktop/Capstone_Model/algae_bloom_dataset\train\algae_bloom_5645.png,1
C:/Users/somal/OneDrive/Desktop/Capstone_Model/algae_bloom_dataset\train\algae_bloom_5646.png,1
C:/Users/somal/OneDrive/Desktop/Capstone_Model/algae_bloom_dataset\train\algae_bloom_5647.png,0
C:/Users/somal/OneDrive/Desktop/Capstone_Model/algae_bloom_dataset\train\algae_bloom_5648.png,0
C:/Users/somal/OneDrive/Desktop/Capstone_Model/algae_bloom_dataset\train\algae_bloom_5649.png,0
C:/Users/somal/OneDrive/Desktop/Capstone_Model/algae_bloom_dataset\train\algae_bloom_565.png,0
C:/Users/somal/OneDrive/Desktop/Capstone_Model/algae_bloom_dataset\train\algae_bloom_5650.png,1
C:/Users/somal/OneDrive/Desktop/Capstone_Model/algae_bloom_dataset\train\algae_bloom_5651.png,1
C:/Users/somal/OneDrive/Desktop/Capstone_Model/algae_bloom_dataset\train\algae_bloom_5652.png,0
C:/Users/somal/OneDrive/Desktop/Capstone_Model/algae_bloom_dataset\train\algae_bloom_5653.png,1
C:/Users/somal/OneDrive/Desktop/Capstone_Model/algae_bloom_dataset\train\algae_bloom_5654.png,0
C:/Users/somal/OneDrive/Desktop/Capstone_Model/algae_bloom_dataset\train\algae_bloom_5655.png,0
C:/Users/somal/OneDrive/Desktop/Capstone_Model/algae_bloom_dataset\train\algae_bloom_5656.png,1
C:/Users/somal/OneDrive/Desktop/Capstone_Model/algae_bloom_dataset\train\algae_bloom_5657.png,0
C:/Users/somal/OneDrive/Desktop/Capstone_Model/algae_bloom_dataset\train\algae_bloom_5658.png,0
C:/Users/somal/OneDrive/Desktop/Capstone_Model/algae_bloom_dataset\train\algae_bloom_5659.png,0
C:/Users/somal/OneDrive/Desktop/Capstone_Model/algae_bloom_dataset\train\algae_bloom_566.png,0
C:/Users/somal/OneDrive/Desktop/Capstone_Model/algae_bloom_dataset\train\algae_bloom_5660.png,0
C:/Users/somal/OneDrive/Desktop/Capstone_Model/algae_bloom_dataset\train\algae_bloom_5661.png,1
C:/Users/somal/OneDrive/Desktop/Capstone_Model/algae_bloom_dataset\train\algae_bloom_5662.png,0
C:/Users/somal/OneDrive/Desktop/Capstone_Model/algae_bloom_dataset\train\algae_bloom_5663.png,0
C:/Users/somal/OneDrive/Desktop/Capstone_Model/algae_bloom_dataset\train\algae_bloom_5664.png,0
C:/Users/somal/OneDrive/Desktop/Capstone_Model/algae_bloom_dataset\train\algae_bloom_5665.png,0
C:/Users/somal/OneDrive/Desktop/Capstone_Model/algae_bloom_dataset\train\algae_bloom_5666.png,0
C:/Users/somal/OneDrive/Desktop/Capstone_Model/algae_bloom_dataset\train\algae_bloom_5667.png,0
C:/Users/somal/OneDrive/Desktop/Capstone_Model/algae_bloom_dataset\train\algae_bloom_5668.png,1
C:/Users/somal/OneDrive/Desktop/Capstone_Model/algae_bloom_dataset\train\algae_bloom_5669.png,1
C:/Users/somal/OneDrive/Desktop/Capstone_Model/algae_bloom_dataset\train\algae_bloom_567.png,1
C:/Users/somal/OneDrive/Desktop/Capstone_Model/algae_bloom_dataset\train\algae_bloom_5670.png,1
C:/Users/somal/OneDrive/Desktop/Capstone_Model/algae_bloom_dataset\train\algae_bloom_5671.png,1
C:/Users/somal/OneDrive/Desktop/Capstone_Model/algae_bloom_dataset\train\algae_bloom_5672.png,0
C:/Users/somal/OneDrive/Desktop/Capstone_Model/algae_bloom_dataset\train\algae_bloom_5673.png,0
C:/Users/somal/OneDrive/Desktop/Capstone_Model/algae_bloom_dataset\train\algae_bloom_5674.png,0
C:/Users/somal/OneDrive/Desktop/Capstone_Model/algae_bloom_dataset\train\algae_bloom_5675.png,0
C:/Users/somal/OneDrive/Desktop/Capstone_Model/algae_bloom_dataset\train\algae_bloom_5676.png,0
C:/Users/somal/OneDrive/Desktop/Capstone_Model/algae_bloom_dataset\train\algae_bloom_5677.png,0
C:/Users/somal/OneDrive/Desktop/Capstone_Model/algae_bloom_dataset\train\algae_bloom_5678.png,0
C:/Users/somal/OneDrive/Desktop/Capstone_Model/algae_bloom_dataset\train\algae_bloom_5679.png,0
C:/Users/somal/OneDrive/Desktop/Capstone_Model/algae_bloom_dataset\train\algae_bloom_568.png,0
C:/Users/somal/OneDrive/Desktop/Capstone_Model/algae_bloom_dataset\train\algae_bloom_5680.png,0
C:/Users/somal/OneDrive/Desktop/Capstone_Model/algae_bloom_dataset\train\algae_bloom_5681.png,0
C:/Users/somal/OneDrive/Desktop/Capstone_Model/algae_bloom_dataset\train\algae_bloom_5682.png,0
C:/Users/somal/OneDrive/Desktop/Capstone_Model/algae_bloom_dataset\train\algae_bloom_5683.png,0
C:/Users/somal/OneDrive/Desktop/Capstone_Model/algae_bloom_dataset\train\algae_bloom_5684.png,0
C:/Users/somal/OneDrive/Desktop/Capstone_Model/algae_bloom_dataset\train\algae_bloom_5685.png,0
C:/Users/somal/OneDrive/Desktop/Capstone_Model/algae_bloom_dataset\train\algae_bloom_5686.png,1
C:/Users/somal/OneDrive/Desktop/Capstone_Model/algae_bloom_dataset\train\algae_bloom_5687.png,0
C:/Users/somal/OneDrive/Desktop/Capstone_Model/algae_bloom_dataset\train\algae_bloom_5688.png,0
C:/Users/somal/OneDrive/Desktop/Capstone_Model/algae_bloom_dataset\train\algae_bloom_5689.png,1
C:/Users/somal/OneDrive/Desktop/Capstone_Model/algae_bloom_dataset\train\algae_bloom_569.png,0
C:/Users/somal/OneDrive/Desktop/Capstone_Model/algae_bloom_dataset\train\algae_bloom_5690.png,0
C:/Users/somal/OneDrive/Desktop/Capstone_Model/algae_bloom_dataset\train\algae_bloom_5691.png,0
C:/Users/somal/OneDrive/Desktop/Capstone_Model/algae_bloom_dataset\train\algae_bloom_5692.png,0
C:/Users/somal/OneDrive/Desktop/Capstone_Model/algae_bloom_dataset\train\algae_bloom_5693.png,0
C:/Users/somal/OneDrive/Desktop/Capstone_Model/algae_bloom_dataset\train\algae_bloom_5694.png,0
C:/Users/somal/OneDrive/Desktop/Capstone_Model/algae_bloom_dataset\train\algae_bloom_5695.png,0
C:/Users/somal/OneDrive/Desktop/Capstone_Model/algae_bloom_dataset\train\algae_bloom_5696.png,0
C:/Users/somal/OneDrive/Desktop/Capstone_Model/algae_bloom_dataset\train\algae_bloom_5697.png,1
C:/Users/somal/OneDrive/Desktop/Capstone_Model/algae_bloom_dataset\train\algae_bloom_5698.png,1
C:/Users/somal/OneDrive/Desktop/Capstone_Model/algae_bloom_dataset\train\algae_bloom_5699.png,0
C:/Users/somal/OneDrive/Desktop/Capstone_Model/algae_bloom_dataset\train\algae_bloom_57.png,0
C:/Users/somal/OneDrive/Desktop/Capstone_Model/algae_bloom_dataset\train\algae_bloom_570.png,0
C:/Users/somal/OneDrive/Desktop/Capstone_Model/algae_bloom_dataset\train\algae_bloom_5700.png,1
C:/Users/somal/OneDrive/Desktop/Capstone_Model/algae_bloom_dataset\train\algae_bloom_5701.png,0
C:/Users/somal/OneDrive/Desktop/Capstone_Model/algae_bloom_dataset\train\algae_bloom_5702.png,1
C:/Users/somal/OneDrive/Desktop/Capstone_Model/algae_bloom_dataset\train\algae_bloom_5703.png,0
C:/Users/somal/OneDrive/Desktop/Capstone_Model/algae_bloom_dataset\train\algae_bloom_5704.png,0
C:/Users/somal/OneDrive/Desktop/Capstone_Model/algae_bloom_dataset\train\algae_bloom_5705.png,1
C:/Users/somal/OneDrive/Desktop/Capstone_Model/algae_bloom_dataset\train\algae_bloom_5706.png,1
C:/Users/somal/OneDrive/Desktop/Capstone_Model/algae_bloom_dataset\train\algae_bloom_5707.png,0
C:/Users/somal/OneDrive/Desktop/Capstone_Model/algae_bloom_dataset\train\algae_bloom_5708.png,1
C:/Users/somal/OneDrive/Desktop/Capstone_Model/algae_bloom_dataset\train\algae_bloom_5709.png,0
C:/Users/somal/OneDrive/Desktop/Capstone_Model/algae_bloom_dataset\train\algae_bloom_571.png,0
C:/Users/somal/OneDrive/Desktop/Capstone_Model/algae_bloom_dataset\train\algae_bloom_5710.png,0
C:/Users/somal/OneDrive/Desktop/Capstone_Model/algae_bloom_dataset\train\algae_bloom_5711.png,0
C:/Users/somal/OneDrive/Desktop/Capstone_Model/algae_bloom_dataset\train\algae_bloom_5712.png,1
C:/Users/somal/OneDrive/Desktop/Capstone_Model/algae_bloom_dataset\train\algae_bloom_5713.png,0
C:/Users/somal/OneDrive/Desktop/Capstone_Model/algae_bloom_dataset\train\algae_bloom_5714.png,0
C:/Users/somal/OneDrive/Desktop/Capstone_Model/algae_bloom_dataset\train\algae_bloom_5715.png,1
C:/Users/somal/OneDrive/Desktop/Capstone_Model/algae_bloom_dataset\train\algae_bloom_5716.png,0
C:/Users/somal/OneDrive/Desktop/Capstone_Model/algae_bloom_dataset\train\algae_bloom_5717.png,0
C:/Users/somal/OneDrive/Desktop/Capstone_Model/algae_bloom_dataset\train\algae_bloom_5718.png,1
C:/Users/somal/OneDrive/Desktop/Capstone_Model/algae_bloom_dataset\train\algae_bloom_5719.png,1
C:/Users/somal/OneDrive/Desktop/Capstone_Model/algae_bloom_dataset\train\algae_bloom_572.png,0
C:/Users/somal/OneDrive/Desktop/Capstone_Model/algae_bloom_dataset\train\algae_bloom_5720.png,0
C:/Users/somal/OneDrive/Desktop/Capstone_Model/algae_bloom_dataset\train\algae_bloom_5721.png,0
C:/Users/somal/OneDrive/Desktop/Capstone_Model/algae_bloom_dataset\train\algae_bloom_5722.png,0
C:/Users/somal/OneDrive/Desktop/Capstone_Model/algae_bloom_dataset\train\algae_bloom_5723.png,0
C:/Users/somal/OneDrive/Desktop/Capstone_Model/algae_bloom_dataset\train\algae_bloom_5724.png,0
C:/Users/somal/OneDrive/Desktop/Capstone_Model/algae_bloom_dataset\train\algae_bloom_5725.png,1
C:/Users/somal/OneDrive/Desktop/Capstone_Model/algae_bloom_dataset\train\algae_bloom_5726.png,0
C:/Users/somal/OneDrive/Desktop/Capstone_Model/algae_bloom_dataset\train\algae_bloom_5727.png,0
C:/Users/somal/OneDrive/Desktop/Capstone_Model/algae_bloom_dataset\train\algae_bloom_5728.png,1
C:/Users/somal/OneDrive/Desktop/Capstone_Model/algae_bloom_dataset\train\algae_bloom_5729.png,0
C:/Users/somal/OneDrive/Desktop/Capstone_Model/algae_bloom_dataset\train\algae_bloom_573.png,1
C:/Users/somal/OneDrive/Desktop/Capstone_Model/algae_bloom_dataset\train\algae_bloom_5730.png,1
C:/Users/somal/OneDrive/Desktop/Capstone_Model/algae_bloom_dataset\train\algae_bloom_5731.png,0
C:/Users/somal/OneDrive/Desktop/Capstone_Model/algae_bloom_dataset\train\algae_bloom_5732.png,0
C:/Users/somal/OneDrive/Desktop/Capstone_Model/algae_bloom_dataset\train\algae_bloom_5733.png,1
C:/Users/somal/OneDrive/Desktop/Capstone_Model/algae_bloom_dataset\train\algae_bloom_5734.png,0
C:/Users/somal/OneDrive/Desktop/Capstone_Model/algae_bloom_dataset\train\algae_bloom_5735.png,0
C:/Users/somal/OneDrive/Desktop/Capstone_Model/algae_bloom_dataset\train\algae_bloom_5736.png,0
C:/Users/somal/OneDrive/Desktop/Capstone_Model/algae_bloom_dataset\train\algae_bloom_5737.png,0
C:/Users/somal/OneDrive/Desktop/Capstone_Model/algae_bloom_dataset\train\algae_bloom_5738.png,0
C:/Users/somal/OneDrive/Desktop/Capstone_Model/algae_bloom_dataset\train\algae_bloom_5739.png,1
C:/Users/somal/OneDrive/Desktop/Capstone_Model/algae_bloom_dataset\train\algae_bloom_574.png,1
C:/Users/somal/OneDrive/Desktop/Capstone_Model/algae_bloom_dataset\train\algae_bloom_5740.png,0
C:/Users/somal/OneDrive/Desktop/Capstone_Model/algae_bloom_dataset\train\algae_bloom_5741.png,0
C:/Users/somal/OneDrive/Desktop/Capstone_Model/algae_bloom_dataset\train\algae_bloom_5742.png,0
C:/Users/somal/OneDrive/Desktop/Capstone_Model/algae_bloom_dataset\train\algae_bloom_5743.png,1
C:/Users/somal/OneDrive/Desktop/Capstone_Model/algae_bloom_dataset\train\algae_bloom_5744.png,0
C:/Users/somal/OneDrive/Desktop/Capstone_Model/algae_bloom_dataset\train\algae_bloom_5745.png,0
C:/Users/somal/OneDrive/Desktop/Capstone_Model/algae_bloom_dataset\train\algae_bloom_5746.png,1
C:/Users/somal/OneDrive/Desktop/Capstone_Model/algae_bloom_dataset\train\algae_bloom_5747.png,0
C:/Users/somal/OneDrive/Desktop/Capstone_Model/algae_bloom_dataset\train\algae_bloom_5748.png,0
C:/Users/somal/OneDrive/Desktop/Capstone_Model/algae_bloom_dataset\train\algae_bloom_5749.png,0
C:/Users/somal/OneDrive/Desktop/Capstone_Model/algae_bloom_dataset\train\algae_bloom_575.png,0
C:/Users/somal/OneDrive/Desktop/Capstone_Model/algae_bloom_dataset\train\algae_bloom_5750.png,0
C:/Users/somal/OneDrive/Desktop/Capstone_Model/algae_bloom_dataset\train\algae_bloom_5751.png,0
C:/Users/somal/OneDrive/Desktop/Capstone_Model/algae_bloom_dataset\train\algae_bloom_5752.png,1
C:/Users/somal/OneDrive/Desktop/Capstone_Model/algae_bloom_dataset\train\algae_bloom_5753.png,0
C:/Users/somal/OneDrive/Desktop/Capstone_Model/algae_bloom_dataset\train\algae_bloom_5754.png,0
C:/Users/somal/OneDrive/Desktop/Capstone_Model/algae_bloom_dataset\train\algae_bloom_5755.png,0
C:/Users/somal/OneDrive/Desktop/Capstone_Model/algae_bloom_dataset\train\algae_bloom_5756.png,0
C:/Users/somal/OneDrive/Desktop/Capstone_Model/algae_bloom_dataset\train\algae_bloom_5757.png,0
C:/Users/somal/OneDrive/Desktop/Capstone_Model/algae_bloom_dataset\train\algae_bloom_5758.png,0
C:/Users/somal/OneDrive/Desktop/Capstone_Model/algae_bloom_dataset\train\algae_bloom_5759.png,0
C:/Users/somal/OneDrive/Desktop/Capstone_Model/algae_bloom_dataset\train\algae_bloom_576.png,0
C:/Users/somal/OneDrive/Desktop/Capstone_Model/algae_bloom_dataset\train\algae_bloom_5760.png,1
C:/Users/somal/OneDrive/Desktop/Capstone_Model/algae_bloom_dataset\train\algae_bloom_5761.png,0
C:/Users/somal/OneDrive/Desktop/Capstone_Model/algae_bloom_dataset\train\algae_bloom_5762.png,0
C:/Users/somal/OneDrive/Desktop/Capstone_Model/algae_bloom_dataset\train\algae_bloom_5763.png,0
C:/Users/somal/OneDrive/Desktop/Capstone_Model/algae_bloom_dataset\train\algae_bloom_5764.png,1
C:/Users/somal/OneDrive/Desktop/Capstone_Model/algae_bloom_dataset\train\algae_bloom_5765.png,0
C:/Users/somal/OneDrive/Desktop/Capstone_Model/algae_bloom_dataset\train\algae_bloom_5766.png,0
C:/Users/somal/OneDrive/Desktop/Capstone_Model/algae_bloom_dataset\train\algae_bloom_5767.png,0
C:/Users/somal/OneDrive/Desktop/Capstone_Model/algae_bloom_dataset\train\algae_bloom_5768.png,1
C:/Users/somal/OneDrive/Desktop/Capstone_Model/algae_bloom_dataset\train\algae_bloom_5769.png,0
C:/Users/somal/OneDrive/Desktop/Capstone_Model/algae_bloom_dataset\train\algae_bloom_577.png,0
C:/Users/somal/OneDrive/Desktop/Capstone_Model/algae_bloom_dataset\train\algae_bloom_5770.png,0
C:/Users/somal/OneDrive/Desktop/Capstone_Model/algae_bloom_dataset\train\algae_bloom_5771.png,0
C:/Users/somal/OneDrive/Desktop/Capstone_Model/algae_bloom_dataset\train\algae_bloom_5772.png,0
C:/Users/somal/OneDrive/Desktop/Capstone_Model/algae_bloom_dataset\train\algae_bloom_5773.png,0
C:/Users/somal/OneDrive/Desktop/Capstone_Model/algae_bloom_dataset\train\algae_bloom_5774.png,0
C:/Users/somal/OneDrive/Desktop/Capstone_Model/algae_bloom_dataset\train\algae_bloom_5775.png,0
C:/Users/somal/OneDrive/Desktop/Capstone_Model/algae_bloom_dataset\train\algae_bloom_5776.png,1
C:/Users/somal/OneDrive/Desktop/Capstone_Model/algae_bloom_dataset\train\algae_bloom_5777.png,0
C:/Users/somal/OneDrive/Desktop/Capstone_Model/algae_bloom_dataset\train\algae_bloom_5778.png,0
C:/Users/somal/OneDrive/Desktop/Capstone_Model/algae_bloom_dataset\train\algae_bloom_5779.png,1
C:/Users/somal/OneDrive/Desktop/Capstone_Model/algae_bloom_dataset\train\algae_bloom_578.png,0
C:/Users/somal/OneDrive/Desktop/Capstone_Model/algae_bloom_dataset\train\algae_bloom_5780.png,1
C:/Users/somal/OneDrive/Desktop/Capstone_Model/algae_bloom_dataset\train\algae_bloom_5781.png,0
C:/Users/somal/OneDrive/Desktop/Capstone_Model/algae_bloom_dataset\train\algae_bloom_5782.png,0
C:/Users/somal/OneDrive/Desktop/Capstone_Model/algae_bloom_dataset\train\algae_bloom_5783.png,0
C:/Users/somal/OneDrive/Desktop/Capstone_Model/algae_bloom_dataset\train\algae_bloom_5784.png,1
C:/Users/somal/OneDrive/Desktop/Capstone_Model/algae_bloom_dataset\train\algae_bloom_5785.png,1
C:/Users/somal/OneDrive/Desktop/Capstone_Model/algae_bloom_dataset\train\algae_bloom_5786.png,0
C:/Users/somal/OneDrive/Desktop/Capstone_Model/algae_bloom_dataset\train\algae_bloom_5787.png,0
C:/Users/somal/OneDrive/Desktop/Capstone_Model/algae_bloom_dataset\train\algae_bloom_5788.png,1
C:/Users/somal/OneDrive/Desktop/Capstone_Model/algae_bloom_dataset\train\algae_bloom_5789.png,0
C:/Users/somal/OneDrive/Desktop/Capstone_Model/algae_bloom_dataset\train\algae_bloom_579.png,1
C:/Users/somal/OneDrive/Desktop/Capstone_Model/algae_bloom_dataset\train\algae_bloom_5790.png,0
C:/Users/somal/OneDrive/Desktop/Capstone_Model/algae_bloom_dataset\train\algae_bloom_5791.png,1
C:/Users/somal/OneDrive/Desktop/Capstone_Model/algae_bloom_dataset\train\algae_bloom_5792.png,1
C:/Users/somal/OneDrive/Desktop/Capstone_Model/algae_bloom_dataset\train\algae_bloom_5793.png,0
C:/Users/somal/OneDrive/Desktop/Capstone_Model/algae_bloom_dataset\train\algae_bloom_5794.png,0
C:/Users/somal/OneDrive/Desktop/Capstone_Model/algae_bloom_dataset\train\algae_bloom_5795.png,1
C:/Users/somal/OneDrive/Desktop/Capstone_Model/algae_bloom_dataset\train\algae_bloom_5796.png,0
C:/Users/somal/OneDrive/Desktop/Capstone_Model/algae_bloom_dataset\train\algae_bloom_5797.png,0
C:/Users/somal/OneDrive/Desktop/Capstone_Model/algae_bloom_dataset\train\algae_bloom_5798.png,0
C:/Users/somal/OneDrive/Desktop/Capstone_Model/algae_bloom_dataset\train\algae_bloom_5799.png,0
C:/Users/somal/OneDrive/Desktop/Capstone_Model/algae_bloom_dataset\train\algae_bloom_58.png,0
C:/Users/somal/OneDrive/Desktop/Capstone_Model/algae_bloom_dataset\train\algae_bloom_580.png,0
C:/Users/somal/OneDrive/Desktop/Capstone_Model/algae_bloom_dataset\train\algae_bloom_5800.png,0
C:/Users/somal/OneDrive/Desktop/Capstone_Model/algae_bloom_dataset\train\algae_bloom_5801.png,0
C:/Users/somal/OneDrive/Desktop/Capstone_Model/algae_bloom_dataset\train\algae_bloom_5802.png,0
C:/Users/somal/OneDrive/Desktop/Capstone_Model/algae_bloom_dataset\train\algae_bloom_5803.png,1
C:/Users/somal/OneDrive/Desktop/Capstone_Model/algae_bloom_dataset\train\algae_bloom_5804.png,0
C:/Users/somal/OneDrive/Desktop/Capstone_Model/algae_bloom_dataset\train\algae_bloom_5805.png,1
C:/Users/somal/OneDrive/Desktop/Capstone_Model/algae_bloom_dataset\train\algae_bloom_5806.png,0
C:/Users/somal/OneDrive/Desktop/Capstone_Model/algae_bloom_dataset\train\algae_bloom_5807.png,0
C:/Users/somal/OneDrive/Desktop/Capstone_Model/algae_bloom_dataset\train\algae_bloom_5808.png,0
C:/Users/somal/OneDrive/Desktop/Capstone_Model/algae_bloom_dataset\train\algae_bloom_5809.png,0
C:/Users/somal/OneDrive/Desktop/Capstone_Model/algae_bloom_dataset\train\algae_bloom_581.png,1
C:/Users/somal/OneDrive/Desktop/Capstone_Model/algae_bloom_dataset\train\algae_bloom_5810.png,0
C:/Users/somal/OneDrive/Desktop/Capstone_Model/algae_bloom_dataset\train\algae_bloom_5811.png,0
C:/Users/somal/OneDrive/Desktop/Capstone_Model/algae_bloom_dataset\train\algae_bloom_5812.png,0
C:/Users/somal/OneDrive/Desktop/Capstone_Model/algae_bloom_dataset\train\algae_bloom_5813.png,0
C:/Users/somal/OneDrive/Desktop/Capstone_Model/algae_bloom_dataset\train\algae_bloom_5814.png,1
C:/Users/somal/OneDrive/Desktop/Capstone_Model/algae_bloom_dataset\train\algae_bloom_5815.png,0
C:/Users/somal/OneDrive/Desktop/Capstone_Model/algae_bloom_dataset\train\algae_bloom_5816.png,0
C:/Users/somal/OneDrive/Desktop/Capstone_Model/algae_bloom_dataset\train\algae_bloom_5817.png,0
C:/Users/somal/OneDrive/Desktop/Capstone_Model/algae_bloom_dataset\train\algae_bloom_5818.png,1
C:/Users/somal/OneDrive/Desktop/Capstone_Model/algae_bloom_dataset\train\algae_bloom_5819.png,0
C:/Users/somal/OneDrive/Desktop/Capstone_Model/algae_bloom_dataset\train\algae_bloom_582.png,0
C:/Users/somal/OneDrive/Desktop/Capstone_Model/algae_bloom_dataset\train\algae_bloom_5820.png,0
C:/Users/somal/OneDrive/Desktop/Capstone_Model/algae_bloom_dataset\train\algae_bloom_5821.png,0
C:/Users/somal/OneDrive/Desktop/Capstone_Model/algae_bloom_dataset\train\algae_bloom_5822.png,0
C:/Users/somal/OneDrive/Desktop/Capstone_Model/algae_bloom_dataset\train\algae_bloom_5823.png,0
C:/Users/somal/OneDrive/Desktop/Capstone_Model/algae_bloom_dataset\train\algae_bloom_5824.png,0
C:/Users/somal/OneDrive/Desktop/Capstone_Model/algae_bloom_dataset\train\algae_bloom_5825.png,1
C:/Users/somal/OneDrive/Desktop/Capstone_Model/algae_bloom_dataset\train\algae_bloom_5826.png,1
C:/Users/somal/OneDrive/Desktop/Capstone_Model/algae_bloom_dataset\train\algae_bloom_5827.png,1
C:/Users/somal/OneDrive/Desktop/Capstone_Model/algae_bloom_dataset\train\algae_bloom_5828.png,0
C:/Users/somal/OneDrive/Desktop/Capstone_Model/algae_bloom_dataset\train\algae_bloom_5829.png,0
C:/Users/somal/OneDrive/Desktop/Capstone_Model/algae_bloom_dataset\train\algae_bloom_583.png,0
C:/Users/somal/OneDrive/Desktop/Capstone_Model/algae_bloom_dataset\train\algae_bloom_5830.png,1
C:/Users/somal/OneDrive/Desktop/Capstone_Model/algae_bloom_dataset\train\algae_bloom_5831.png,1
C:/Users/somal/OneDrive/Desktop/Capstone_Model/algae_bloom_dataset\train\algae_bloom_5832.png,0
C:/Users/somal/OneDrive/Desktop/Capstone_Model/algae_bloom_dataset\train\algae_bloom_5833.png,1
C:/Users/somal/OneDrive/Desktop/Capstone_Model/algae_bloom_dataset\train\algae_bloom_5834.png,0
C:/Users/somal/OneDrive/Desktop/Capstone_Model/algae_bloom_dataset\train\algae_bloom_5835.png,0
C:/Users/somal/OneDrive/Desktop/Capstone_Model/algae_bloom_dataset\train\algae_bloom_5836.png,0
C:/Users/somal/OneDrive/Desktop/Capstone_Model/algae_bloom_dataset\train\algae_bloom_5837.png,0
C:/Users/somal/OneDrive/Desktop/Capstone_Model/algae_bloom_dataset\train\algae_bloom_5838.png,0
C:/Users/somal/OneDrive/Desktop/Capstone_Model/algae_bloom_dataset\train\algae_bloom_5839.png,0
C:/Users/somal/OneDrive/Desktop/Capstone_Model/algae_bloom_dataset\train\algae_bloom_584.png,0
C:/Users/somal/OneDrive/Desktop/Capstone_Model/algae_bloom_dataset\train\algae_bloom_5840.png,0
C:/Users/somal/OneDrive/Desktop/Capstone_Model/algae_bloom_dataset\train\algae_bloom_5841.png,0
C:/Users/somal/OneDrive/Desktop/Capstone_Model/algae_bloom_dataset\train\algae_bloom_5842.png,1
C:/Users/somal/OneDrive/Desktop/Capstone_Model/algae_bloom_dataset\train\algae_bloom_5843.png,0
C:/Users/somal/OneDrive/Desktop/Capstone_Model/algae_bloom_dataset\train\algae_bloom_5844.png,1
C:/Users/somal/OneDrive/Desktop/Capstone_Model/algae_bloom_dataset\train\algae_bloom_5845.png,1
C:/Users/somal/OneDrive/Desktop/Capstone_Model/algae_bloom_dataset\train\algae_bloom_5846.png,0
C:/Users/somal/OneDrive/Desktop/Capstone_Model/algae_bloom_dataset\train\algae_bloom_5847.png,0
C:/Users/somal/OneDrive/Desktop/Capstone_Model/algae_bloom_dataset\train\algae_bloom_5848.png,0
C:/Users/somal/OneDrive/Desktop/Capstone_Model/algae_bloom_dataset\train\algae_bloom_5849.png,0
C:/Users/somal/OneDrive/Desktop/Capstone_Model/algae_bloom_dataset\train\algae_bloom_585.png,0
C:/Users/somal/OneDrive/Desktop/Capstone_Model/algae_bloom_dataset\train\algae_bloom_5850.png,0
C:/Users/somal/OneDrive/Desktop/Capstone_Model/algae_bloom_dataset\train\algae_bloom_5851.png,0
C:/Users/somal/OneDrive/Desktop/Capstone_Model/algae_bloom_dataset\train\algae_bloom_5852.png,0
C:/Users/somal/OneDrive/Desktop/Capstone_Model/algae_bloom_dataset\train\algae_bloom_5853.png,1
C:/Users/somal/OneDrive/Desktop/Capstone_Model/algae_bloom_dataset\train\algae_bloom_5854.png,1
C:/Users/somal/OneDrive/Desktop/Capstone_Model/algae_bloom_dataset\train\algae_bloom_5855.png,0
C:/Users/somal/OneDrive/Desktop/Capstone_Model/algae_bloom_dataset\train\algae_bloom_5856.png,0
C:/Users/somal/OneDrive/Desktop/Capstone_Model/algae_bloom_dataset\train\algae_bloom_5857.png,1
C:/Users/somal/OneDrive/Desktop/Capstone_Model/algae_bloom_dataset\train\algae_bloom_5858.png,0
C:/Users/somal/OneDrive/Desktop/Capstone_Model/algae_bloom_dataset\train\algae_bloom_5859.png,0
C:/Users/somal/OneDrive/Desktop/Capstone_Model/algae_bloom_dataset\train\algae_bloom_586.png,0
C:/Users/somal/OneDrive/Desktop/Capstone_Model/algae_bloom_dataset\train\algae_bloom_5860.png,0
C:/Users/somal/OneDrive/Desktop/Capstone_Model/algae_bloom_dataset\train\algae_bloom_5861.png,0
C:/Users/somal/OneDrive/Desktop/Capstone_Model/algae_bloom_dataset\train\algae_bloom_5862.png,0
C:/Users/somal/OneDrive/Desktop/Capstone_Model/algae_bloom_dataset\train\algae_bloom_5863.png,0
C:/Users/somal/OneDrive/Desktop/Capstone_Model/algae_bloom_dataset\train\algae_bloom_5864.png,1
C:/Users/somal/OneDrive/Desktop/Capstone_Model/algae_bloom_dataset\train\algae_bloom_5865.png,0
C:/Users/somal/OneDrive/Desktop/Capstone_Model/algae_bloom_dataset\train\algae_bloom_5866.png,0
C:/Users/somal/OneDrive/Desktop/Capstone_Model/algae_bloom_dataset\train\algae_bloom_5867.png,1
C:/Users/somal/OneDrive/Desktop/Capstone_Model/algae_bloom_dataset\train\algae_bloom_5868.png,0
C:/Users/somal/OneDrive/Desktop/Capstone_Model/algae_bloom_dataset\train\algae_bloom_5869.png,0
C:/Users/somal/OneDrive/Desktop/Capstone_Model/algae_bloom_dataset\train\algae_bloom_587.png,0
C:/Users/somal/OneDrive/Desktop/Capstone_Model/algae_bloom_dataset\train\algae_bloom_5870.png,0
C:/Users/somal/OneDrive/Desktop/Capstone_Model/algae_bloom_dataset\train\algae_bloom_5871.png,1
C:/Users/somal/OneDrive/Desktop/Capstone_Model/algae_bloom_dataset\train\algae_bloom_5872.png,0
C:/Users/somal/OneDrive/Desktop/Capstone_Model/algae_bloom_dataset\train\algae_bloom_5873.png,1
C:/Users/somal/OneDrive/Desktop/Capstone_Model/algae_bloom_dataset\train\algae_bloom_5874.png,0
C:/Users/somal/OneDrive/Desktop/Capstone_Model/algae_bloom_dataset\train\algae_bloom_5875.png,0
C:/Users/somal/OneDrive/Desktop/Capstone_Model/algae_bloom_dataset\train\algae_bloom_5876.png,1
C:/Users/somal/OneDrive/Desktop/Capstone_Model/algae_bloom_dataset\train\algae_bloom_5877.png,1
C:/Users/somal/OneDrive/Desktop/Capstone_Model/algae_bloom_dataset\train\algae_bloom_5878.png,0
C:/Users/somal/OneDrive/Desktop/Capstone_Model/algae_bloom_dataset\train\algae_bloom_5879.png,1
C:/Users/somal/OneDrive/Desktop/Capstone_Model/algae_bloom_dataset\train\algae_bloom_588.png,0
C:/Users/somal/OneDrive/Desktop/Capstone_Model/algae_bloom_dataset\train\algae_bloom_5880.png,0
C:/Users/somal/OneDrive/Desktop/Capstone_Model/algae_bloom_dataset\train\algae_bloom_5881.png,0
C:/Users/somal/OneDrive/Desktop/Capstone_Model/algae_bloom_dataset\train\algae_bloom_5882.png,0
C:/Users/somal/OneDrive/Desktop/Capstone_Model/algae_bloom_dataset\train\algae_bloom_5883.png,0
C:/Users/somal/OneDrive/Desktop/Capstone_Model/algae_bloom_dataset\train\algae_bloom_5884.png,0
C:/Users/somal/OneDrive/Desktop/Capstone_Model/algae_bloom_dataset\train\algae_bloom_5885.png,0
C:/Users/somal/OneDrive/Desktop/Capstone_Model/algae_bloom_dataset\train\algae_bloom_5886.png,1
C:/Users/somal/OneDrive/Desktop/Capstone_Model/algae_bloom_dataset\train\algae_bloom_5887.png,0
C:/Users/somal/OneDrive/Desktop/Capstone_Model/algae_bloom_dataset\train\algae_bloom_5888.png,0
C:/Users/somal/OneDrive/Desktop/Capstone_Model/algae_bloom_dataset\train\algae_bloom_5889.png,0
C:/Users/somal/OneDrive/Desktop/Capstone_Model/algae_bloom_dataset\train\algae_bloom_589.png,0
C:/Users/somal/OneDrive/Desktop/Capstone_Model/algae_bloom_dataset\train\algae_bloom_5890.png,0
C:/Users/somal/OneDrive/Desktop/Capstone_Model/algae_bloom_dataset\train\algae_bloom_5891.png,0
C:/Users/somal/OneDrive/Desktop/Capstone_Model/algae_bloom_dataset\train\algae_bloom_5892.png,0
C:/Users/somal/OneDrive/Desktop/Capstone_Model/algae_bloom_dataset\train\algae_bloom_5893.png,0
C:/Users/somal/OneDrive/Desktop/Capstone_Model/algae_bloom_dataset\train\algae_bloom_5894.png,1
C:/Users/somal/OneDrive/Desktop/Capstone_Model/algae_bloom_dataset\train\algae_bloom_5895.png,0
C:/Users/somal/OneDrive/Desktop/Capstone_Model/algae_bloom_dataset\train\algae_bloom_5896.png,0
C:/Users/somal/OneDrive/Desktop/Capstone_Model/algae_bloom_dataset\train\algae_bloom_5897.png,0
C:/Users/somal/OneDrive/Desktop/Capstone_Model/algae_bloom_dataset\train\algae_bloom_5898.png,1
C:/Users/somal/OneDrive/Desktop/Capstone_Model/algae_bloom_dataset\train\algae_bloom_5899.png,0
C:/Users/somal/OneDrive/Desktop/Capstone_Model/algae_bloom_dataset\train\algae_bloom_59.png,0
C:/Users/somal/OneDrive/Desktop/Capstone_Model/algae_bloom_dataset\train\algae_bloom_590.png,0
C:/Users/somal/OneDrive/Desktop/Capstone_Model/algae_bloom_dataset\train\algae_bloom_5900.png,0
C:/Users/somal/OneDrive/Desktop/Capstone_Model/algae_bloom_dataset\train\algae_bloom_5901.png,1
C:/Users/somal/OneDrive/Desktop/Capstone_Model/algae_bloom_dataset\train\algae_bloom_5902.png,0
C:/Users/somal/OneDrive/Desktop/Capstone_Model/algae_bloom_dataset\train\algae_bloom_5903.png,1
C:/Users/somal/OneDrive/Desktop/Capstone_Model/algae_bloom_dataset\train\algae_bloom_5904.png,1
C:/Users/somal/OneDrive/Desktop/Capstone_Model/algae_bloom_dataset\train\algae_bloom_5905.png,0
C:/Users/somal/OneDrive/Desktop/Capstone_Model/algae_bloom_dataset\train\algae_bloom_5906.png,1
C:/Users/somal/OneDrive/Desktop/Capstone_Model/algae_bloom_dataset\train\algae_bloom_5907.png,0
C:/Users/somal/OneDrive/Desktop/Capstone_Model/algae_bloom_dataset\train\algae_bloom_5908.png,1
C:/Users/somal/OneDrive/Desktop/Capstone_Model/algae_bloom_dataset\train\algae_bloom_5909.png,0
C:/Users/somal/OneDrive/Desktop/Capstone_Model/algae_bloom_dataset\train\algae_bloom_591.png,0
C:/Users/somal/OneDrive/Desktop/Capstone_Model/algae_bloom_dataset\train\algae_bloom_5910.png,0
C:/Users/somal/OneDrive/Desktop/Capstone_Model/algae_bloom_dataset\train\algae_bloom_5911.png,0
C:/Users/somal/OneDrive/Desktop/Capstone_Model/algae_bloom_dataset\train\algae_bloom_5912.png,0
C:/Users/somal/OneDrive/Desktop/Capstone_Model/algae_bloom_dataset\train\algae_bloom_5913.png,0
C:/Users/somal/OneDrive/Desktop/Capstone_Model/algae_bloom_dataset\train\algae_bloom_5914.png,0
C:/Users/somal/OneDrive/Desktop/Capstone_Model/algae_bloom_dataset\train\algae_bloom_5915.png,0
C:/Users/somal/OneDrive/Desktop/Capstone_Model/algae_bloom_dataset\train\algae_bloom_5916.png,0
C:/Users/somal/OneDrive/Desktop/Capstone_Model/algae_bloom_dataset\train\algae_bloom_5917.png,0
C:/Users/somal/OneDrive/Desktop/Capstone_Model/algae_bloom_dataset\train\algae_bloom_5918.png,0
C:/Users/somal/OneDrive/Desktop/Capstone_Model/algae_bloom_dataset\train\algae_bloom_5919.png,0
C:/Users/somal/OneDrive/Desktop/Capstone_Model/algae_bloom_dataset\train\algae_bloom_592.png,0
C:/Users/somal/OneDrive/Desktop/Capstone_Model/algae_bloom_dataset\train\algae_bloom_5920.png,0
C:/Users/somal/OneDrive/Desktop/Capstone_Model/algae_bloom_dataset\train\algae_bloom_5921.png,0
C:/Users/somal/OneDrive/Desktop/Capstone_Model/algae_bloom_dataset\train\algae_bloom_5922.png,0
C:/Users/somal/OneDrive/Desktop/Capstone_Model/algae_bloom_dataset\train\algae_bloom_5923.png,0
C:/Users/somal/OneDrive/Desktop/Capstone_Model/algae_bloom_dataset\train\algae_bloom_5924.png,0
C:/Users/somal/OneDrive/Desktop/Capstone_Model/algae_bloom_dataset\train\algae_bloom_5925.png,1
C:/Users/somal/OneDrive/Desktop/Capstone_Model/algae_bloom_dataset\train\algae_bloom_5926.png,1
C:/Users/somal/OneDrive/Desktop/Capstone_Model/algae_bloom_dataset\train\algae_bloom_5927.png,1
C:/Users/somal/OneDrive/Desktop/Capstone_Model/algae_bloom_dataset\train\algae_bloom_5928.png,0
C:/Users/somal/OneDrive/Desktop/Capstone_Model/algae_bloom_dataset\train\algae_bloom_5929.png,0
C:/Users/somal/OneDrive/Desktop/Capstone_Model/algae_bloom_dataset\train\algae_bloom_593.png,0
C:/Users/somal/OneDrive/Desktop/Capstone_Model/algae_bloom_dataset\train\algae_bloom_5930.png,1
C:/Users/somal/OneDrive/Desktop/Capstone_Model/algae_bloom_dataset\train\algae_bloom_5931.png,0
C:/Users/somal/OneDrive/Desktop/Capstone_Model/algae_bloom_dataset\train\algae_bloom_5932.png,0
C:/Users/somal/OneDrive/Desktop/Capstone_Model/algae_bloom_dataset\train\algae_bloom_5933.png,0
C:/Users/somal/OneDrive/Desktop/Capstone_Model/algae_bloom_dataset\train\algae_bloom_5934.png,1
C:/Users/somal/OneDrive/Desktop/Capstone_Model/algae_bloom_dataset\train\algae_bloom_5935.png,0
C:/Users/somal/OneDrive/Desktop/Capstone_Model/algae_bloom_dataset\train\algae_bloom_5936.png,0
C:/Users/somal/OneDrive/Desktop/Capstone_Model/algae_bloom_dataset\train\algae_bloom_5937.png,1
C:/Users/somal/OneDrive/Desktop/Capstone_Model/algae_bloom_dataset\train\algae_bloom_5938.png,0
C:/Users/somal/OneDrive/Desktop/Capstone_Model/algae_bloom_dataset\train\algae_bloom_5939.png,0
C:/Users/somal/OneDrive/Desktop/Capstone_Model/algae_bloom_dataset\train\algae_bloom_594.png,1
C:/Users/somal/OneDrive/Desktop/Capstone_Model/algae_bloom_dataset\train\algae_bloom_5940.png,1
C:/Users/somal/OneDrive/Desktop/Capstone_Model/algae_bloom_dataset\train\algae_bloom_5941.png,1
C:/Users/somal/OneDrive/Desktop/Capstone_Model/algae_bloom_dataset\train\algae_bloom_5942.png,1
C:/Users/somal/OneDrive/Desktop/Capstone_Model/algae_bloom_dataset\train\algae_bloom_5943.png,0
C:/Users/somal/OneDrive/Desktop/Capstone_Model/algae_bloom_dataset\train\algae_bloom_5944.png,1
C:/Users/somal/OneDrive/Desktop/Capstone_Model/algae_bloom_dataset\train\algae_bloom_5945.png,0
C:/Users/somal/OneDrive/Desktop/Capstone_Model/algae_bloom_dataset\train\algae_bloom_5946.png,1
C:/Users/somal/OneDrive/Desktop/Capstone_Model/algae_bloom_dataset\train\algae_bloom_5947.png,0
C:/Users/somal/OneDrive/Desktop/Capstone_Model/algae_bloom_dataset\train\algae_bloom_5948.png,1
C:/Users/somal/OneDrive/Desktop/Capstone_Model/algae_bloom_dataset\train\algae_bloom_5949.png,0
C:/Users/somal/OneDrive/Desktop/Capstone_Model/algae_bloom_dataset\train\algae_bloom_595.png,1
C:/Users/somal/OneDrive/Desktop/Capstone_Model/algae_bloom_dataset\train\algae_bloom_5950.png,0
C:/Users/somal/OneDrive/Desktop/Capstone_Model/algae_bloom_dataset\train\algae_bloom_5951.png,1
C:/Users/somal/OneDrive/Desktop/Capstone_Model/algae_bloom_dataset\train\algae_bloom_5952.png,0
C:/Users/somal/OneDrive/Desktop/Capstone_Model/algae_bloom_dataset\train\algae_bloom_5953.png,0
C:/Users/somal/OneDrive/Desktop/Capstone_Model/algae_bloom_dataset\train\algae_bloom_5954.png,1
C:/Users/somal/OneDrive/Desktop/Capstone_Model/algae_bloom_dataset\train\algae_bloom_5955.png,0
C:/Users/somal/OneDrive/Desktop/Capstone_Model/algae_bloom_dataset\train\algae_bloom_5956.png,0
C:/Users/somal/OneDrive/Desktop/Capstone_Model/algae_bloom_dataset\train\algae_bloom_5957.png,1
C:/Users/somal/OneDrive/Desktop/Capstone_Model/algae_bloom_dataset\train\algae_bloom_5958.png,0
C:/Users/somal/OneDrive/Desktop/Capstone_Model/algae_bloom_dataset\train\algae_bloom_5959.png,0
C:/Users/somal/OneDrive/Desktop/Capstone_Model/algae_bloom_dataset\train\algae_bloom_596.png,0
C:/Users/somal/OneDrive/Desktop/Capstone_Model/algae_bloom_dataset\train\algae_bloom_5960.png,1
C:/Users/somal/OneDrive/Desktop/Capstone_Model/algae_bloom_dataset\train\algae_bloom_5961.png,1
C:/Users/somal/OneDrive/Desktop/Capstone_Model/algae_bloom_dataset\train\algae_bloom_5962.png,0
C:/Users/somal/OneDrive/Desktop/Capstone_Model/algae_bloom_dataset\train\algae_bloom_5963.png,0
C:/Users/somal/OneDrive/Desktop/Capstone_Model/algae_bloom_dataset\train\algae_bloom_5964.png,1
C:/Users/somal/OneDrive/Desktop/Capstone_Model/algae_bloom_dataset\train\algae_bloom_5965.png,0
C:/Users/somal/OneDrive/Desktop/Capstone_Model/algae_bloom_dataset\train\algae_bloom_5966.png,0
C:/Users/somal/OneDrive/Desktop/Capstone_Model/algae_bloom_dataset\train\algae_bloom_5967.png,0
C:/Users/somal/OneDrive/Desktop/Capstone_Model/algae_bloom_dataset\train\algae_bloom_5968.png,0
C:/Users/somal/OneDrive/Desktop/Capstone_Model/algae_bloom_dataset\train\algae_bloom_5969.png,0
C:/Users/somal/OneDrive/Desktop/Capstone_Model/algae_bloom_dataset\train\algae_bloom_597.png,0
C:/Users/somal/OneDrive/Desktop/Capstone_Model/algae_bloom_dataset\train\algae_bloom_5970.png,0
C:/Users/somal/OneDrive/Desktop/Capstone_Model/algae_bloom_dataset\train\algae_bloom_5971.png,0
C:/Users/somal/OneDrive/Desktop/Capstone_Model/algae_bloom_dataset\train\algae_bloom_5972.png,0
C:/Users/somal/OneDrive/Desktop/Capstone_Model/algae_bloom_dataset\train\algae_bloom_5973.png,1
C:/Users/somal/OneDrive/Desktop/Capstone_Model/algae_bloom_dataset\train\algae_bloom_5974.png,0
C:/Users/somal/OneDrive/Desktop/Capstone_Model/algae_bloom_dataset\train\algae_bloom_5975.png,0
C:/Users/somal/OneDrive/Desktop/Capstone_Model/algae_bloom_dataset\train\algae_bloom_5976.png,0
C:/Users/somal/OneDrive/Desktop/Capstone_Model/algae_bloom_dataset\train\algae_bloom_5977.png,0
C:/Users/somal/OneDrive/Desktop/Capstone_Model/algae_bloom_dataset\train\algae_bloom_5978.png,1
C:/Users/somal/OneDrive/Desktop/Capstone_Model/algae_bloom_dataset\train\algae_bloom_5979.png,0
C:/Users/somal/OneDrive/Desktop/Capstone_Model/algae_bloom_dataset\train\algae_bloom_598.png,1
C:/Users/somal/OneDrive/Desktop/Capstone_Model/algae_bloom_dataset\train\algae_bloom_5980.png,0
C:/Users/somal/OneDrive/Desktop/Capstone_Model/algae_bloom_dataset\train\algae_bloom_5981.png,0
C:/Users/somal/OneDrive/Desktop/Capstone_Model/algae_bloom_dataset\train\algae_bloom_5982.png,0
C:/Users/somal/OneDrive/Desktop/Capstone_Model/algae_bloom_dataset\train\algae_bloom_5983.png,0
C:/Users/somal/OneDrive/Desktop/Capstone_Model/algae_bloom_dataset\train\algae_bloom_5984.png,1
C:/Users/somal/OneDrive/Desktop/Capstone_Model/algae_bloom_dataset\train\algae_bloom_5985.png,0
C:/Users/somal/OneDrive/Desktop/Capstone_Model/algae_bloom_dataset\train\algae_bloom_5986.png,1
C:/Users/somal/OneDrive/Desktop/Capstone_Model/algae_bloom_dataset\train\algae_bloom_5987.png,1
C:/Users/somal/OneDrive/Desktop/Capstone_Model/algae_bloom_dataset\train\algae_bloom_5988.png,0
C:/Users/somal/OneDrive/Desktop/Capstone_Model/algae_bloom_dataset\train\algae_bloom_5989.png,1
C:/Users/somal/OneDrive/Desktop/Capstone_Model/algae_bloom_dataset\train\algae_bloom_599.png,0
C:/Users/somal/OneDrive/Desktop/Capstone_Model/algae_bloom_dataset\train\algae_bloom_5990.png,0
C:/Users/somal/OneDrive/Desktop/Capstone_Model/algae_bloom_dataset\train\algae_bloom_5991.png,0
C:/Users/somal/OneDrive/Desktop/Capstone_Model/algae_bloom_dataset\train\algae_bloom_5992.png,0
C:/Users/somal/OneDrive/Desktop/Capstone_Model/algae_bloom_dataset\train\algae_bloom_5993.png,0
C:/Users/somal/OneDrive/Desktop/Capstone_Model/algae_bloom_dataset\train\algae_bloom_5994.png,0
C:/Users/somal/OneDrive/Desktop/Capstone_Model/algae_bloom_dataset\train\algae_bloom_5995.png,1
C:/Users/somal/OneDrive/Desktop/Capstone_Model/algae_bloom_dataset\train\algae_bloom_5996.png,0
C:/Users/somal/OneDrive/Desktop/Capstone_Model/algae_bloom_dataset\train\algae_bloom_5997.png,0
C:/Users/somal/OneDrive/Desktop/Capstone_Model/algae_bloom_dataset\train\algae_bloom_5998.png,0
C:/Users/somal/OneDrive/Desktop/Capstone_Model/algae_bloom_dataset\train\algae_bloom_5999.png,0
C:/Users/somal/OneDrive/Desktop/Capstone_Model/algae_bloom_dataset\train\algae_bloom_6.png,1
C:/Users/somal/OneDrive/Desktop/Capstone_Model/algae_bloom_dataset\train\algae_bloom_60.png,0
C:/Users/somal/OneDrive/Desktop/Capstone_Model/algae_bloom_dataset\train\algae_bloom_600.png,0
C:/Users/somal/OneDrive/Desktop/Capstone_Model/algae_bloom_dataset\train\algae_bloom_601.png,1
C:/Users/somal/OneDrive/Desktop/Capstone_Model/algae_bloom_dataset\train\algae_bloom_602.png,0
C:/Users/somal/OneDrive/Desktop/Capstone_Model/algae_bloom_dataset\train\algae_bloom_603.png,0
C:/Users/somal/OneDrive/Desktop/Capstone_Model/algae_bloom_dataset\train\algae_bloom_604.png,0
C:/Users/somal/OneDrive/Desktop/Capstone_Model/algae_bloom_dataset\train\algae_bloom_605.png,1
C:/Users/somal/OneDrive/Desktop/Capstone_Model/algae_bloom_dataset\train\algae_bloom_606.png,1
C:/Users/somal/OneDrive/Desktop/Capstone_Model/algae_bloom_dataset\train\algae_bloom_607.png,0
C:/Users/somal/OneDrive/Desktop/Capstone_Model/algae_bloom_dataset\train\algae_bloom_608.png,0
C:/Users/somal/OneDrive/Desktop/Capstone_Model/algae_bloom_dataset\train\algae_bloom_609.png,0
C:/Users/somal/OneDrive/Desktop/Capstone_Model/algae_bloom_dataset\train\algae_bloom_61.png,0
C:/Users/somal/OneDrive/Desktop/Capstone_Model/algae_bloom_dataset\train\algae_bloom_610.png,1
C:/Users/somal/OneDrive/Desktop/Capstone_Model/algae_bloom_dataset\train\algae_bloom_611.png,1
C:/Users/somal/OneDrive/Desktop/Capstone_Model/algae_bloom_dataset\train\algae_bloom_612.png,1
C:/Users/somal/OneDrive/Desktop/Capstone_Model/algae_bloom_dataset\train\algae_bloom_613.png,1
C:/Users/somal/OneDrive/Desktop/Capstone_Model/algae_bloom_dataset\train\algae_bloom_614.png,0
C:/Users/somal/OneDrive/Desktop/Capstone_Model/algae_bloom_dataset\train\algae_bloom_615.png,0
C:/Users/somal/OneDrive/Desktop/Capstone_Model/algae_bloom_dataset\train\algae_bloom_616.png,0
C:/Users/somal/OneDrive/Desktop/Capstone_Model/algae_bloom_dataset\train\algae_bloom_617.png,0
C:/Users/somal/OneDrive/Desktop/Capstone_Model/algae_bloom_dataset\train\algae_bloom_618.png,0
C:/Users/somal/OneDrive/Desktop/Capstone_Model/algae_bloom_dataset\train\algae_bloom_619.png,0
C:/Users/somal/OneDrive/Desktop/Capstone_Model/algae_bloom_dataset\train\algae_bloom_62.png,0
C:/Users/somal/OneDrive/Desktop/Capstone_Model/algae_bloom_dataset\train\algae_bloom_620.png,1
C:/Users/somal/OneDrive/Desktop/Capstone_Model/algae_bloom_dataset\train\algae_bloom_621.png,1
C:/Users/somal/OneDrive/Desktop/Capstone_Model/algae_bloom_dataset\train\algae_bloom_622.png,0
C:/Users/somal/OneDrive/Desktop/Capstone_Model/algae_bloom_dataset\train\algae_bloom_623.png,1
C:/Users/somal/OneDrive/Desktop/Capstone_Model/algae_bloom_dataset\train\algae_bloom_624.png,0
C:/Users/somal/OneDrive/Desktop/Capstone_Model/algae_bloom_dataset\train\algae_bloom_625.png,0
C:/Users/somal/OneDrive/Desktop/Capstone_Model/algae_bloom_dataset\train\algae_bloom_626.png,0
C:/Users/somal/OneDrive/Desktop/Capstone_Model/algae_bloom_dataset\train\algae_bloom_627.png,0
C:/Users/somal/OneDrive/Desktop/Capstone_Model/algae_bloom_dataset\train\algae_bloom_628.png,1
C:/Users/somal/OneDrive/Desktop/Capstone_Model/algae_bloom_dataset\train\algae_bloom_629.png,0
C:/Users/somal/OneDrive/Desktop/Capstone_Model/algae_bloom_dataset\train\algae_bloom_63.png,0
C:/Users/somal/OneDrive/Desktop/Capstone_Model/algae_bloom_dataset\train\algae_bloom_630.png,1
C:/Users/somal/OneDrive/Desktop/Capstone_Model/algae_bloom_dataset\train\algae_bloom_631.png,1
C:/Users/somal/OneDrive/Desktop/Capstone_Model/algae_bloom_dataset\train\algae_bloom_632.png,1
C:/Users/somal/OneDrive/Desktop/Capstone_Model/algae_bloom_dataset\train\algae_bloom_633.png,0
C:/Users/somal/OneDrive/Desktop/Capstone_Model/algae_bloom_dataset\train\algae_bloom_634.png,0
C:/Users/somal/OneDrive/Desktop/Capstone_Model/algae_bloom_dataset\train\algae_bloom_635.png,0
C:/Users/somal/OneDrive/Desktop/Capstone_Model/algae_bloom_dataset\train\algae_bloom_636.png,0
C:/Users/somal/OneDrive/Desktop/Capstone_Model/algae_bloom_dataset\train\algae_bloom_637.png,1
C:/Users/somal/OneDrive/Desktop/Capstone_Model/algae_bloom_dataset\train\algae_bloom_638.png,0
C:/Users/somal/OneDrive/Desktop/Capstone_Model/algae_bloom_dataset\train\algae_bloom_639.png,1
C:/Users/somal/OneDrive/Desktop/Capstone_Model/algae_bloom_dataset\train\algae_bloom_64.png,0
C:/Users/somal/OneDrive/Desktop/Capstone_Model/algae_bloom_dataset\train\algae_bloom_640.png,0
C:/Users/somal/OneDrive/Desktop/Capstone_Model/algae_bloom_dataset\train\algae_bloom_641.png,0
C:/Users/somal/OneDrive/Desktop/Capstone_Model/algae_bloom_dataset\train\algae_bloom_642.png,0
C:/Users/somal/OneDrive/Desktop/Capstone_Model/algae_bloom_dataset\train\algae_bloom_643.png,1
C:/Users/somal/OneDrive/Desktop/Capstone_Model/algae_bloom_dataset\train\algae_bloom_644.png,1
C:/Users/somal/OneDrive/Desktop/Capstone_Model/algae_bloom_dataset\train\algae_bloom_645.png,0
C:/Users/somal/OneDrive/Desktop/Capstone_Model/algae_bloom_dataset\train\algae_bloom_646.png,0
C:/Users/somal/OneDrive/Desktop/Capstone_Model/algae_bloom_dataset\train\algae_bloom_647.png,0
C:/Users/somal/OneDrive/Desktop/Capstone_Model/algae_bloom_dataset\train\algae_bloom_648.png,1
C:/Users/somal/OneDrive/Desktop/Capstone_Model/algae_bloom_dataset\train\algae_bloom_649.png,0
C:/Users/somal/OneDrive/Desktop/Capstone_Model/algae_bloom_dataset\train\algae_bloom_65.png,0
C:/Users/somal/OneDrive/Desktop/Capstone_Model/algae_bloom_dataset\train\algae_bloom_650.png,1
C:/Users/somal/OneDrive/Desktop/Capstone_Model/algae_bloom_dataset\train\algae_bloom_651.png,1
C:/Users/somal/OneDrive/Desktop/Capstone_Model/algae_bloom_dataset\train\algae_bloom_652.png,1
C:/Users/somal/OneDrive/Desktop/Capstone_Model/algae_bloom_dataset\train\algae_bloom_653.png,0
C:/Users/somal/OneDrive/Desktop/Capstone_Model/algae_bloom_dataset\train\algae_bloom_654.png,1
C:/Users/somal/OneDrive/Desktop/Capstone_Model/algae_bloom_dataset\train\algae_bloom_655.png,0
C:/Users/somal/OneDrive/Desktop/Capstone_Model/algae_bloom_dataset\train\algae_bloom_656.png,0
C:/Users/somal/OneDrive/Desktop/Capstone_Model/algae_bloom_dataset\train\algae_bloom_657.png,1
C:/Users/somal/OneDrive/Desktop/Capstone_Model/algae_bloom_dataset\train\algae_bloom_658.png,0
C:/Users/somal/OneDrive/Desktop/Capstone_Model/algae_bloom_dataset\train\algae_bloom_659.png,0
C:/Users/somal/OneDrive/Desktop/Capstone_Model/algae_bloom_dataset\train\algae_bloom_66.png,0
C:/Users/somal/OneDrive/Desktop/Capstone_Model/algae_bloom_dataset\train\algae_bloom_660.png,0
C:/Users/somal/OneDrive/Desktop/Capstone_Model/algae_bloom_dataset\train\algae_bloom_661.png,1
C:/Users/somal/OneDrive/Desktop/Capstone_Model/algae_bloom_dataset\train\algae_bloom_662.png,1
C:/Users/somal/OneDrive/Desktop/Capstone_Model/algae_bloom_dataset\train\algae_bloom_663.png,1
C:/Users/somal/OneDrive/Desktop/Capstone_Model/algae_bloom_dataset\train\algae_bloom_664.png,0
C:/Users/somal/OneDrive/Desktop/Capstone_Model/algae_bloom_dataset\train\algae_bloom_665.png,1
C:/Users/somal/OneDrive/Desktop/Capstone_Model/algae_bloom_dataset\train\algae_bloom_666.png,0
C:/Users/somal/OneDrive/Desktop/Capstone_Model/algae_bloom_dataset\train\algae_bloom_667.png,0
C:/Users/somal/OneDrive/Desktop/Capstone_Model/algae_bloom_dataset\train\algae_bloom_668.png,0
C:/Users/somal/OneDrive/Desktop/Capstone_Model/algae_bloom_dataset\train\algae_bloom_669.png,1
C:/Users/somal/OneDrive/Desktop/Capstone_Model/algae_bloom_dataset\train\algae_bloom_67.png,0
C:/Users/somal/OneDrive/Desktop/Capstone_Model/algae_bloom_dataset\train\algae_bloom_670.png,0
C:/Users/somal/OneDrive/Desktop/Capstone_Model/algae_bloom_dataset\train\algae_bloom_671.png,0
C:/Users/somal/OneDrive/Desktop/Capstone_Model/algae_bloom_dataset\train\algae_bloom_672.png,0
C:/Users/somal/OneDrive/Desktop/Capstone_Model/algae_bloom_dataset\train\algae_bloom_673.png,0
C:/Users/somal/OneDrive/Desktop/Capstone_Model/algae_bloom_dataset\train\algae_bloom_674.png,0
C:/Users/somal/OneDrive/Desktop/Capstone_Model/algae_bloom_dataset\train\algae_bloom_675.png,0
C:/Users/somal/OneDrive/Desktop/Capstone_Model/algae_bloom_dataset\train\algae_bloom_676.png,0
C:/Users/somal/OneDrive/Desktop/Capstone_Model/algae_bloom_dataset\train\algae_bloom_677.png,0
C:/Users/somal/OneDrive/Desktop/Capstone_Model/algae_bloom_dataset\train\algae_bloom_678.png,0
C:/Users/somal/OneDrive/Desktop/Capstone_Model/algae_bloom_dataset\train\algae_bloom_679.png,0
C:/Users/somal/OneDrive/Desktop/Capstone_Model/algae_bloom_dataset\train\algae_bloom_68.png,1
C:/Users/somal/OneDrive/Desktop/Capstone_Model/algae_bloom_dataset\train\algae_bloom_680.png,0
C:/Users/somal/OneDrive/Desktop/Capstone_Model/algae_bloom_dataset\train\algae_bloom_681.png,1
C:/Users/somal/OneDrive/Desktop/Capstone_Model/algae_bloom_dataset\train\algae_bloom_682.png,0
C:/Users/somal/OneDrive/Desktop/Capstone_Model/algae_bloom_dataset\train\algae_bloom_683.png,0
C:/Users/somal/OneDrive/Desktop/Capstone_Model/algae_bloom_dataset\train\algae_bloom_684.png,0
C:/Users/somal/OneDrive/Desktop/Capstone_Model/algae_bloom_dataset\train\algae_bloom_685.png,0
C:/Users/somal/OneDrive/Desktop/Capstone_Model/algae_bloom_dataset\train\algae_bloom_686.png,0
C:/Users/somal/OneDrive/Desktop/Capstone_Model/algae_bloom_dataset\train\algae_bloom_687.png,0
C:/Users/somal/OneDrive/Desktop/Capstone_Model/algae_bloom_dataset\train\algae_bloom_688.png,1
C:/Users/somal/OneDrive/Desktop/Capstone_Model/algae_bloom_dataset\train\algae_bloom_689.png,0
C:/Users/somal/OneDrive/Desktop/Capstone_Model/algae_bloom_dataset\train\algae_bloom_69.png,1
C:/Users/somal/OneDrive/Desktop/Capstone_Model/algae_bloom_dataset\train\algae_bloom_690.png,1
C:/Users/somal/OneDrive/Desktop/Capstone_Model/algae_bloom_dataset\train\algae_bloom_691.png,1
C:/Users/somal/OneDrive/Desktop/Capstone_Model/algae_bloom_dataset\train\algae_bloom_692.png,1
C:/Users/somal/OneDrive/Desktop/Capstone_Model/algae_bloom_dataset\train\algae_bloom_693.png,0
C:/Users/somal/OneDrive/Desktop/Capstone_Model/algae_bloom_dataset\train\algae_bloom_694.png,1
C:/Users/somal/OneDrive/Desktop/Capstone_Model/algae_bloom_dataset\train\algae_bloom_695.png,0
C:/Users/somal/OneDrive/Desktop/Capstone_Model/algae_bloom_dataset\train\algae_bloom_696.png,1
C:/Users/somal/OneDrive/Desktop/Capstone_Model/algae_bloom_dataset\train\algae_bloom_697.png,1
C:/Users/somal/OneDrive/Desktop/Capstone_Model/algae_bloom_dataset\train\algae_bloom_698.png,0
C:/Users/somal/OneDrive/Desktop/Capstone_Model/algae_bloom_dataset\train\algae_bloom_699.png,0
C:/Users/somal/OneDrive/Desktop/Capstone_Model/algae_bloom_dataset\train\algae_bloom_7.png,0
C:/Users/somal/OneDrive/Desktop/Capstone_Model/algae_bloom_dataset\train\algae_bloom_70.png,0
C:/Users/somal/OneDrive/Desktop/Capstone_Model/algae_bloom_dataset\train\algae_bloom_700.png,0
C:/Users/somal/OneDrive/Desktop/Capstone_Model/algae_bloom_dataset\train\algae_bloom_701.png,0
C:/Users/somal/OneDrive/Desktop/Capstone_Model/algae_bloom_dataset\train\algae_bloom_702.png,1
C:/Users/somal/OneDrive/Desktop/Capstone_Model/algae_bloom_dataset\train\algae_bloom_703.png,1
C:/Users/somal/OneDrive/Desktop/Capstone_Model/algae_bloom_dataset\train\algae_bloom_704.png,0
C:/Users/somal/OneDrive/Desktop/Capstone_Model/algae_bloom_dataset\train\algae_bloom_705.png,1
C:/Users/somal/OneDrive/Desktop/Capstone_Model/algae_bloom_dataset\train\algae_bloom_706.png,1
C:/Users/somal/OneDrive/Desktop/Capstone_Model/algae_bloom_dataset\train\algae_bloom_707.png,0
C:/Users/somal/OneDrive/Desktop/Capstone_Model/algae_bloom_dataset\train\algae_bloom_708.png,0
C:/Users/somal/OneDrive/Desktop/Capstone_Model/algae_bloom_dataset\train\algae_bloom_709.png,1
C:/Users/somal/OneDrive/Desktop/Capstone_Model/algae_bloom_dataset\train\algae_bloom_71.png,0
C:/Users/somal/OneDrive/Desktop/Capstone_Model/algae_bloom_dataset\train\algae_bloom_710.png,0
C:/Users/somal/OneDrive/Desktop/Capstone_Model/algae_bloom_dataset\train\algae_bloom_711.png,0
C:/Users/somal/OneDrive/Desktop/Capstone_Model/algae_bloom_dataset\train\algae_bloom_712.png,1
C:/Users/somal/OneDrive/Desktop/Capstone_Model/algae_bloom_dataset\train\algae_bloom_713.png,0
C:/Users/somal/OneDrive/Desktop/Capstone_Model/algae_bloom_dataset\train\algae_bloom_714.png,0
C:/Users/somal/OneDrive/Desktop/Capstone_Model/algae_bloom_dataset\train\algae_bloom_715.png,0
C:/Users/somal/OneDrive/Desktop/Capstone_Model/algae_bloom_dataset\train\algae_bloom_716.png,0
C:/Users/somal/OneDrive/Desktop/Capstone_Model/algae_bloom_dataset\train\algae_bloom_717.png,1
C:/Users/somal/OneDrive/Desktop/Capstone_Model/algae_bloom_dataset\train\algae_bloom_718.png,1
C:/Users/somal/OneDrive/Desktop/Capstone_Model/algae_bloom_dataset\train\algae_bloom_719.png,1
C:/Users/somal/OneDrive/Desktop/Capstone_Model/algae_bloom_dataset\train\algae_bloom_72.png,0
C:/Users/somal/OneDrive/Desktop/Capstone_Model/algae_bloom_dataset\train\algae_bloom_720.png,0
C:/Users/somal/OneDrive/Desktop/Capstone_Model/algae_bloom_dataset\train\algae_bloom_721.png,0
C:/Users/somal/OneDrive/Desktop/Capstone_Model/algae_bloom_dataset\train\algae_bloom_722.png,1
C:/Users/somal/OneDrive/Desktop/Capstone_Model/algae_bloom_dataset\train\algae_bloom_723.png,0
C:/Users/somal/OneDrive/Desktop/Capstone_Model/algae_bloom_dataset\train\algae_bloom_724.png,1
C:/Users/somal/OneDrive/Desktop/Capstone_Model/algae_bloom_dataset\train\algae_bloom_725.png,1
C:/Users/somal/OneDrive/Desktop/Capstone_Model/algae_bloom_dataset\train\algae_bloom_726.png,0
C:/Users/somal/OneDrive/Desktop/Capstone_Model/algae_bloom_dataset\train\algae_bloom_727.png,1
C:/Users/somal/OneDrive/Desktop/Capstone_Model/algae_bloom_dataset\train\algae_bloom_728.png,0
C:/Users/somal/OneDrive/Desktop/Capstone_Model/algae_bloom_dataset\train\algae_bloom_729.png,0
C:/Users/somal/OneDrive/Desktop/Capstone_Model/algae_bloom_dataset\train\algae_bloom_73.png,0
C:/Users/somal/OneDrive/Desktop/Capstone_Model/algae_bloom_dataset\train\algae_bloom_730.png,0
C:/Users/somal/OneDrive/Desktop/Capstone_Model/algae_bloom_dataset\train\algae_bloom_731.png,0
C:/Users/somal/OneDrive/Desktop/Capstone_Model/algae_bloom_dataset\train\algae_bloom_732.png,1
C:/Users/somal/OneDrive/Desktop/Capstone_Model/algae_bloom_dataset\train\algae_bloom_733.png,1
C:/Users/somal/OneDrive/Desktop/Capstone_Model/algae_bloom_dataset\train\algae_bloom_734.png,0
C:/Users/somal/OneDrive/Desktop/Capstone_Model/algae_bloom_dataset\train\algae_bloom_735.png,0
C:/Users/somal/OneDrive/Desktop/Capstone_Model/algae_bloom_dataset\train\algae_bloom_736.png,0
C:/Users/somal/OneDrive/Desktop/Capstone_Model/algae_bloom_dataset\train\algae_bloom_737.png,1
C:/Users/somal/OneDrive/Desktop/Capstone_Model/algae_bloom_dataset\train\algae_bloom_738.png,0
C:/Users/somal/OneDrive/Desktop/Capstone_Model/algae_bloom_dataset\train\algae_bloom_739.png,0
C:/Users/somal/OneDrive/Desktop/Capstone_Model/algae_bloom_dataset\train\algae_bloom_74.png,0
C:/Users/somal/OneDrive/Desktop/Capstone_Model/algae_bloom_dataset\train\algae_bloom_740.png,0
C:/Users/somal/OneDrive/Desktop/Capstone_Model/algae_bloom_dataset\train\algae_bloom_741.png,1
C:/Users/somal/OneDrive/Desktop/Capstone_Model/algae_bloom_dataset\train\algae_bloom_742.png,1
C:/Users/somal/OneDrive/Desktop/Capstone_Model/algae_bloom_dataset\train\algae_bloom_743.png,0
C:/Users/somal/OneDrive/Desktop/Capstone_Model/algae_bloom_dataset\train\algae_bloom_744.png,1
C:/Users/somal/OneDrive/Desktop/Capstone_Model/algae_bloom_dataset\train\algae_bloom_745.png,0
C:/Users/somal/OneDrive/Desktop/Capstone_Model/algae_bloom_dataset\train\algae_bloom_746.png,0
C:/Users/somal/OneDrive/Desktop/Capstone_Model/algae_bloom_dataset\train\algae_bloom_747.png,0
C:/Users/somal/OneDrive/Desktop/Capstone_Model/algae_bloom_dataset\train\algae_bloom_748.png,0
C:/Users/somal/OneDrive/Desktop/Capstone_Model/algae_bloom_dataset\train\algae_bloom_749.png,0
C:/Users/somal/OneDrive/Desktop/Capstone_Model/algae_bloom_dataset\train\algae_bloom_75.png,0
C:/Users/somal/OneDrive/Desktop/Capstone_Model/algae_bloom_dataset\train\algae_bloom_750.png,0
C:/Users/somal/OneDrive/Desktop/Capstone_Model/algae_bloom_dataset\train\algae_bloom_751.png,1
C:/Users/somal/OneDrive/Desktop/Capstone_Model/algae_bloom_dataset\train\algae_bloom_752.png,0
C:/Users/somal/OneDrive/Desktop/Capstone_Model/algae_bloom_dataset\train\algae_bloom_753.png,0
C:/Users/somal/OneDrive/Desktop/Capstone_Model/algae_bloom_dataset\train\algae_bloom_754.png,0
C:/Users/somal/OneDrive/Desktop/Capstone_Model/algae_bloom_dataset\train\algae_bloom_755.png,0
C:/Users/somal/OneDrive/Desktop/Capstone_Model/algae_bloom_dataset\train\algae_bloom_756.png,0
C:/Users/somal/OneDrive/Desktop/Capstone_Model/algae_bloom_dataset\train\algae_bloom_757.png,1
C:/Users/somal/OneDrive/Desktop/Capstone_Model/algae_bloom_dataset\train\algae_bloom_758.png,0
C:/Users/somal/OneDrive/Desktop/Capstone_Model/algae_bloom_dataset\train\algae_bloom_759.png,0
C:/Users/somal/OneDrive/Desktop/Capstone_Model/algae_bloom_dataset\train\algae_bloom_76.png,1
C:/Users/somal/OneDrive/Desktop/Capstone_Model/algae_bloom_dataset\train\algae_bloom_760.png,0
C:/Users/somal/OneDrive/Desktop/Capstone_Model/algae_bloom_dataset\train\algae_bloom_761.png,0
C:/Users/somal/OneDrive/Desktop/Capstone_Model/algae_bloom_dataset\train\algae_bloom_762.png,1
C:/Users/somal/OneDrive/Desktop/Capstone_Model/algae_bloom_dataset\train\algae_bloom_763.png,1
C:/Users/somal/OneDrive/Desktop/Capstone_Model/algae_bloom_dataset\train\algae_bloom_764.png,0
C:/Users/somal/OneDrive/Desktop/Capstone_Model/algae_bloom_dataset\train\algae_bloom_765.png,0
C:/Users/somal/OneDrive/Desktop/Capstone_Model/algae_bloom_dataset\train\algae_bloom_766.png,0
C:/Users/somal/OneDrive/Desktop/Capstone_Model/algae_bloom_dataset\train\algae_bloom_767.png,0
C:/Users/somal/OneDrive/Desktop/Capstone_Model/algae_bloom_dataset\train\algae_bloom_768.png,0
C:/Users/somal/OneDrive/Desktop/Capstone_Model/algae_bloom_dataset\train\algae_bloom_769.png,0
C:/Users/somal/OneDrive/Desktop/Capstone_Model/algae_bloom_dataset\train\algae_bloom_77.png,0
C:/Users/somal/OneDrive/Desktop/Capstone_Model/algae_bloom_dataset\train\algae_bloom_770.png,0
C:/Users/somal/OneDrive/Desktop/Capstone_Model/algae_bloom_dataset\train\algae_bloom_771.png,0
C:/Users/somal/OneDrive/Desktop/Capstone_Model/algae_bloom_dataset\train\algae_bloom_772.png,0
C:/Users/somal/OneDrive/Desktop/Capstone_Model/algae_bloom_dataset\train\algae_bloom_773.png,0
C:/Users/somal/OneDrive/Desktop/Capstone_Model/algae_bloom_dataset\train\algae_bloom_774.png,0
C:/Users/somal/OneDrive/Desktop/Capstone_Model/algae_bloom_dataset\train\algae_bloom_775.png,0
C:/Users/somal/OneDrive/Desktop/Capstone_Model/algae_bloom_dataset\train\algae_bloom_776.png,0
C:/Users/somal/OneDrive/Desktop/Capstone_Model/algae_bloom_dataset\train\algae_bloom_777.png,0
C:/Users/somal/OneDrive/Desktop/Capstone_Model/algae_bloom_dataset\train\algae_bloom_778.png,0
C:/Users/somal/OneDrive/Desktop/Capstone_Model/algae_bloom_dataset\train\algae_bloom_779.png,0
C:/Users/somal/OneDrive/Desktop/Capstone_Model/algae_bloom_dataset\train\algae_bloom_78.png,1
C:/Users/somal/OneDrive/Desktop/Capstone_Model/algae_bloom_dataset\train\algae_bloom_780.png,0
C:/Users/somal/OneDrive/Desktop/Capstone_Model/algae_bloom_dataset\train\algae_bloom_781.png,0
C:/Users/somal/OneDrive/Desktop/Capstone_Model/algae_bloom_dataset\train\algae_bloom_782.png,1
C:/Users/somal/OneDrive/Desktop/Capstone_Model/algae_bloom_dataset\train\algae_bloom_783.png,0
C:/Users/somal/OneDrive/Desktop/Capstone_Model/algae_bloom_dataset\train\algae_bloom_784.png,0
C:/Users/somal/OneDrive/Desktop/Capstone_Model/algae_bloom_dataset\train\algae_bloom_785.png,0
C:/Users/somal/OneDrive/Desktop/Capstone_Model/algae_bloom_dataset\train\algae_bloom_786.png,1
C:/Users/somal/OneDrive/Desktop/Capstone_Model/algae_bloom_dataset\train\algae_bloom_787.png,0
C:/Users/somal/OneDrive/Desktop/Capstone_Model/algae_bloom_dataset\train\algae_bloom_788.png,0
C:/Users/somal/OneDrive/Desktop/Capstone_Model/algae_bloom_dataset\train\algae_bloom_789.png,0
C:/Users/somal/OneDrive/Desktop/Capstone_Model/algae_bloom_dataset\train\algae_bloom_79.png,1
C:/Users/somal/OneDrive/Desktop/Capstone_Model/algae_bloom_dataset\train\algae_bloom_790.png,0
C:/Users/somal/OneDrive/Desktop/Capstone_Model/algae_bloom_dataset\train\algae_bloom_791.png,0
C:/Users/somal/OneDrive/Desktop/Capstone_Model/algae_bloom_dataset\train\algae_bloom_792.png,1
C:/Users/somal/OneDrive/Desktop/Capstone_Model/algae_bloom_dataset\train\algae_bloom_793.png,0
C:/Users/somal/OneDrive/Desktop/Capstone_Model/algae_bloom_dataset\train\algae_bloom_794.png,0
C:/Users/somal/OneDrive/Desktop/Capstone_Model/algae_bloom_dataset\train\algae_bloom_795.png,0
C:/Users/somal/OneDrive/Desktop/Capstone_Model/algae_bloom_dataset\train\algae_bloom_796.png,1
C:/Users/somal/OneDrive/Desktop/Capstone_Model/algae_bloom_dataset\train\algae_bloom_797.png,0
C:/Users/somal/OneDrive/Desktop/Capstone_Model/algae_bloom_dataset\train\algae_bloom_798.png,1
C:/Users/somal/OneDrive/Desktop/Capstone_Model/algae_bloom_dataset\train\algae_bloom_799.png,1
C:/Users/somal/OneDrive/Desktop/Capstone_Model/algae_bloom_dataset\train\algae_bloom_8.png,0
C:/Users/somal/OneDrive/Desktop/Capstone_Model/algae_bloom_dataset\train\algae_bloom_80.png,0
C:/Users/somal/OneDrive/Desktop/Capstone_Model/algae_bloom_dataset\train\algae_bloom_800.png,1
C:/Users/somal/OneDrive/Desktop/Capstone_Model/algae_bloom_dataset\train\algae_bloom_801.png,0
C:/Users/somal/OneDrive/Desktop/Capstone_Model/algae_bloom_dataset\train\algae_bloom_802.png,0
C:/Users/somal/OneDrive/Desktop/Capstone_Model/algae_bloom_dataset\train\algae_bloom_803.png,0
C:/Users/somal/OneDrive/Desktop/Capstone_Model/algae_bloom_dataset\train\algae_bloom_804.png,0
C:/Users/somal/OneDrive/Desktop/Capstone_Model/algae_bloom_dataset\train\algae_bloom_805.png,1
C:/Users/somal/OneDrive/Desktop/Capstone_Model/algae_bloom_dataset\train\algae_bloom_806.png,1
C:/Users/somal/OneDrive/Desktop/Capstone_Model/algae_bloom_dataset\train\algae_bloom_807.png,0
C:/Users/somal/OneDrive/Desktop/Capstone_Model/algae_bloom_dataset\train\algae_bloom_808.png,1
C:/Users/somal/OneDrive/Desktop/Capstone_Model/algae_bloom_dataset\train\algae_bloom_809.png,1
C:/Users/somal/OneDrive/Desktop/Capstone_Model/algae_bloom_dataset\train\algae_bloom_81.png,1
C:/Users/somal/OneDrive/Desktop/Capstone_Model/algae_bloom_dataset\train\algae_bloom_810.png,0
C:/Users/somal/OneDrive/Desktop/Capstone_Model/algae_bloom_dataset\train\algae_bloom_811.png,1
C:/Users/somal/OneDrive/Desktop/Capstone_Model/algae_bloom_dataset\train\algae_bloom_812.png,1
C:/Users/somal/OneDrive/Desktop/Capstone_Model/algae_bloom_dataset\train\algae_bloom_813.png,0
C:/Users/somal/OneDrive/Desktop/Capstone_Model/algae_bloom_dataset\train\algae_bloom_814.png,0
C:/Users/somal/OneDrive/Desktop/Capstone_Model/algae_bloom_dataset\train\algae_bloom_815.png,0
C:/Users/somal/OneDrive/Desktop/Capstone_Model/algae_bloom_dataset\train\algae_bloom_816.png,0
C:/Users/somal/OneDrive/Desktop/Capstone_Model/algae_bloom_dataset\train\algae_bloom_817.png,0
C:/Users/somal/OneDrive/Desktop/Capstone_Model/algae_bloom_dataset\train\algae_bloom_818.png,0
C:/Users/somal/OneDrive/Desktop/Capstone_Model/algae_bloom_dataset\train\algae_bloom_819.png,1
C:/Users/somal/OneDrive/Desktop/Capstone_Model/algae_bloom_dataset\train\algae_bloom_82.png,0
C:/Users/somal/OneDrive/Desktop/Capstone_Model/algae_bloom_dataset\train\algae_bloom_820.png,0
C:/Users/somal/OneDrive/Desktop/Capstone_Model/algae_bloom_dataset\train\algae_bloom_821.png,0
C:/Users/somal/OneDrive/Desktop/Capstone_Model/algae_bloom_dataset\train\algae_bloom_822.png,1
C:/Users/somal/OneDrive/Desktop/Capstone_Model/algae_bloom_dataset\train\algae_bloom_823.png,1
C:/Users/somal/OneDrive/Desktop/Capstone_Model/algae_bloom_dataset\train\algae_bloom_824.png,0
C:/Users/somal/OneDrive/Desktop/Capstone_Model/algae_bloom_dataset\train\algae_bloom_825.png,0
C:/Users/somal/OneDrive/Desktop/Capstone_Model/algae_bloom_dataset\train\algae_bloom_826.png,1
C:/Users/somal/OneDrive/Desktop/Capstone_Model/algae_bloom_dataset\train\algae_bloom_827.png,0
C:/Users/somal/OneDrive/Desktop/Capstone_Model/algae_bloom_dataset\train\algae_bloom_828.png,1
C:/Users/somal/OneDrive/Desktop/Capstone_Model/algae_bloom_dataset\train\algae_bloom_829.png,1
C:/Users/somal/OneDrive/Desktop/Capstone_Model/algae_bloom_dataset\train\algae_bloom_83.png,0
C:/Users/somal/OneDrive/Desktop/Capstone_Model/algae_bloom_dataset\train\algae_bloom_830.png,0
C:/Users/somal/OneDrive/Desktop/Capstone_Model/algae_bloom_dataset\train\algae_bloom_831.png,1
C:/Users/somal/OneDrive/Desktop/Capstone_Model/algae_bloom_dataset\train\algae_bloom_832.png,1
C:/Users/somal/OneDrive/Desktop/Capstone_Model/algae_bloom_dataset\train\algae_bloom_833.png,1
C:/Users/somal/OneDrive/Desktop/Capstone_Model/algae_bloom_dataset\train\algae_bloom_834.png,0
C:/Users/somal/OneDrive/Desktop/Capstone_Model/algae_bloom_dataset\train\algae_bloom_835.png,0
C:/Users/somal/OneDrive/Desktop/Capstone_Model/algae_bloom_dataset\train\algae_bloom_836.png,0
C:/Users/somal/OneDrive/Desktop/Capstone_Model/algae_bloom_dataset\train\algae_bloom_837.png,0
C:/Users/somal/OneDrive/Desktop/Capstone_Model/algae_bloom_dataset\train\algae_bloom_838.png,1
C:/Users/somal/OneDrive/Desktop/Capstone_Model/algae_bloom_dataset\train\algae_bloom_839.png,1
C:/Users/somal/OneDrive/Desktop/Capstone_Model/algae_bloom_dataset\train\algae_bloom_84.png,0
C:/Users/somal/OneDrive/Desktop/Capstone_Model/algae_bloom_dataset\train\algae_bloom_840.png,0
C:/Users/somal/OneDrive/Desktop/Capstone_Model/algae_bloom_dataset\train\algae_bloom_841.png,1
C:/Users/somal/OneDrive/Desktop/Capstone_Model/algae_bloom_dataset\train\algae_bloom_842.png,0
C:/Users/somal/OneDrive/Desktop/Capstone_Model/algae_bloom_dataset\train\algae_bloom_843.png,0
C:/Users/somal/OneDrive/Desktop/Capstone_Model/algae_bloom_dataset\train\algae_bloom_844.png,0
C:/Users/somal/OneDrive/Desktop/Capstone_Model/algae_bloom_dataset\train\algae_bloom_845.png,1
C:/Users/somal/OneDrive/Desktop/Capstone_Model/algae_bloom_dataset\train\algae_bloom_846.png,0
C:/Users/somal/OneDrive/Desktop/Capstone_Model/algae_bloom_dataset\train\algae_bloom_847.png,1
C:/Users/somal/OneDrive/Desktop/Capstone_Model/algae_bloom_dataset\train\algae_bloom_848.png,0
C:/Users/somal/OneDrive/Desktop/Capstone_Model/algae_bloom_dataset\train\algae_bloom_849.png,0
C:/Users/somal/OneDrive/Desktop/Capstone_Model/algae_bloom_dataset\train\algae_bloom_85.png,0
C:/Users/somal/OneDrive/Desktop/Capstone_Model/algae_bloom_dataset\train\algae_bloom_850.png,0
C:/Users/somal/OneDrive/Desktop/Capstone_Model/algae_bloom_dataset\train\algae_bloom_851.png,1
C:/Users/somal/OneDrive/Desktop/Capstone_Model/algae_bloom_dataset\train\algae_bloom_852.png,0
C:/Users/somal/OneDrive/Desktop/Capstone_Model/algae_bloom_dataset\train\algae_bloom_853.png,0
C:/Users/somal/OneDrive/Desktop/Capstone_Model/algae_bloom_dataset\train\algae_bloom_854.png,1
C:/Users/somal/OneDrive/Desktop/Capstone_Model/algae_bloom_dataset\train\algae_bloom_855.png,1
C:/Users/somal/OneDrive/Desktop/Capstone_Model/algae_bloom_dataset\train\algae_bloom_856.png,1
C:/Users/somal/OneDrive/Desktop/Capstone_Model/algae_bloom_dataset\train\algae_bloom_857.png,1
C:/Users/somal/OneDrive/Desktop/Capstone_Model/algae_bloom_dataset\train\algae_bloom_858.png,0
C:/Users/somal/OneDrive/Desktop/Capstone_Model/algae_bloom_dataset\train\algae_bloom_859.png,1
C:/Users/somal/OneDrive/Desktop/Capstone_Model/algae_bloom_dataset\train\algae_bloom_86.png,0
C:/Users/somal/OneDrive/Desktop/Capstone_Model/algae_bloom_dataset\train\algae_bloom_860.png,0
C:/Users/somal/OneDrive/Desktop/Capstone_Model/algae_bloom_dataset\train\algae_bloom_861.png,0
C:/Users/somal/OneDrive/Desktop/Capstone_Model/algae_bloom_dataset\train\algae_bloom_862.png,1
C:/Users/somal/OneDrive/Desktop/Capstone_Model/algae_bloom_dataset\train\algae_bloom_863.png,1
C:/Users/somal/OneDrive/Desktop/Capstone_Model/algae_bloom_dataset\train\algae_bloom_864.png,1
C:/Users/somal/OneDrive/Desktop/Capstone_Model/algae_bloom_dataset\train\algae_bloom_865.png,0
C:/Users/somal/OneDrive/Desktop/Capstone_Model/algae_bloom_dataset\train\algae_bloom_866.png,0
C:/Users/somal/OneDrive/Desktop/Capstone_Model/algae_bloom_dataset\train\algae_bloom_867.png,0
C:/Users/somal/OneDrive/Desktop/Capstone_Model/algae_bloom_dataset\train\algae_bloom_868.png,1
C:/Users/somal/OneDrive/Desktop/Capstone_Model/algae_bloom_dataset\train\algae_bloom_869.png,0
C:/Users/somal/OneDrive/Desktop/Capstone_Model/algae_bloom_dataset\train\algae_bloom_87.png,0
C:/Users/somal/OneDrive/Desktop/Capstone_Model/algae_bloom_dataset\train\algae_bloom_870.png,1
C:/Users/somal/OneDrive/Desktop/Capstone_Model/algae_bloom_dataset\train\algae_bloom_871.png,1
C:/Users/somal/OneDrive/Desktop/Capstone_Model/algae_bloom_dataset\train\algae_bloom_872.png,0
C:/Users/somal/OneDrive/Desktop/Capstone_Model/algae_bloom_dataset\train\algae_bloom_873.png,0
C:/Users/somal/OneDrive/Desktop/Capstone_Model/algae_bloom_dataset\train\algae_bloom_874.png,0
C:/Users/somal/OneDrive/Desktop/Capstone_Model/algae_bloom_dataset\train\algae_bloom_875.png,1
C:/Users/somal/OneDrive/Desktop/Capstone_Model/algae_bloom_dataset\train\algae_bloom_876.png,0
C:/Users/somal/OneDrive/Desktop/Capstone_Model/algae_bloom_dataset\train\algae_bloom_877.png,0
C:/Users/somal/OneDrive/Desktop/Capstone_Model/algae_bloom_dataset\train\algae_bloom_878.png,1
C:/Users/somal/OneDrive/Desktop/Capstone_Model/algae_bloom_dataset\train\algae_bloom_879.png,0
C:/Users/somal/OneDrive/Desktop/Capstone_Model/algae_bloom_dataset\train\algae_bloom_88.png,0
C:/Users/somal/OneDrive/Desktop/Capstone_Model/algae_bloom_dataset\train\algae_bloom_880.png,1
C:/Users/somal/OneDrive/Desktop/Capstone_Model/algae_bloom_dataset\train\algae_bloom_881.png,0
C:/Users/somal/OneDrive/Desktop/Capstone_Model/algae_bloom_dataset\train\algae_bloom_882.png,0
C:/Users/somal/OneDrive/Desktop/Capstone_Model/algae_bloom_dataset\train\algae_bloom_883.png,0
C:/Users/somal/OneDrive/Desktop/Capstone_Model/algae_bloom_dataset\train\algae_bloom_884.png,1
C:/Users/somal/OneDrive/Desktop/Capstone_Model/algae_bloom_dataset\train\algae_bloom_885.png,0
C:/Users/somal/OneDrive/Desktop/Capstone_Model/algae_bloom_dataset\train\algae_bloom_886.png,0
C:/Users/somal/OneDrive/Desktop/Capstone_Model/algae_bloom_dataset\train\algae_bloom_887.png,0
C:/Users/somal/OneDrive/Desktop/Capstone_Model/algae_bloom_dataset\train\algae_bloom_888.png,0
C:/Users/somal/OneDrive/Desktop/Capstone_Model/algae_bloom_dataset\train\algae_bloom_889.png,1
C:/Users/somal/OneDrive/Desktop/Capstone_Model/algae_bloom_dataset\train\algae_bloom_89.png,0
C:/Users/somal/OneDrive/Desktop/Capstone_Model/algae_bloom_dataset\train\algae_bloom_890.png,1
C:/Users/somal/OneDrive/Desktop/Capstone_Model/algae_bloom_dataset\train\algae_bloom_891.png,0
C:/Users/somal/OneDrive/Desktop/Capstone_Model/algae_bloom_dataset\train\algae_bloom_892.png,1
C:/Users/somal/OneDrive/Desktop/Capstone_Model/algae_bloom_dataset\train\algae_bloom_893.png,0
C:/Users/somal/OneDrive/Desktop/Capstone_Model/algae_bloom_dataset\train\algae_bloom_894.png,1
C:/Users/somal/OneDrive/Desktop/Capstone_Model/algae_bloom_dataset\train\algae_bloom_895.png,0
C:/Users/somal/OneDrive/Desktop/Capstone_Model/algae_bloom_dataset\train\algae_bloom_896.png,0
C:/Users/somal/OneDrive/Desktop/Capstone_Model/algae_bloom_dataset\train\algae_bloom_897.png,1
C:/Users/somal/OneDrive/Desktop/Capstone_Model/algae_bloom_dataset\train\algae_bloom_898.png,0
C:/Users/somal/OneDrive/Desktop/Capstone_Model/algae_bloom_dataset\train\algae_bloom_899.png,0
C:/Users/somal/OneDrive/Desktop/Capstone_Model/algae_bloom_dataset\train\algae_bloom_9.png,1
C:/Users/somal/OneDrive/Desktop/Capstone_Model/algae_bloom_dataset\train\algae_bloom_90.png,0
C:/Users/somal/OneDrive/Desktop/Capstone_Model/algae_bloom_dataset\train\algae_bloom_900.png,0
C:/Users/somal/OneDrive/Desktop/Capstone_Model/algae_bloom_dataset\train\algae_bloom_901.png,0
C:/Users/somal/OneDrive/Desktop/Capstone_Model/algae_bloom_dataset\train\algae_bloom_902.png,1
C:/Users/somal/OneDrive/Desktop/Capstone_Model/algae_bloom_dataset\train\algae_bloom_903.png,1
C:/Users/somal/OneDrive/Desktop/Capstone_Model/algae_bloom_dataset\train\algae_bloom_904.png,1
C:/Users/somal/OneDrive/Desktop/Capstone_Model/algae_bloom_dataset\train\algae_bloom_905.png,0
C:/Users/somal/OneDrive/Desktop/Capstone_Model/algae_bloom_dataset\train\algae_bloom_906.png,0
C:/Users/somal/OneDrive/Desktop/Capstone_Model/algae_bloom_dataset\train\algae_bloom_907.png,0
C:/Users/somal/OneDrive/Desktop/Capstone_Model/algae_bloom_dataset\train\algae_bloom_908.png,0
C:/Users/somal/OneDrive/Desktop/Capstone_Model/algae_bloom_dataset\train\algae_bloom_909.png,0
C:/Users/somal/OneDrive/Desktop/Capstone_Model/algae_bloom_dataset\train\algae_bloom_91.png,1
C:/Users/somal/OneDrive/Desktop/Capstone_Model/algae_bloom_dataset\train\algae_bloom_910.png,0
C:/Users/somal/OneDrive/Desktop/Capstone_Model/algae_bloom_dataset\train\algae_bloom_911.png,0
C:/Users/somal/OneDrive/Desktop/Capstone_Model/algae_bloom_dataset\train\algae_bloom_912.png,1
C:/Users/somal/OneDrive/Desktop/Capstone_Model/algae_bloom_dataset\train\algae_bloom_913.png,0
C:/Users/somal/OneDrive/Desktop/Capstone_Model/algae_bloom_dataset\train\algae_bloom_914.png,1
C:/Users/somal/OneDrive/Desktop/Capstone_Model/algae_bloom_dataset\train\algae_bloom_915.png,1
C:/Users/somal/OneDrive/Desktop/Capstone_Model/algae_bloom_dataset\train\algae_bloom_916.png,0
C:/Users/somal/OneDrive/Desktop/Capstone_Model/algae_bloom_dataset\train\algae_bloom_917.png,0
C:/Users/somal/OneDrive/Desktop/Capstone_Model/algae_bloom_dataset\train\algae_bloom_918.png,0
C:/Users/somal/OneDrive/Desktop/Capstone_Model/algae_bloom_dataset\train\algae_bloom_919.png,0
C:/Users/somal/OneDrive/Desktop/Capstone_Model/algae_bloom_dataset\train\algae_bloom_92.png,0
C:/Users/somal/OneDrive/Desktop/Capstone_Model/algae_bloom_dataset\train\algae_bloom_920.png,0
C:/Users/somal/OneDrive/Desktop/Capstone_Model/algae_bloom_dataset\train\algae_bloom_921.png,0
C:/Users/somal/OneDrive/Desktop/Capstone_Model/algae_bloom_dataset\train\algae_bloom_922.png,0
C:/Users/somal/OneDrive/Desktop/Capstone_Model/algae_bloom_dataset\train\algae_bloom_923.png,0
C:/Users/somal/OneDrive/Desktop/Capstone_Model/algae_bloom_dataset\train\algae_bloom_924.png,0
C:/Users/somal/OneDrive/Desktop/Capstone_Model/algae_bloom_dataset\train\algae_bloom_925.png,0
C:/Users/somal/OneDrive/Desktop/Capstone_Model/algae_bloom_dataset\train\algae_bloom_926.png,1
C:/Users/somal/OneDrive/Desktop/Capstone_Model/algae_bloom_dataset\train\algae_bloom_927.png,1
C:/Users/somal/OneDrive/Desktop/Capstone_Model/algae_bloom_dataset\train\algae_bloom_928.png,0
C:/Users/somal/OneDrive/Desktop/Capstone_Model/algae_bloom_dataset\train\algae_bloom_929.png,0
C:/Users/somal/OneDrive/Desktop/Capstone_Model/algae_bloom_dataset\train\algae_bloom_93.png,1
C:/Users/somal/OneDrive/Desktop/Capstone_Model/algae_bloom_dataset\train\algae_bloom_930.png,0
C:/Users/somal/OneDrive/Desktop/Capstone_Model/algae_bloom_dataset\train\algae_bloom_931.png,0
C:/Users/somal/OneDrive/Desktop/Capstone_Model/algae_bloom_dataset\train\algae_bloom_932.png,0
C:/Users/somal/OneDrive/Desktop/Capstone_Model/algae_bloom_dataset\train\algae_bloom_933.png,1
C:/Users/somal/OneDrive/Desktop/Capstone_Model/algae_bloom_dataset\train\algae_bloom_934.png,0
C:/Users/somal/OneDrive/Desktop/Capstone_Model/algae_bloom_dataset\train\algae_bloom_935.png,1
C:/Users/somal/OneDrive/Desktop/Capstone_Model/algae_bloom_dataset\train\algae_bloom_936.png,0
C:/Users/somal/OneDrive/Desktop/Capstone_Model/algae_bloom_dataset\train\algae_bloom_937.png,0
C:/Users/somal/OneDrive/Desktop/Capstone_Model/algae_bloom_dataset\train\algae_bloom_938.png,0
C:/Users/somal/OneDrive/Desktop/Capstone_Model/algae_bloom_dataset\train\algae_bloom_939.png,0
C:/Users/somal/OneDrive/Desktop/Capstone_Model/algae_bloom_dataset\train\algae_bloom_94.png,0
C:/Users/somal/OneDrive/Desktop/Capstone_Model/algae_bloom_dataset\train\algae_bloom_940.png,0
C:/Users/somal/OneDrive/Desktop/Capstone_Model/algae_bloom_dataset\train\algae_bloom_941.png,0
C:/Users/somal/OneDrive/Desktop/Capstone_Model/algae_bloom_dataset\train\algae_bloom_942.png,0
C:/Users/somal/OneDrive/Desktop/Capstone_Model/algae_bloom_dataset\train\algae_bloom_943.png,0
C:/Users/somal/OneDrive/Desktop/Capstone_Model/algae_bloom_dataset\train\algae_bloom_944.png,0
C:/Users/somal/OneDrive/Desktop/Capstone_Model/algae_bloom_dataset\train\algae_bloom_945.png,1
C:/Users/somal/OneDrive/Desktop/Capstone_Model/algae_bloom_dataset\train\algae_bloom_946.png,0
C:/Users/somal/OneDrive/Desktop/Capstone_Model/algae_bloom_dataset\train\algae_bloom_947.png,1
C:/Users/somal/OneDrive/Desktop/Capstone_Model/algae_bloom_dataset\train\algae_bloom_948.png,0
C:/Users/somal/OneDrive/Desktop/Capstone_Model/algae_bloom_dataset\train\algae_bloom_949.png,1
C:/Users/somal/OneDrive/Desktop/Capstone_Model/algae_bloom_dataset\train\algae_bloom_95.png,1
C:/Users/somal/OneDrive/Desktop/Capstone_Model/algae_bloom_dataset\train\algae_bloom_950.png,1
C:/Users/somal/OneDrive/Desktop/Capstone_Model/algae_bloom_dataset\train\algae_bloom_951.png,0
C:/Users/somal/OneDrive/Desktop/Capstone_Model/algae_bloom_dataset\train\algae_bloom_952.png,0
C:/Users/somal/OneDrive/Desktop/Capstone_Model/algae_bloom_dataset\train\algae_bloom_953.png,0
C:/Users/somal/OneDrive/Desktop/Capstone_Model/algae_bloom_dataset\train\algae_bloom_954.png,1
C:/Users/somal/OneDrive/Desktop/Capstone_Model/algae_bloom_dataset\train\algae_bloom_955.png,0
C:/Users/somal/OneDrive/Desktop/Capstone_Model/algae_bloom_dataset\train\algae_bloom_956.png,0
C:/Users/somal/OneDrive/Desktop/Capstone_Model/algae_bloom_dataset\train\algae_bloom_957.png,0
C:/Users/somal/OneDrive/Desktop/Capstone_Model/algae_bloom_dataset\train\algae_bloom_958.png,1
C:/Users/somal/OneDrive/Desktop/Capstone_Model/algae_bloom_dataset\train\algae_bloom_959.png,0
C:/Users/somal/OneDrive/Desktop/Capstone_Model/algae_bloom_dataset\train\algae_bloom_96.png,0
C:/Users/somal/OneDrive/Desktop/Capstone_Model/algae_bloom_dataset\train\algae_bloom_960.png,0
C:/Users/somal/OneDrive/Desktop/Capstone_Model/algae_bloom_dataset\train\algae_bloom_961.png,0
C:/Users/somal/OneDrive/Desktop/Capstone_Model/algae_bloom_dataset\train\algae_bloom_962.png,0
C:/Users/somal/OneDrive/Desktop/Capstone_Model/algae_bloom_dataset\train\algae_bloom_963.png,1
C:/Users/somal/OneDrive/Desktop/Capstone_Model/algae_bloom_dataset\train\algae_bloom_964.png,0
C:/Users/somal/OneDrive/Desktop/Capstone_Model/algae_bloom_dataset\train\algae_bloom_965.png,0
C:/Users/somal/OneDrive/Desktop/Capstone_Model/algae_bloom_dataset\train\algae_bloom_966.png,1
C:/Users/somal/OneDrive/Desktop/Capstone_Model/algae_bloom_dataset\train\algae_bloom_967.png,0
C:/Users/somal/OneDrive/Desktop/Capstone_Model/algae_bloom_dataset\train\algae_bloom_968.png,0
C:/Users/somal/OneDrive/Desktop/Capstone_Model/algae_bloom_dataset\train\algae_bloom_969.png,0
C:/Users/somal/OneDrive/Desktop/Capstone_Model/algae_bloom_dataset\train\algae_bloom_97.png,0
C:/Users/somal/OneDrive/Desktop/Capstone_Model/algae_bloom_dataset\train\algae_bloom_970.png,0
C:/Users/somal/OneDrive/Desktop/Capstone_Model/algae_bloom_dataset\train\algae_bloom_971.png,0
C:/Users/somal/OneDrive/Desktop/Capstone_Model/algae_bloom_dataset\train\algae_bloom_972.png,1
C:/Users/somal/OneDrive/Desktop/Capstone_Model/algae_bloom_dataset\train\algae_bloom_973.png,0
C:/Users/somal/OneDrive/Desktop/Capstone_Model/algae_bloom_dataset\train\algae_bloom_974.png,0
C:/Users/somal/OneDrive/Desktop/Capstone_Model/algae_bloom_dataset\train\algae_bloom_975.png,1
C:/Users/somal/OneDrive/Desktop/Capstone_Model/algae_bloom_dataset\train\algae_bloom_976.png,0
C:/Users/somal/OneDrive/Desktop/Capstone_Model/algae_bloom_dataset\train\algae_bloom_977.png,0
C:/Users/somal/OneDrive/Desktop/Capstone_Model/algae_bloom_dataset\train\algae_bloom_978.png,1
C:/Users/somal/OneDrive/Desktop/Capstone_Model/algae_bloom_dataset\train\algae_bloom_979.png,0
C:/Users/somal/OneDrive/Desktop/Capstone_Model/algae_bloom_dataset\train\algae_bloom_98.png,0
C:/Users/somal/OneDrive/Desktop/Capstone_Model/algae_bloom_dataset\train\algae_bloom_980.png,0
C:/Users/somal/OneDrive/Desktop/Capstone_Model/algae_bloom_dataset\train\algae_bloom_981.png,0
C:/Users/somal/OneDrive/Desktop/Capstone_Model/algae_bloom_dataset\train\algae_bloom_982.png,0
C:/Users/somal/OneDrive/Desktop/Capstone_Model/algae_bloom_dataset\train\algae_bloom_983.png,0
C:/Users/somal/OneDrive/Desktop/Capstone_Model/algae_bloom_dataset\train\algae_bloom_984.png,0
C:/Users/somal/OneDrive/Desktop/Capstone_Model/algae_bloom_dataset\train\algae_bloom_985.png,1
C:/Users/somal/OneDrive/Desktop/Capstone_Model/algae_bloom_dataset\train\algae_bloom_986.png,0
C:/Users/somal/OneDrive/Desktop/Capstone_Model/algae_bloom_dataset\train\algae_bloom_987.png,0
C:/Users/somal/OneDrive/Desktop/Capstone_Model/algae_bloom_dataset\train\algae_bloom_988.png,0
C:/Users/somal/OneDrive/Desktop/Capstone_Model/algae_bloom_dataset\train\algae_bloom_989.png,0
C:/Users/somal/OneDrive/Desktop/Capstone_Model/algae_bloom_dataset\train\algae_bloom_99.png,0
C:/Users/somal/OneDrive/Desktop/Capstone_Model/algae_bloom_dataset\train\algae_bloom_990.png,0
C:/Users/somal/OneDrive/Desktop/Capstone_Model/algae_bloom_dataset\train\algae_bloom_991.png,0
C:/Users/somal/OneDrive/Desktop/Capstone_Model/algae_bloom_dataset\train\algae_bloom_992.png,1
C:/Users/somal/OneDrive/Desktop/Capstone_Model/algae_bloom_dataset\train\algae_bloom_993.png,0
C:/Users/somal/OneDrive/Desktop/Capstone_Model/algae_bloom_dataset\train\algae_bloom_994.png,1
C:/Users/somal/OneDrive/Desktop/Capstone_Model/algae_bloom_dataset\train\algae_bloom_995.png,0
C:/Users/somal/OneDrive/Desktop/Capstone_Model/algae_bloom_dataset\train\algae_bloom_996.png,1
C:/Users/somal/OneDrive/Desktop/Capstone_Model/algae_bloom_dataset\train\algae_bloom_997.png,0
C:/Users/somal/OneDrive/Desktop/Capstone_Model/algae_bloom_dataset\train\algae_bloom_998.png,0
C:/Users/somal/OneDrive/Desktop/Capstone_Model/algae_bloom_dataset\train\algae_bloom_999.png,0
C:/Users/somal/OneDrive/Desktop/Capstone_Model/algae_bloom_dataset\test\algae_bloom_6000.png,0
C:/Users/somal/OneDrive/Desktop/Capstone_Model/algae_bloom_dataset\test\algae_bloom_6001.png,0
C:/Users/somal/OneDrive/Desktop/Capstone_Model/algae_bloom_dataset\test\algae_bloom_6002.png,0
C:/Users/somal/OneDrive/Desktop/Capstone_Model/algae_bloom_dataset\test\algae_bloom_6003.png,0
C:/Users/somal/OneDrive/Desktop/Capstone_Model/algae_bloom_dataset\test\algae_bloom_6004.png,1
C:/Users/somal/OneDrive/Desktop/Capstone_Model/algae_bloom_dataset\test\algae_bloom_6005.png,0
C:/Users/somal/OneDrive/Desktop/Capstone_Model/algae_bloom_dataset\test\algae_bloom_6006.png,1
C:/Users/somal/OneDrive/Desktop/Capstone_Model/algae_bloom_dataset\test\algae_bloom_6007.png,0
C:/Users/somal/OneDrive/Desktop/Capstone_Model/algae_bloom_dataset\test\algae_bloom_6008.png,1
C:/Users/somal/OneDrive/Desktop/Capstone_Model/algae_bloom_dataset\test\algae_bloom_6009.png,0
C:/Users/somal/OneDrive/Desktop/Capstone_Model/algae_bloom_dataset\test\algae_bloom_6010.png,0
C:/Users/somal/OneDrive/Desktop/Capstone_Model/algae_bloom_dataset\test\algae_bloom_6011.png,1
C:/Users/somal/OneDrive/Desktop/Capstone_Model/algae_bloom_dataset\test\algae_bloom_6012.png,0
C:/Users/somal/OneDrive/Desktop/Capstone_Model/algae_bloom_dataset\test\algae_bloom_6013.png,1
C:/Users/somal/OneDrive/Desktop/Capstone_Model/algae_bloom_dataset\test\algae_bloom_6014.png,0
C:/Users/somal/OneDrive/Desktop/Capstone_Model/algae_bloom_dataset\test\algae_bloom_6015.png,0
C:/Users/somal/OneDrive/Desktop/Capstone_Model/algae_bloom_dataset\test\algae_bloom_6016.png,1
C:/Users/somal/OneDrive/Desktop/Capstone_Model/algae_bloom_dataset\test\algae_bloom_6017.png,0
C:/Users/somal/OneDrive/Desktop/Capstone_Model/algae_bloom_dataset\test\algae_bloom_6018.png,0
C:/Users/somal/OneDrive/Desktop/Capstone_Model/algae_bloom_dataset\test\algae_bloom_6019.png,0
C:/Users/somal/OneDrive/Desktop/Capstone_Model/algae_bloom_dataset\test\algae_bloom_6020.png,1
C:/Users/somal/OneDrive/Desktop/Capstone_Model/algae_bloom_dataset\test\algae_bloom_6021.png,0
C:/Users/somal/OneDrive/Desktop/Capstone_Model/algae_bloom_dataset\test\algae_bloom_6022.png,1
C:/Users/somal/OneDrive/Desktop/Capstone_Model/algae_bloom_dataset\test\algae_bloom_6023.png,0
C:/Users/somal/OneDrive/Desktop/Capstone_Model/algae_bloom_dataset\test\algae_bloom_6024.png,0
C:/Users/somal/OneDrive/Desktop/Capstone_Model/algae_bloom_dataset\test\algae_bloom_6025.png,0
C:/Users/somal/OneDrive/Desktop/Capstone_Model/algae_bloom_dataset\test\algae_bloom_6026.png,0
C:/Users/somal/OneDrive/Desktop/Capstone_Model/algae_bloom_dataset\test\algae_bloom_6027.png,0
C:/Users/somal/OneDrive/Desktop/Capstone_Model/algae_bloom_dataset\test\algae_bloom_6028.png,0
C:/Users/somal/OneDrive/Desktop/Capstone_Model/algae_bloom_dataset\test\algae_bloom_6029.png,0
C:/Users/somal/OneDrive/Desktop/Capstone_Model/algae_bloom_dataset\test\algae_bloom_6030.png,0
C:/Users/somal/OneDrive/Desktop/Capstone_Model/algae_bloom_dataset\test\algae_bloom_6031.png,0
C:/Users/somal/OneDrive/Desktop/Capstone_Model/algae_bloom_dataset\test\algae_bloom_6032.png,0
C:/Users/somal/OneDrive/Desktop/Capstone_Model/algae_bloom_dataset\test\algae_bloom_6033.png,0
C:/Users/somal/OneDrive/Desktop/Capstone_Model/algae_bloom_dataset\test\algae_bloom_6034.png,0
C:/Users/somal/OneDrive/Desktop/Capstone_Model/algae_bloom_dataset\test\algae_bloom_6035.png,0
C:/Users/somal/OneDrive/Desktop/Capstone_Model/algae_bloom_dataset\test\algae_bloom_6036.png,1
C:/Users/somal/OneDrive/Desktop/Capstone_Model/algae_bloom_dataset\test\algae_bloom_6037.png,0
C:/Users/somal/OneDrive/Desktop/Capstone_Model/algae_bloom_dataset\test\algae_bloom_6038.png,0
C:/Users/somal/OneDrive/Desktop/Capstone_Model/algae_bloom_dataset\test\algae_bloom_6039.png,0
C:/Users/somal/OneDrive/Desktop/Capstone_Model/algae_bloom_dataset\test\algae_bloom_6040.png,0
C:/Users/somal/OneDrive/Desktop/Capstone_Model/algae_bloom_dataset\test\algae_bloom_6041.png,1
C:/Users/somal/OneDrive/Desktop/Capstone_Model/algae_bloom_dataset\test\algae_bloom_6042.png,0
C:/Users/somal/OneDrive/Desktop/Capstone_Model/algae_bloom_dataset\test\algae_bloom_6043.png,0
C:/Users/somal/OneDrive/Desktop/Capstone_Model/algae_bloom_dataset\test\algae_bloom_6044.png,0
C:/Users/somal/OneDrive/Desktop/Capstone_Model/algae_bloom_dataset\test\algae_bloom_6045.png,0
C:/Users/somal/OneDrive/Desktop/Capstone_Model/algae_bloom_dataset\test\algae_bloom_6046.png,0
C:/Users/somal/OneDrive/Desktop/Capstone_Model/algae_bloom_dataset\test\algae_bloom_6047.png,0
C:/Users/somal/OneDrive/Desktop/Capstone_Model/algae_bloom_dataset\test\algae_bloom_6048.png,0
C:/Users/somal/OneDrive/Desktop/Capstone_Model/algae_bloom_dataset\test\algae_bloom_6049.png,0
C:/Users/somal/OneDrive/Desktop/Capstone_Model/algae_bloom_dataset\test\algae_bloom_6050.png,0
C:/Users/somal/OneDrive/Desktop/Capstone_Model/algae_bloom_dataset\test\algae_bloom_6051.png,1
C:/Users/somal/OneDrive/Desktop/Capstone_Model/algae_bloom_dataset\test\algae_bloom_6052.png,0
C:/Users/somal/OneDrive/Desktop/Capstone_Model/algae_bloom_dataset\test\algae_bloom_6053.png,0
C:/Users/somal/OneDrive/Desktop/Capstone_Model/algae_bloom_dataset\test\algae_bloom_6054.png,0
C:/Users/somal/OneDrive/Desktop/Capstone_Model/algae_bloom_dataset\test\algae_bloom_6055.png,1
C:/Users/somal/OneDrive/Desktop/Capstone_Model/algae_bloom_dataset\test\algae_bloom_6056.png,0
C:/Users/somal/OneDrive/Desktop/Capstone_Model/algae_bloom_dataset\test\algae_bloom_6057.png,0
C:/Users/somal/OneDrive/Desktop/Capstone_Model/algae_bloom_dataset\test\algae_bloom_6058.png,0
C:/Users/somal/OneDrive/Desktop/Capstone_Model/algae_bloom_dataset\test\algae_bloom_6059.png,1
C:/Users/somal/OneDrive/Desktop/Capstone_Model/algae_bloom_dataset\test\algae_bloom_6060.png,1
C:/Users/somal/OneDrive/Desktop/Capstone_Model/algae_bloom_dataset\test\algae_bloom_6061.png,1
C:/Users/somal/OneDrive/Desktop/Capstone_Model/algae_bloom_dataset\test\algae_bloom_6062.png,0
C:/Users/somal/OneDrive/Desktop/Capstone_Model/algae_bloom_dataset\test\algae_bloom_6063.png,1
C:/Users/somal/OneDrive/Desktop/Capstone_Model/algae_bloom_dataset\test\algae_bloom_6064.png,0
C:/Users/somal/OneDrive/Desktop/Capstone_Model/algae_bloom_dataset\test\algae_bloom_6065.png,1
C:/Users/somal/OneDrive/Desktop/Capstone_Model/algae_bloom_dataset\test\algae_bloom_6066.png,0
C:/Users/somal/OneDrive/Desktop/Capstone_Model/algae_bloom_dataset\test\algae_bloom_6067.png,0
C:/Users/somal/OneDrive/Desktop/Capstone_Model/algae_bloom_dataset\test\algae_bloom_6068.png,0
C:/Users/somal/OneDrive/Desktop/Capstone_Model/algae_bloom_dataset\test\algae_bloom_6069.png,1
C:/Users/somal/OneDrive/Desktop/Capstone_Model/algae_bloom_dataset\test\algae_bloom_6070.png,0
C:/Users/somal/OneDrive/Desktop/Capstone_Model/algae_bloom_dataset\test\algae_bloom_6071.png,0
C:/Users/somal/OneDrive/Desktop/Capstone_Model/algae_bloom_dataset\test\algae_bloom_6072.png,0
C:/Users/somal/OneDrive/Desktop/Capstone_Model/algae_bloom_dataset\test\algae_bloom_6073.png,0
C:/Users/somal/OneDrive/Desktop/Capstone_Model/algae_bloom_dataset\test\algae_bloom_6074.png,0
C:/Users/somal/OneDrive/Desktop/Capstone_Model/algae_bloom_dataset\test\algae_bloom_6075.png,1
C:/Users/somal/OneDrive/Desktop/Capstone_Model/algae_bloom_dataset\test\algae_bloom_6076.png,0
C:/Users/somal/OneDrive/Desktop/Capstone_Model/algae_bloom_dataset\test\algae_bloom_6077.png,0
C:/Users/somal/OneDrive/Desktop/Capstone_Model/algae_bloom_dataset\test\algae_bloom_6078.png,0
C:/Users/somal/OneDrive/Desktop/Capstone_Model/algae_bloom_dataset\test\algae_bloom_6079.png,1
C:/Users/somal/OneDrive/Desktop/Capstone_Model/algae_bloom_dataset\test\algae_bloom_6080.png,0
C:/Users/somal/OneDrive/Desktop/Capstone_Model/algae_bloom_dataset\test\algae_bloom_6081.png,0
C:/Users/somal/OneDrive/Desktop/Capstone_Model/algae_bloom_dataset\test\algae_bloom_6082.png,0
C:/Users/somal/OneDrive/Desktop/Capstone_Model/algae_bloom_dataset\test\algae_bloom_6083.png,0
C:/Users/somal/OneDrive/Desktop/Capstone_Model/algae_bloom_dataset\test\algae_bloom_6084.png,0
C:/Users/somal/OneDrive/Desktop/Capstone_Model/algae_bloom_dataset\test\algae_bloom_6085.png,0
C:/Users/somal/OneDrive/Desktop/Capstone_Model/algae_bloom_dataset\test\algae_bloom_6086.png,0
C:/Users/somal/OneDrive/Desktop/Capstone_Model/algae_bloom_dataset\test\algae_bloom_6087.png,1
C:/Users/somal/OneDrive/Desktop/Capstone_Model/algae_bloom_dataset\test\algae_bloom_6088.png,1
C:/Users/somal/OneDrive/Desktop/Capstone_Model/algae_bloom_dataset\test\algae_bloom_6089.png,0
C:/Users/somal/OneDrive/Desktop/Capstone_Model/algae_bloom_dataset\test\algae_bloom_6090.png,1
C:/Users/somal/OneDrive/Desktop/Capstone_Model/algae_bloom_dataset\test\algae_bloom_6091.png,0
C:/Users/somal/OneDrive/Desktop/Capstone_Model/algae_bloom_dataset\test\algae_bloom_6092.png,0
C:/Users/somal/OneDrive/Desktop/Capstone_Model/algae_bloom_dataset\test\algae_bloom_6093.png,0
C:/Users/somal/OneDrive/Desktop/Capstone_Model/algae_bloom_dataset\test\algae_bloom_6094.png,0
C:/Users/somal/OneDrive/Desktop/Capstone_Model/algae_bloom_dataset\test\algae_bloom_6095.png,0
C:/Users/somal/OneDrive/Desktop/Capstone_Model/algae_bloom_dataset\test\algae_bloom_6096.png,0
C:/Users/somal/OneDrive/Desktop/Capstone_Model/algae_bloom_dataset\test\algae_bloom_6097.png,0
C:/Users/somal/OneDrive/Desktop/Capstone_Model/algae_bloom_dataset\test\algae_bloom_6098.png,0
C:/Users/somal/OneDrive/Desktop/Capstone_Model/algae_bloom_dataset\test\algae_bloom_6099.png,0
C:/Users/somal/OneDrive/Desktop/Capstone_Model/algae_bloom_dataset\test\algae_bloom_6100.png,1
C:/Users/somal/OneDrive/Desktop/Capstone_Model/algae_bloom_dataset\test\algae_bloom_6101.png,0
C:/Users/somal/OneDrive/Desktop/Capstone_Model/algae_bloom_dataset\test\algae_bloom_6102.png,0
C:/Users/somal/OneDrive/Desktop/Capstone_Model/algae_bloom_dataset\test\algae_bloom_6103.png,0
C:/Users/somal/OneDrive/Desktop/Capstone_Model/algae_bloom_dataset\test\algae_bloom_6104.png,1
C:/Users/somal/OneDrive/Desktop/Capstone_Model/algae_bloom_dataset\test\algae_bloom_6105.png,1
C:/Users/somal/OneDrive/Desktop/Capstone_Model/algae_bloom_dataset\test\algae_bloom_6106.png,0
C:/Users/somal/OneDrive/Desktop/Capstone_Model/algae_bloom_dataset\test\algae_bloom_6107.png,1
C:/Users/somal/OneDrive/Desktop/Capstone_Model/algae_bloom_dataset\test\algae_bloom_6108.png,0
C:/Users/somal/OneDrive/Desktop/Capstone_Model/algae_bloom_dataset\test\algae_bloom_6109.png,1
C:/Users/somal/OneDrive/Desktop/Capstone_Model/algae_bloom_dataset\test\algae_bloom_6110.png,0
C:/Users/somal/OneDrive/Desktop/Capstone_Model/algae_bloom_dataset\test\algae_bloom_6111.png,1
C:/Users/somal/OneDrive/Desktop/Capstone_Model/algae_bloom_dataset\test\algae_bloom_6112.png,0
C:/Users/somal/OneDrive/Desktop/Capstone_Model/algae_bloom_dataset\test\algae_bloom_6113.png,0
C:/Users/somal/OneDrive/Desktop/Capstone_Model/algae_bloom_dataset\test\algae_bloom_6114.png,0
C:/Users/somal/OneDrive/Desktop/Capstone_Model/algae_bloom_dataset\test\algae_bloom_6115.png,0
C:/Users/somal/OneDrive/Desktop/Capstone_Model/algae_bloom_dataset\test\algae_bloom_6116.png,0
C:/Users/somal/OneDrive/Desktop/Capstone_Model/algae_bloom_dataset\test\algae_bloom_6117.png,0
C:/Users/somal/OneDrive/Desktop/Capstone_Model/algae_bloom_dataset\test\algae_bloom_6118.png,0
C:/Users/somal/OneDrive/Desktop/Capstone_Model/algae_bloom_dataset\test\algae_bloom_6119.png,0
C:/Users/somal/OneDrive/Desktop/Capstone_Model/algae_bloom_dataset\test\algae_bloom_6120.png,1
C:/Users/somal/OneDrive/Desktop/Capstone_Model/algae_bloom_dataset\test\algae_bloom_6121.png,0
C:/Users/somal/OneDrive/Desktop/Capstone_Model/algae_bloom_dataset\test\algae_bloom_6122.png,0
C:/Users/somal/OneDrive/Desktop/Capstone_Model/algae_bloom_dataset\test\algae_bloom_6123.png,0
C:/Users/somal/OneDrive/Desktop/Capstone_Model/algae_bloom_dataset\test\algae_bloom_6124.png,0
C:/Users/somal/OneDrive/Desktop/Capstone_Model/algae_bloom_dataset\test\algae_bloom_6125.png,0
C:/Users/somal/OneDrive/Desktop/Capstone_Model/algae_bloom_dataset\test\algae_bloom_6126.png,0
C:/Users/somal/OneDrive/Desktop/Capstone_Model/algae_bloom_dataset\test\algae_bloom_6127.png,0
C:/Users/somal/OneDrive/Desktop/Capstone_Model/algae_bloom_dataset\test\algae_bloom_6128.png,0
C:/Users/somal/OneDrive/Desktop/Capstone_Model/algae_bloom_dataset\test\algae_bloom_6129.png,0
C:/Users/somal/OneDrive/Desktop/Capstone_Model/algae_bloom_dataset\test\algae_bloom_6130.png,0
C:/Users/somal/OneDrive/Desktop/Capstone_Model/algae_bloom_dataset\test\algae_bloom_6131.png,1
C:/Users/somal/OneDrive/Desktop/Capstone_Model/algae_bloom_dataset\test\algae_bloom_6132.png,0
C:/Users/somal/OneDrive/Desktop/Capstone_Model/algae_bloom_dataset\test\algae_bloom_6133.png,1
C:/Users/somal/OneDrive/Desktop/Capstone_Model/algae_bloom_dataset\test\algae_bloom_6134.png,1
C:/Users/somal/OneDrive/Desktop/Capstone_Model/algae_bloom_dataset\test\algae_bloom_6135.png,0
C:/Users/somal/OneDrive/Desktop/Capstone_Model/algae_bloom_dataset\test\algae_bloom_6136.png,0
C:/Users/somal/OneDrive/Desktop/Capstone_Model/algae_bloom_dataset\test\algae_bloom_6137.png,0
C:/Users/somal/OneDrive/Desktop/Capstone_Model/algae_bloom_dataset\test\algae_bloom_6138.png,0
C:/Users/somal/OneDrive/Desktop/Capstone_Model/algae_bloom_dataset\test\algae_bloom_6139.png,1
C:/Users/somal/OneDrive/Desktop/Capstone_Model/algae_bloom_dataset\test\algae_bloom_6140.png,0
C:/Users/somal/OneDrive/Desktop/Capstone_Model/algae_bloom_dataset\test\algae_bloom_6141.png,1
C:/Users/somal/OneDrive/Desktop/Capstone_Model/algae_bloom_dataset\test\algae_bloom_6142.png,1
C:/Users/somal/OneDrive/Desktop/Capstone_Model/algae_bloom_dataset\test\algae_bloom_6143.png,0
C:/Users/somal/OneDrive/Desktop/Capstone_Model/algae_bloom_dataset\test\algae_bloom_6144.png,1
C:/Users/somal/OneDrive/Desktop/Capstone_Model/algae_bloom_dataset\test\algae_bloom_6145.png,0
C:/Users/somal/OneDrive/Desktop/Capstone_Model/algae_bloom_dataset\test\algae_bloom_6146.png,1
C:/Users/somal/OneDrive/Desktop/Capstone_Model/algae_bloom_dataset\test\algae_bloom_6147.png,0
C:/Users/somal/OneDrive/Desktop/Capstone_Model/algae_bloom_dataset\test\algae_bloom_6148.png,0
C:/Users/somal/OneDrive/Desktop/Capstone_Model/algae_bloom_dataset\test\algae_bloom_6149.png,1
C:/Users/somal/OneDrive/Desktop/Capstone_Model/algae_bloom_dataset\test\algae_bloom_6150.png,0
C:/Users/somal/OneDrive/Desktop/Capstone_Model/algae_bloom_dataset\test\algae_bloom_6151.png,1
C:/Users/somal/OneDrive/Desktop/Capstone_Model/algae_bloom_dataset\test\algae_bloom_6152.png,0
C:/Users/somal/OneDrive/Desktop/Capstone_Model/algae_bloom_dataset\test\algae_bloom_6153.png,0
C:/Users/somal/OneDrive/Desktop/Capstone_Model/algae_bloom_dataset\test\algae_bloom_6154.png,1
C:/Users/somal/OneDrive/Desktop/Capstone_Model/algae_bloom_dataset\test\algae_bloom_6155.png,0
C:/Users/somal/OneDrive/Desktop/Capstone_Model/algae_bloom_dataset\test\algae_bloom_6156.png,1
C:/Users/somal/OneDrive/Desktop/Capstone_Model/algae_bloom_dataset\test\algae_bloom_6157.png,0
C:/Users/somal/OneDrive/Desktop/Capstone_Model/algae_bloom_dataset\test\algae_bloom_6158.png,1
C:/Users/somal/OneDrive/Desktop/Capstone_Model/algae_bloom_dataset\test\algae_bloom_6159.png,1
C:/Users/somal/OneDrive/Desktop/Capstone_Model/algae_bloom_dataset\test\algae_bloom_6160.png,0
C:/Users/somal/OneDrive/Desktop/Capstone_Model/algae_bloom_dataset\test\algae_bloom_6161.png,0
C:/Users/somal/OneDrive/Desktop/Capstone_Model/algae_bloom_dataset\test\algae_bloom_6162.png,1
C:/Users/somal/OneDrive/Desktop/Capstone_Model/algae_bloom_dataset\test\algae_bloom_6163.png,0
C:/Users/somal/OneDrive/Desktop/Capstone_Model/algae_bloom_dataset\test\algae_bloom_6164.png,1
C:/Users/somal/OneDrive/Desktop/Capstone_Model/algae_bloom_dataset\test\algae_bloom_6165.png,0
C:/Users/somal/OneDrive/Desktop/Capstone_Model/algae_bloom_dataset\test\algae_bloom_6166.png,1
C:/Users/somal/OneDrive/Desktop/Capstone_Model/algae_bloom_dataset\test\algae_bloom_6167.png,0
C:/Users/somal/OneDrive/Desktop/Capstone_Model/algae_bloom_dataset\test\algae_bloom_6168.png,1
C:/Users/somal/OneDrive/Desktop/Capstone_Model/algae_bloom_dataset\test\algae_bloom_6169.png,0
C:/Users/somal/OneDrive/Desktop/Capstone_Model/algae_bloom_dataset\test\algae_bloom_6170.png,0
C:/Users/somal/OneDrive/Desktop/Capstone_Model/algae_bloom_dataset\test\algae_bloom_6171.png,0
C:/Users/somal/OneDrive/Desktop/Capstone_Model/algae_bloom_dataset\test\algae_bloom_6172.png,0
C:/Users/somal/OneDrive/Desktop/Capstone_Model/algae_bloom_dataset\test\algae_bloom_6173.png,1
C:/Users/somal/OneDrive/Desktop/Capstone_Model/algae_bloom_dataset\test\algae_bloom_6174.png,0
C:/Users/somal/OneDrive/Desktop/Capstone_Model/algae_bloom_dataset\test\algae_bloom_6175.png,0
C:/Users/somal/OneDrive/Desktop/Capstone_Model/algae_bloom_dataset\test\algae_bloom_6176.png,1
C:/Users/somal/OneDrive/Desktop/Capstone_Model/algae_bloom_dataset\test\algae_bloom_6177.png,0
C:/Users/somal/OneDrive/Desktop/Capstone_Model/algae_bloom_dataset\test\algae_bloom_6178.png,0
C:/Users/somal/OneDrive/Desktop/Capstone_Model/algae_bloom_dataset\test\algae_bloom_6179.png,1
C:/Users/somal/OneDrive/Desktop/Capstone_Model/algae_bloom_dataset\test\algae_bloom_6180.png,0
C:/Users/somal/OneDrive/Desktop/Capstone_Model/algae_bloom_dataset\test\algae_bloom_6181.png,1
C:/Users/somal/OneDrive/Desktop/Capstone_Model/algae_bloom_dataset\test\algae_bloom_6182.png,1
C:/Users/somal/OneDrive/Desktop/Capstone_Model/algae_bloom_dataset\test\algae_bloom_6183.png,0
C:/Users/somal/OneDrive/Desktop/Capstone_Model/algae_bloom_dataset\test\algae_bloom_6184.png,0
C:/Users/somal/OneDrive/Desktop/Capstone_Model/algae_bloom_dataset\test\algae_bloom_6185.png,0
C:/Users/somal/OneDrive/Desktop/Capstone_Model/algae_bloom_dataset\test\algae_bloom_6186.png,0
C:/Users/somal/OneDrive/Desktop/Capstone_Model/algae_bloom_dataset\test\algae_bloom_6187.png,0
C:/Users/somal/OneDrive/Desktop/Capstone_Model/algae_bloom_dataset\test\algae_bloom_6188.png,0
C:/Users/somal/OneDrive/Desktop/Capstone_Model/algae_bloom_dataset\test\algae_bloom_6189.png,1
C:/Users/somal/OneDrive/Desktop/Capstone_Model/algae_bloom_dataset\test\algae_bloom_6190.png,0
C:/Users/somal/OneDrive/Desktop/Capstone_Model/algae_bloom_dataset\test\algae_bloom_6191.png,1
C:/Users/somal/OneDrive/Desktop/Capstone_Model/algae_bloom_dataset\test\algae_bloom_6192.png,0
C:/Users/somal/OneDrive/Desktop/Capstone_Model/algae_bloom_dataset\test\algae_bloom_6193.png,1
C:/Users/somal/OneDrive/Desktop/Capstone_Model/algae_bloom_dataset\test\algae_bloom_6194.png,0
C:/Users/somal/OneDrive/Desktop/Capstone_Model/algae_bloom_dataset\test\algae_bloom_6195.png,1
C:/Users/somal/OneDrive/Desktop/Capstone_Model/algae_bloom_dataset\test\algae_bloom_6196.png,0
C:/Users/somal/OneDrive/Desktop/Capstone_Model/algae_bloom_dataset\test\algae_bloom_6197.png,0
C:/Users/somal/OneDrive/Desktop/Capstone_Model/algae_bloom_dataset\test\algae_bloom_6198.png,0
C:/Users/somal/OneDrive/Desktop/Capstone_Model/algae_bloom_dataset\test\algae_bloom_6199.png,0
C:/Users/somal/OneDrive/Desktop/Capstone_Model/algae_bloom_dataset\test\algae_bloom_6200.png,1
C:/Users/somal/OneDrive/Desktop/Capstone_Model/algae_bloom_dataset\test\algae_bloom_6201.png,0
C:/Users/somal/OneDrive/Desktop/Capstone_Model/algae_bloom_dataset\test\algae_bloom_6202.png,1
C:/Users/somal/OneDrive/Desktop/Capstone_Model/algae_bloom_dataset\test\algae_bloom_6203.png,0
C:/Users/somal/OneDrive/Desktop/Capstone_Model/algae_bloom_dataset\test\algae_bloom_6204.png,0
C:/Users/somal/OneDrive/Desktop/Capstone_Model/algae_bloom_dataset\test\algae_bloom_6205.png,1
C:/Users/somal/OneDrive/Desktop/Capstone_Model/algae_bloom_dataset\test\algae_bloom_6206.png,0
C:/Users/somal/OneDrive/Desktop/Capstone_Model/algae_bloom_dataset\test\algae_bloom_6207.png,0
C:/Users/somal/OneDrive/Desktop/Capstone_Model/algae_bloom_dataset\test\algae_bloom_6208.png,0
C:/Users/somal/OneDrive/Desktop/Capstone_Model/algae_bloom_dataset\test\algae_bloom_6209.png,0
C:/Users/somal/OneDrive/Desktop/Capstone_Model/algae_bloom_dataset\test\algae_bloom_6210.png,0
C:/Users/somal/OneDrive/Desktop/Capstone_Model/algae_bloom_dataset\test\algae_bloom_6211.png,0
C:/Users/somal/OneDrive/Desktop/Capstone_Model/algae_bloom_dataset\test\algae_bloom_6212.png,1
C:/Users/somal/OneDrive/Desktop/Capstone_Model/algae_bloom_dataset\test\algae_bloom_6213.png,0
C:/Users/somal/OneDrive/Desktop/Capstone_Model/algae_bloom_dataset\test\algae_bloom_6214.png,1
C:/Users/somal/OneDrive/Desktop/Capstone_Model/algae_bloom_dataset\test\algae_bloom_6215.png,0
C:/Users/somal/OneDrive/Desktop/Capstone_Model/algae_bloom_dataset\test\algae_bloom_6216.png,1
C:/Users/somal/OneDrive/Desktop/Capstone_Model/algae_bloom_dataset\test\algae_bloom_6217.png,0
C:/Users/somal/OneDrive/Desktop/Capstone_Model/algae_bloom_dataset\test\algae_bloom_6218.png,0
C:/Users/somal/OneDrive/Desktop/Capstone_Model/algae_bloom_dataset\test\algae_bloom_6219.png,0
C:/Users/somal/OneDrive/Desktop/Capstone_Model/algae_bloom_dataset\test\algae_bloom_6220.png,1
C:/Users/somal/OneDrive/Desktop/Capstone_Model/algae_bloom_dataset\test\algae_bloom_6221.png,0
C:/Users/somal/OneDrive/Desktop/Capstone_Model/algae_bloom_dataset\test\algae_bloom_6222.png,0
C:/Users/somal/OneDrive/Desktop/Capstone_Model/algae_bloom_dataset\test\algae_bloom_6223.png,0
C:/Users/somal/OneDrive/Desktop/Capstone_Model/algae_bloom_dataset\test\algae_bloom_6224.png,0
C:/Users/somal/OneDrive/Desktop/Capstone_Model/algae_bloom_dataset\test\algae_bloom_6225.png,0
C:/Users/somal/OneDrive/Desktop/Capstone_Model/algae_bloom_dataset\test\algae_bloom_6226.png,1
C:/Users/somal/OneDrive/Desktop/Capstone_Model/algae_bloom_dataset\test\algae_bloom_6227.png,1
C:/Users/somal/OneDrive/Desktop/Capstone_Model/algae_bloom_dataset\test\algae_bloom_6228.png,0
C:/Users/somal/OneDrive/Desktop/Capstone_Model/algae_bloom_dataset\test\algae_bloom_6229.png,0
C:/Users/somal/OneDrive/Desktop/Capstone_Model/algae_bloom_dataset\test\algae_bloom_6230.png,0
C:/Users/somal/OneDrive/Desktop/Capstone_Model/algae_bloom_dataset\test\algae_bloom_6231.png,1
C:/Users/somal/OneDrive/Desktop/Capstone_Model/algae_bloom_dataset\test\algae_bloom_6232.png,0
C:/Users/somal/OneDrive/Desktop/Capstone_Model/algae_bloom_dataset\test\algae_bloom_6233.png,1
C:/Users/somal/OneDrive/Desktop/Capstone_Model/algae_bloom_dataset\test\algae_bloom_6234.png,0
C:/Users/somal/OneDrive/Desktop/Capstone_Model/algae_bloom_dataset\test\algae_bloom_6235.png,1
C:/Users/somal/OneDrive/Desktop/Capstone_Model/algae_bloom_dataset\test\algae_bloom_6236.png,0
C:/Users/somal/OneDrive/Desktop/Capstone_Model/algae_bloom_dataset\test\algae_bloom_6237.png,0
C:/Users/somal/OneDrive/Desktop/Capstone_Model/algae_bloom_dataset\test\algae_bloom_6238.png,1
C:/Users/somal/OneDrive/Desktop/Capstone_Model/algae_bloom_dataset\test\algae_bloom_6239.png,1
C:/Users/somal/OneDrive/Desktop/Capstone_Model/algae_bloom_dataset\test\algae_bloom_6240.png,0
C:/Users/somal/OneDrive/Desktop/Capstone_Model/algae_bloom_dataset\test\algae_bloom_6241.png,0
C:/Users/somal/OneDrive/Desktop/Capstone_Model/algae_bloom_dataset\test\algae_bloom_6242.png,0
C:/Users/somal/OneDrive/Desktop/Capstone_Model/algae_bloom_dataset\test\algae_bloom_6243.png,0
C:/Users/somal/OneDrive/Desktop/Capstone_Model/algae_bloom_dataset\test\algae_bloom_6244.png,0
C:/Users/somal/OneDrive/Desktop/Capstone_Model/algae_bloom_dataset\test\algae_bloom_6245.png,1
C:/Users/somal/OneDrive/Desktop/Capstone_Model/algae_bloom_dataset\test\algae_bloom_6246.png,1
C:/Users/somal/OneDrive/Desktop/Capstone_Model/algae_bloom_dataset\test\algae_bloom_6247.png,0
C:/Users/somal/OneDrive/Desktop/Capstone_Model/algae_bloom_dataset\test\algae_bloom_6248.png,0
C:/Users/somal/OneDrive/Desktop/Capstone_Model/algae_bloom_dataset\test\algae_bloom_6249.png,1
C:/Users/somal/OneDrive/Desktop/Capstone_Model/algae_bloom_dataset\test\algae_bloom_6250.png,0
C:/Users/somal/OneDrive/Desktop/Capstone_Model/algae_bloom_dataset\test\algae_bloom_6251.png,0
C:/Users/somal/OneDrive/Desktop/Capstone_Model/algae_bloom_dataset\test\algae_bloom_6252.png,0
C:/Users/somal/OneDrive/Desktop/Capstone_Model/algae_bloom_dataset\test\algae_bloom_6253.png,1
C:/Users/somal/OneDrive/Desktop/Capstone_Model/algae_bloom_dataset\test\algae_bloom_6254.png,0
C:/Users/somal/OneDrive/Desktop/Capstone_Model/algae_bloom_dataset\test\algae_bloom_6255.png,1
C:/Users/somal/OneDrive/Desktop/Capstone_Model/algae_bloom_dataset\test\algae_bloom_6256.png,0
C:/Users/somal/OneDrive/Desktop/Capstone_Model/algae_bloom_dataset\test\algae_bloom_6257.png,0
C:/Users/somal/OneDrive/Desktop/Capstone_Model/algae_bloom_dataset\test\algae_bloom_6258.png,0
C:/Users/somal/OneDrive/Desktop/Capstone_Model/algae_bloom_dataset\test\algae_bloom_6259.png,1
C:/Users/somal/OneDrive/Desktop/Capstone_Model/algae_bloom_dataset\test\algae_bloom_6260.png,0
C:/Users/somal/OneDrive/Desktop/Capstone_Model/algae_bloom_dataset\test\algae_bloom_6261.png,1
C:/Users/somal/OneDrive/Desktop/Capstone_Model/algae_bloom_dataset\test\algae_bloom_6262.png,0
C:/Users/somal/OneDrive/Desktop/Capstone_Model/algae_bloom_dataset\test\algae_bloom_6263.png,0
C:/Users/somal/OneDrive/Desktop/Capstone_Model/algae_bloom_dataset\test\algae_bloom_6264.png,0
C:/Users/somal/OneDrive/Desktop/Capstone_Model/algae_bloom_dataset\test\algae_bloom_6265.png,1
C:/Users/somal/OneDrive/Desktop/Capstone_Model/algae_bloom_dataset\test\algae_bloom_6266.png,1
C:/Users/somal/OneDrive/Desktop/Capstone_Model/algae_bloom_dataset\test\algae_bloom_6267.png,0
C:/Users/somal/OneDrive/Desktop/Capstone_Model/algae_bloom_dataset\test\algae_bloom_6268.png,0
C:/Users/somal/OneDrive/Desktop/Capstone_Model/algae_bloom_dataset\test\algae_bloom_6269.png,1
C:/Users/somal/OneDrive/Desktop/Capstone_Model/algae_bloom_dataset\test\algae_bloom_6270.png,1
C:/Users/somal/OneDrive/Desktop/Capstone_Model/algae_bloom_dataset\test\algae_bloom_6271.png,0
C:/Users/somal/OneDrive/Desktop/Capstone_Model/algae_bloom_dataset\test\algae_bloom_6272.png,0
C:/Users/somal/OneDrive/Desktop/Capstone_Model/algae_bloom_dataset\test\algae_bloom_6273.png,1
C:/Users/somal/OneDrive/Desktop/Capstone_Model/algae_bloom_dataset\test\algae_bloom_6274.png,1
C:/Users/somal/OneDrive/Desktop/Capstone_Model/algae_bloom_dataset\test\algae_bloom_6275.png,1
C:/Users/somal/OneDrive/Desktop/Capstone_Model/algae_bloom_dataset\test\algae_bloom_6276.png,0
C:/Users/somal/OneDrive/Desktop/Capstone_Model/algae_bloom_dataset\test\algae_bloom_6277.png,1
C:/Users/somal/OneDrive/Desktop/Capstone_Model/algae_bloom_dataset\test\algae_bloom_6278.png,1
C:/Users/somal/OneDrive/Desktop/Capstone_Model/algae_bloom_dataset\test\algae_bloom_6279.png,0
C:/Users/somal/OneDrive/Desktop/Capstone_Model/algae_bloom_dataset\test\algae_bloom_6280.png,0
C:/Users/somal/OneDrive/Desktop/Capstone_Model/algae_bloom_dataset\test\algae_bloom_6281.png,0
C:/Users/somal/OneDrive/Desktop/Capstone_Model/algae_bloom_dataset\test\algae_bloom_6282.png,0
C:/Users/somal/OneDrive/Desktop/Capstone_Model/algae_bloom_dataset\test\algae_bloom_6283.png,0
C:/Users/somal/OneDrive/Desktop/Capstone_Model/algae_bloom_dataset\test\algae_bloom_6284.png,0
C:/Users/somal/OneDrive/Desktop/Capstone_Model/algae_bloom_dataset\test\algae_bloom_6285.png,1
C:/Users/somal/OneDrive/Desktop/Capstone_Model/algae_bloom_dataset\test\algae_bloom_6286.png,1
C:/Users/somal/OneDrive/Desktop/Capstone_Model/algae_bloom_dataset\test\algae_bloom_6287.png,0
C:/Users/somal/OneDrive/Desktop/Capstone_Model/algae_bloom_dataset\test\algae_bloom_6288.png,1
C:/Users/somal/OneDrive/Desktop/Capstone_Model/algae_bloom_dataset\test\algae_bloom_6289.png,0
C:/Users/somal/OneDrive/Desktop/Capstone_Model/algae_bloom_dataset\test\algae_bloom_6290.png,1
C:/Users/somal/OneDrive/Desktop/Capstone_Model/algae_bloom_dataset\test\algae_bloom_6291.png,1
C:/Users/somal/OneDrive/Desktop/Capstone_Model/algae_bloom_dataset\test\algae_bloom_6292.png,1
C:/Users/somal/OneDrive/Desktop/Capstone_Model/algae_bloom_dataset\test\algae_bloom_6293.png,0
C:/Users/somal/OneDrive/Desktop/Capstone_Model/algae_bloom_dataset\test\algae_bloom_6294.png,1
C:/Users/somal/OneDrive/Desktop/Capstone_Model/algae_bloom_dataset\test\algae_bloom_6295.png,1
C:/Users/somal/OneDrive/Desktop/Capstone_Model/algae_bloom_dataset\test\algae_bloom_6296.png,0
C:/Users/somal/OneDrive/Desktop/Capstone_Model/algae_bloom_dataset\test\algae_bloom_6297.png,0
C:/Users/somal/OneDrive/Desktop/Capstone_Model/algae_bloom_dataset\test\algae_bloom_6298.png,0
C:/Users/somal/OneDrive/Desktop/Capstone_Model/algae_bloom_dataset\test\algae_bloom_6299.png,1
C:/Users/somal/OneDrive/Desktop/Capstone_Model/algae_bloom_dataset\test\algae_bloom_6300.png,0
C:/Users/somal/OneDrive/Desktop/Capstone_Model/algae_bloom_dataset\test\algae_bloom_6301.png,0
C:/Users/somal/OneDrive/Desktop/Capstone_Model/algae_bloom_dataset\test\algae_bloom_6302.png,0
C:/Users/somal/OneDrive/Desktop/Capstone_Model/algae_bloom_dataset\test\algae_bloom_6303.png,0
C:/Users/somal/OneDrive/Desktop/Capstone_Model/algae_bloom_dataset\test\algae_bloom_6304.png,0
C:/Users/somal/OneDrive/Desktop/Capstone_Model/algae_bloom_dataset\test\algae_bloom_6305.png,0
C:/Users/somal/OneDrive/Desktop/Capstone_Model/algae_bloom_dataset\test\algae_bloom_6306.png,0
C:/Users/somal/OneDrive/Desktop/Capstone_Model/algae_bloom_dataset\test\algae_bloom_6307.png,0
C:/Users/somal/OneDrive/Desktop/Capstone_Model/algae_bloom_dataset\test\algae_bloom_6308.png,0
C:/Users/somal/OneDrive/Desktop/Capstone_Model/algae_bloom_dataset\test\algae_bloom_6309.png,0
C:/Users/somal/OneDrive/Desktop/Capstone_Model/algae_bloom_dataset\test\algae_bloom_6310.png,1
C:/Users/somal/OneDrive/Desktop/Capstone_Model/algae_bloom_dataset\test\algae_bloom_6311.png,0
C:/Users/somal/OneDrive/Desktop/Capstone_Model/algae_bloom_dataset\test\algae_bloom_6312.png,0
C:/Users/somal/OneDrive/Desktop/Capstone_Model/algae_bloom_dataset\test\algae_bloom_6313.png,0
C:/Users/somal/OneDrive/Desktop/Capstone_Model/algae_bloom_dataset\test\algae_bloom_6314.png,0
C:/Users/somal/OneDrive/Desktop/Capstone_Model/algae_bloom_dataset\test\algae_bloom_6315.png,1
C:/Users/somal/OneDrive/Desktop/Capstone_Model/algae_bloom_dataset\test\algae_bloom_6316.png,1
C:/Users/somal/OneDrive/Desktop/Capstone_Model/algae_bloom_dataset\test\algae_bloom_6317.png,0
C:/Users/somal/OneDrive/Desktop/Capstone_Model/algae_bloom_dataset\test\algae_bloom_6318.png,1
C:/Users/somal/OneDrive/Desktop/Capstone_Model/algae_bloom_dataset\test\algae_bloom_6319.png,0
C:/Users/somal/OneDrive/Desktop/Capstone_Model/algae_bloom_dataset\test\algae_bloom_6320.png,0
C:/Users/somal/OneDrive/Desktop/Capstone_Model/algae_bloom_dataset\test\algae_bloom_6321.png,1
C:/Users/somal/OneDrive/Desktop/Capstone_Model/algae_bloom_dataset\test\algae_bloom_6322.png,1
C:/Users/somal/OneDrive/Desktop/Capstone_Model/algae_bloom_dataset\test\algae_bloom_6323.png,1
C:/Users/somal/OneDrive/Desktop/Capstone_Model/algae_bloom_dataset\test\algae_bloom_6324.png,0
C:/Users/somal/OneDrive/Desktop/Capstone_Model/algae_bloom_dataset\test\algae_bloom_6325.png,1
C:/Users/somal/OneDrive/Desktop/Capstone_Model/algae_bloom_dataset\test\algae_bloom_6326.png,0
C:/Users/somal/OneDrive/Desktop/Capstone_Model/algae_bloom_dataset\test\algae_bloom_6327.png,0
C:/Users/somal/OneDrive/Desktop/Capstone_Model/algae_bloom_dataset\test\algae_bloom_6328.png,1
C:/Users/somal/OneDrive/Desktop/Capstone_Model/algae_bloom_dataset\test\algae_bloom_6329.png,0
C:/Users/somal/OneDrive/Desktop/Capstone_Model/algae_bloom_dataset\test\algae_bloom_6330.png,1
C:/Users/somal/OneDrive/Desktop/Capstone_Model/algae_bloom_dataset\test\algae_bloom_6331.png,0
C:/Users/somal/OneDrive/Desktop/Capstone_Model/algae_bloom_dataset\test\algae_bloom_6332.png,0
C:/Users/somal/OneDrive/Desktop/Capstone_Model/algae_bloom_dataset\test\algae_bloom_6333.png,0
C:/Users/somal/OneDrive/Desktop/Capstone_Model/algae_bloom_dataset\test\algae_bloom_6334.png,0
C:/Users/somal/OneDrive/Desktop/Capstone_Model/algae_bloom_dataset\test\algae_bloom_6335.png,0
C:/Users/somal/OneDrive/Desktop/Capstone_Model/algae_bloom_dataset\test\algae_bloom_6336.png,1
C:/Users/somal/OneDrive/Desktop/Capstone_Model/algae_bloom_dataset\test\algae_bloom_6337.png,1
C:/Users/somal/OneDrive/Desktop/Capstone_Model/algae_bloom_dataset\test\algae_bloom_6338.png,0
C:/Users/somal/OneDrive/Desktop/Capstone_Model/algae_bloom_dataset\test\algae_bloom_6339.png,0
C:/Users/somal/OneDrive/Desktop/Capstone_Model/algae_bloom_dataset\test\algae_bloom_6340.png,0
C:/Users/somal/OneDrive/Desktop/Capstone_Model/algae_bloom_dataset\test\algae_bloom_6341.png,0
C:/Users/somal/OneDrive/Desktop/Capstone_Model/algae_bloom_dataset\test\algae_bloom_6342.png,0
C:/Users/somal/OneDrive/Desktop/Capstone_Model/algae_bloom_dataset\test\algae_bloom_6343.png,1
C:/Users/somal/OneDrive/Desktop/Capstone_Model/algae_bloom_dataset\test\algae_bloom_6344.png,0
C:/Users/somal/OneDrive/Desktop/Capstone_Model/algae_bloom_dataset\test\algae_bloom_6345.png,0
C:/Users/somal/OneDrive/Desktop/Capstone_Model/algae_bloom_dataset\test\algae_bloom_6346.png,0
C:/Users/somal/OneDrive/Desktop/Capstone_Model/algae_bloom_dataset\test\algae_bloom_6347.png,1
C:/Users/somal/OneDrive/Desktop/Capstone_Model/algae_bloom_dataset\test\algae_bloom_6348.png,1
C:/Users/somal/OneDrive/Desktop/Capstone_Model/algae_bloom_dataset\test\algae_bloom_6349.png,0
C:/Users/somal/OneDrive/Desktop/Capstone_Model/algae_bloom_dataset\test\algae_bloom_6350.png,0
C:/Users/somal/OneDrive/Desktop/Capstone_Model/algae_bloom_dataset\test\algae_bloom_6351.png,1
C:/Users/somal/OneDrive/Desktop/Capstone_Model/algae_bloom_dataset\test\algae_bloom_6352.png,0
C:/Users/somal/OneDrive/Desktop/Capstone_Model/algae_bloom_dataset\test\algae_bloom_6353.png,0
C:/Users/somal/OneDrive/Desktop/Capstone_Model/algae_bloom_dataset\test\algae_bloom_6354.png,0
C:/Users/somal/OneDrive/Desktop/Capstone_Model/algae_bloom_dataset\test\algae_bloom_6355.png,1
C:/Users/somal/OneDrive/Desktop/Capstone_Model/algae_bloom_dataset\test\algae_bloom_6356.png,0
C:/Users/somal/OneDrive/Desktop/Capstone_Model/algae_bloom_dataset\test\algae_bloom_6357.png,0
C:/Users/somal/OneDrive/Desktop/Capstone_Model/algae_bloom_dataset\test\algae_bloom_6358.png,0
C:/Users/somal/OneDrive/Desktop/Capstone_Model/algae_bloom_dataset\test\algae_bloom_6359.png,0
C:/Users/somal/OneDrive/Desktop/Capstone_Model/algae_bloom_dataset\test\algae_bloom_6360.png,1
C:/Users/somal/OneDrive/Desktop/Capstone_Model/algae_bloom_dataset\test\algae_bloom_6361.png,0
C:/Users/somal/OneDrive/Desktop/Capstone_Model/algae_bloom_dataset\test\algae_bloom_6362.png,1
C:/Users/somal/OneDrive/Desktop/Capstone_Model/algae_bloom_dataset\test\algae_bloom_6363.png,0
C:/Users/somal/OneDrive/Desktop/Capstone_Model/algae_bloom_dataset\test\algae_bloom_6364.png,1
C:/Users/somal/OneDrive/Desktop/Capstone_Model/algae_bloom_dataset\test\algae_bloom_6365.png,0
C:/Users/somal/OneDrive/Desktop/Capstone_Model/algae_bloom_dataset\test\algae_bloom_6366.png,1
C:/Users/somal/OneDrive/Desktop/Capstone_Model/algae_bloom_dataset\test\algae_bloom_6367.png,1
C:/Users/somal/OneDrive/Desktop/Capstone_Model/algae_bloom_dataset\test\algae_bloom_6368.png,0
C:/Users/somal/OneDrive/Desktop/Capstone_Model/algae_bloom_dataset\test\algae_bloom_6369.png,0
C:/Users/somal/OneDrive/Desktop/Capstone_Model/algae_bloom_dataset\test\algae_bloom_6370.png,1
C:/Users/somal/OneDrive/Desktop/Capstone_Model/algae_bloom_dataset\test\algae_bloom_6371.png,0
C:/Users/somal/OneDrive/Desktop/Capstone_Model/algae_bloom_dataset\test\algae_bloom_6372.png,0
C:/Users/somal/OneDrive/Desktop/Capstone_Model/algae_bloom_dataset\test\algae_bloom_6373.png,0
C:/Users/somal/OneDrive/Desktop/Capstone_Model/algae_bloom_dataset\test\algae_bloom_6374.png,0
C:/Users/somal/OneDrive/Desktop/Capstone_Model/algae_bloom_dataset\test\algae_bloom_6375.png,0
C:/Users/somal/OneDrive/Desktop/Capstone_Model/algae_bloom_dataset\test\algae_bloom_6376.png,1
C:/Users/somal/OneDrive/Desktop/Capstone_Model/algae_bloom_dataset\test\algae_bloom_6377.png,0
C:/Users/somal/OneDrive/Desktop/Capstone_Model/algae_bloom_dataset\test\algae_bloom_6378.png,0
C:/Users/somal/OneDrive/Desktop/Capstone_Model/algae_bloom_dataset\test\algae_bloom_6379.png,0
C:/Users/somal/OneDrive/Desktop/Capstone_Model/algae_bloom_dataset\test\algae_bloom_6380.png,1
C:/Users/somal/OneDrive/Desktop/Capstone_Model/algae_bloom_dataset\test\algae_bloom_6381.png,0
C:/Users/somal/OneDrive/Desktop/Capstone_Model/algae_bloom_dataset\test\algae_bloom_6382.png,1
C:/Users/somal/OneDrive/Desktop/Capstone_Model/algae_bloom_dataset\test\algae_bloom_6383.png,0
C:/Users/somal/OneDrive/Desktop/Capstone_Model/algae_bloom_dataset\test\algae_bloom_6384.png,0
C:/Users/somal/OneDrive/Desktop/Capstone_Model/algae_bloom_dataset\test\algae_bloom_6385.png,0
C:/Users/somal/OneDrive/Desktop/Capstone_Model/algae_bloom_dataset\test\algae_bloom_6386.png,0
C:/Users/somal/OneDrive/Desktop/Capstone_Model/algae_bloom_dataset\test\algae_bloom_6387.png,0
C:/Users/somal/OneDrive/Desktop/Capstone_Model/algae_bloom_dataset\test\algae_bloom_6388.png,1
C:/Users/somal/OneDrive/Desktop/Capstone_Model/algae_bloom_dataset\test\algae_bloom_6389.png,1
C:/Users/somal/OneDrive/Desktop/Capstone_Model/algae_bloom_dataset\test\algae_bloom_6390.png,0
C:/Users/somal/OneDrive/Desktop/Capstone_Model/algae_bloom_dataset\test\algae_bloom_6391.png,0
C:/Users/somal/OneDrive/Desktop/Capstone_Model/algae_bloom_dataset\test\algae_bloom_6392.png,0
C:/Users/somal/OneDrive/Desktop/Capstone_Model/algae_bloom_dataset\test\algae_bloom_6393.png,0
C:/Users/somal/OneDrive/Desktop/Capstone_Model/algae_bloom_dataset\test\algae_bloom_6394.png,1
C:/Users/somal/OneDrive/Desktop/Capstone_Model/algae_bloom_dataset\test\algae_bloom_6395.png,0
C:/Users/somal/OneDrive/Desktop/Capstone_Model/algae_bloom_dataset\test\algae_bloom_6396.png,0
C:/Users/somal/OneDrive/Desktop/Capstone_Model/algae_bloom_dataset\test\algae_bloom_6397.png,1
C:/Users/somal/OneDrive/Desktop/Capstone_Model/algae_bloom_dataset\test\algae_bloom_6398.png,0
C:/Users/somal/OneDrive/Desktop/Capstone_Model/algae_bloom_dataset\test\algae_bloom_6399.png,0
C:/Users/somal/OneDrive/Desktop/Capstone_Model/algae_bloom_dataset\test\algae_bloom_6400.png,0
C:/Users/somal/OneDrive/Desktop/Capstone_Model/algae_bloom_dataset\test\algae_bloom_6401.png,1
C:/Users/somal/OneDrive/Desktop/Capstone_Model/algae_bloom_dataset\test\algae_bloom_6402.png,0
C:/Users/somal/OneDrive/Desktop/Capstone_Model/algae_bloom_dataset\test\algae_bloom_6403.png,0
C:/Users/somal/OneDrive/Desktop/Capstone_Model/algae_bloom_dataset\test\algae_bloom_6404.png,0
C:/Users/somal/OneDrive/Desktop/Capstone_Model/algae_bloom_dataset\test\algae_bloom_6405.png,0
C:/Users/somal/OneDrive/Desktop/Capstone_Model/algae_bloom_dataset\test\algae_bloom_6406.png,0
C:/Users/somal/OneDrive/Desktop/Capstone_Model/algae_bloom_dataset\test\algae_bloom_6407.png,0
C:/Users/somal/OneDrive/Desktop/Capstone_Model/algae_bloom_dataset\test\algae_bloom_6408.png,0
C:/Users/somal/OneDrive/Desktop/Capstone_Model/algae_bloom_dataset\test\algae_bloom_6409.png,1
C:/Users/somal/OneDrive/Desktop/Capstone_Model/algae_bloom_dataset\test\algae_bloom_6410.png,1
C:/Users/somal/OneDrive/Desktop/Capstone_Model/algae_bloom_dataset\test\algae_bloom_6411.png,0
C:/Users/somal/OneDrive/Desktop/Capstone_Model/algae_bloom_dataset\test\algae_bloom_6412.png,0
C:/Users/somal/OneDrive/Desktop/Capstone_Model/algae_bloom_dataset\test\algae_bloom_6413.png,1
C:/Users/somal/OneDrive/Desktop/Capstone_Model/algae_bloom_dataset\test\algae_bloom_6414.png,0
C:/Users/somal/OneDrive/Desktop/Capstone_Model/algae_bloom_dataset\test\algae_bloom_6415.png,0
C:/Users/somal/OneDrive/Desktop/Capstone_Model/algae_bloom_dataset\test\algae_bloom_6416.png,0
C:/Users/somal/OneDrive/Desktop/Capstone_Model/algae_bloom_dataset\test\algae_bloom_6417.png,1
C:/Users/somal/OneDrive/Desktop/Capstone_Model/algae_bloom_dataset\test\algae_bloom_6418.png,0
C:/Users/somal/OneDrive/Desktop/Capstone_Model/algae_bloom_dataset\test\algae_bloom_6419.png,1
C:/Users/somal/OneDrive/Desktop/Capstone_Model/algae_bloom_dataset\test\algae_bloom_6420.png,0
C:/Users/somal/OneDrive/Desktop/Capstone_Model/algae_bloom_dataset\test\algae_bloom_6421.png,0
C:/Users/somal/OneDrive/Desktop/Capstone_Model/algae_bloom_dataset\test\algae_bloom_6422.png,0
C:/Users/somal/OneDrive/Desktop/Capstone_Model/algae_bloom_dataset\test\algae_bloom_6423.png,1
C:/Users/somal/OneDrive/Desktop/Capstone_Model/algae_bloom_dataset\test\algae_bloom_6424.png,0
C:/Users/somal/OneDrive/Desktop/Capstone_Model/algae_bloom_dataset\test\algae_bloom_6425.png,0
C:/Users/somal/OneDrive/Desktop/Capstone_Model/algae_bloom_dataset\test\algae_bloom_6426.png,1
C:/Users/somal/OneDrive/Desktop/Capstone_Model/algae_bloom_dataset\test\algae_bloom_6427.png,0
C:/Users/somal/OneDrive/Desktop/Capstone_Model/algae_bloom_dataset\test\algae_bloom_6428.png,0
C:/Users/somal/OneDrive/Desktop/Capstone_Model/algae_bloom_dataset\test\algae_bloom_6429.png,1
C:/Users/somal/OneDrive/Desktop/Capstone_Model/algae_bloom_dataset\test\algae_bloom_6430.png,0
C:/Users/somal/OneDrive/Desktop/Capstone_Model/algae_bloom_dataset\test\algae_bloom_6431.png,1
C:/Users/somal/OneDrive/Desktop/Capstone_Model/algae_bloom_dataset\test\algae_bloom_6432.png,0
C:/Users/somal/OneDrive/Desktop/Capstone_Model/algae_bloom_dataset\test\algae_bloom_6433.png,0
C:/Users/somal/OneDrive/Desktop/Capstone_Model/algae_bloom_dataset\test\algae_bloom_6434.png,1
C:/Users/somal/OneDrive/Desktop/Capstone_Model/algae_bloom_dataset\test\algae_bloom_6435.png,1
C:/Users/somal/OneDrive/Desktop/Capstone_Model/algae_bloom_dataset\test\algae_bloom_6436.png,0
C:/Users/somal/OneDrive/Desktop/Capstone_Model/algae_bloom_dataset\test\algae_bloom_6437.png,0
C:/Users/somal/OneDrive/Desktop/Capstone_Model/algae_bloom_dataset\test\algae_bloom_6438.png,0
C:/Users/somal/OneDrive/Desktop/Capstone_Model/algae_bloom_dataset\test\algae_bloom_6439.png,1
C:/Users/somal/OneDrive/Desktop/Capstone_Model/algae_bloom_dataset\test\algae_bloom_6440.png,1
C:/Users/somal/OneDrive/Desktop/Capstone_Model/algae_bloom_dataset\test\algae_bloom_6441.png,0
C:/Users/somal/OneDrive/Desktop/Capstone_Model/algae_bloom_dataset\test\algae_bloom_6442.png,0
C:/Users/somal/OneDrive/Desktop/Capstone_Model/algae_bloom_dataset\test\algae_bloom_6443.png,1
C:/Users/somal/OneDrive/Desktop/Capstone_Model/algae_bloom_dataset\test\algae_bloom_6444.png,1
C:/Users/somal/OneDrive/Desktop/Capstone_Model/algae_bloom_dataset\test\algae_bloom_6445.png,0
C:/Users/somal/OneDrive/Desktop/Capstone_Model/algae_bloom_dataset\test\algae_bloom_6446.png,0
C:/Users/somal/OneDrive/Desktop/Capstone_Model/algae_bloom_dataset\test\algae_bloom_6447.png,1
C:/Users/somal/OneDrive/Desktop/Capstone_Model/algae_bloom_dataset\test\algae_bloom_6448.png,0
C:/Users/somal/OneDrive/Desktop/Capstone_Model/algae_bloom_dataset\test\algae_bloom_6449.png,0
C:/Users/somal/OneDrive/Desktop/Capstone_Model/algae_bloom_dataset\test\algae_bloom_6450.png,0
C:/Users/somal/OneDrive/Desktop/Capstone_Model/algae_bloom_dataset\test\algae_bloom_6451.png,1
C:/Users/somal/OneDrive/Desktop/Capstone_Model/algae_bloom_dataset\test\algae_bloom_6452.png,0
C:/Users/somal/OneDrive/Desktop/Capstone_Model/algae_bloom_dataset\test\algae_bloom_6453.png,0
C:/Users/somal/OneDrive/Desktop/Capstone_Model/algae_bloom_dataset\test\algae_bloom_6454.png,0
C:/Users/somal/OneDrive/Desktop/Capstone_Model/algae_bloom_dataset\test\algae_bloom_6455.png,0
C:/Users/somal/OneDrive/Desktop/Capstone_Model/algae_bloom_dataset\test\algae_bloom_6456.png,0
C:/Users/somal/OneDrive/Desktop/Capstone_Model/algae_bloom_dataset\test\algae_bloom_6457.png,0
C:/Users/somal/OneDrive/Desktop/Capstone_Model/algae_bloom_dataset\test\algae_bloom_6458.png,0
C:/Users/somal/OneDrive/Desktop/Capstone_Model/algae_bloom_dataset\test\algae_bloom_6459.png,0
C:/Users/somal/OneDrive/Desktop/Capstone_Model/algae_bloom_dataset\test\algae_bloom_6460.png,0
C:/Users/somal/OneDrive/Desktop/Capstone_Model/algae_bloom_dataset\test\algae_bloom_6461.png,1
C:/Users/somal/OneDrive/Desktop/Capstone_Model/algae_bloom_dataset\test\algae_bloom_6462.png,0
C:/Users/somal/OneDrive/Desktop/Capstone_Model/algae_bloom_dataset\test\algae_bloom_6463.png,0
C:/Users/somal/OneDrive/Desktop/Capstone_Model/algae_bloom_dataset\test\algae_bloom_6464.png,0
C:/Users/somal/OneDrive/Desktop/Capstone_Model/algae_bloom_dataset\test\algae_bloom_6465.png,0
C:/Users/somal/OneDrive/Desktop/Capstone_Model/algae_bloom_dataset\test\algae_bloom_6466.png,0
C:/Users/somal/OneDrive/Desktop/Capstone_Model/algae_bloom_dataset\test\algae_bloom_6467.png,0
C:/Users/somal/OneDrive/Desktop/Capstone_Model/algae_bloom_dataset\test\algae_bloom_6468.png,1
C:/Users/somal/OneDrive/Desktop/Capstone_Model/algae_bloom_dataset\test\algae_bloom_6469.png,0
C:/Users/somal/OneDrive/Desktop/Capstone_Model/algae_bloom_dataset\test\algae_bloom_6470.png,0
C:/Users/somal/OneDrive/Desktop/Capstone_Model/algae_bloom_dataset\test\algae_bloom_6471.png,0
C:/Users/somal/OneDrive/Desktop/Capstone_Model/algae_bloom_dataset\test\algae_bloom_6472.png,1
C:/Users/somal/OneDrive/Desktop/Capstone_Model/algae_bloom_dataset\test\algae_bloom_6473.png,0
C:/Users/somal/OneDrive/Desktop/Capstone_Model/algae_bloom_dataset\test\algae_bloom_6474.png,1
C:/Users/somal/OneDrive/Desktop/Capstone_Model/algae_bloom_dataset\test\algae_bloom_6475.png,0
C:/Users/somal/OneDrive/Desktop/Capstone_Model/algae_bloom_dataset\test\algae_bloom_6476.png,0
C:/Users/somal/OneDrive/Desktop/Capstone_Model/algae_bloom_dataset\test\algae_bloom_6477.png,0
C:/Users/somal/OneDrive/Desktop/Capstone_Model/algae_bloom_dataset\test\algae_bloom_6478.png,0
C:/Users/somal/OneDrive/Desktop/Capstone_Model/algae_bloom_dataset\test\algae_bloom_6479.png,0
C:/Users/somal/OneDrive/Desktop/Capstone_Model/algae_bloom_dataset\test\algae_bloom_6480.png,1
C:/Users/somal/OneDrive/Desktop/Capstone_Model/algae_bloom_dataset\test\algae_bloom_6481.png,1
C:/Users/somal/OneDrive/Desktop/Capstone_Model/algae_bloom_dataset\test\algae_bloom_6482.png,0
C:/Users/somal/OneDrive/Desktop/Capstone_Model/algae_bloom_dataset\test\algae_bloom_6483.png,0
C:/Users/somal/OneDrive/Desktop/Capstone_Model/algae_bloom_dataset\test\algae_bloom_6484.png,0
C:/Users/somal/OneDrive/Desktop/Capstone_Model/algae_bloom_dataset\test\algae_bloom_6485.png,1
C:/Users/somal/OneDrive/Desktop/Capstone_Model/algae_bloom_dataset\test\algae_bloom_6486.png,0
C:/Users/somal/OneDrive/Desktop/Capstone_Model/algae_bloom_dataset\test\algae_bloom_6487.png,0
C:/Users/somal/OneDrive/Desktop/Capstone_Model/algae_bloom_dataset\test\algae_bloom_6488.png,0
C:/Users/somal/OneDrive/Desktop/Capstone_Model/algae_bloom_dataset\test\algae_bloom_6489.png,1
C:/Users/somal/OneDrive/Desktop/Capstone_Model/algae_bloom_dataset\test\algae_bloom_6490.png,0
C:/Users/somal/OneDrive/Desktop/Capstone_Model/algae_bloom_dataset\test\algae_bloom_6491.png,0
C:/Users/somal/OneDrive/Desktop/Capstone_Model/algae_bloom_dataset\test\algae_bloom_6492.png,0
C:/Users/somal/OneDrive/Desktop/Capstone_Model/algae_bloom_dataset\test\algae_bloom_6493.png,0
C:/Users/somal/OneDrive/Desktop/Capstone_Model/algae_bloom_dataset\test\algae_bloom_6494.png,0
C:/Users/somal/OneDrive/Desktop/Capstone_Model/algae_bloom_dataset\test\algae_bloom_6495.png,1
C:/Users/somal/OneDrive/Desktop/Capstone_Model/algae_bloom_dataset\test\algae_bloom_6496.png,0
C:/Users/somal/OneDrive/Desktop/Capstone_Model/algae_bloom_dataset\test\algae_bloom_6497.png,0
C:/Users/somal/OneDrive/Desktop/Capstone_Model/algae_bloom_dataset\test\algae_bloom_6498.png,0
C:/Users/somal/OneDrive/Desktop/Capstone_Model/algae_bloom_dataset\test\algae_bloom_6499.png,1
C:/Users/somal/OneDrive/Desktop/Capstone_Model/algae_bloom_dataset\test\algae_bloom_6500.png,0
C:/Users/somal/OneDrive/Desktop/Capstone_Model/algae_bloom_dataset\test\algae_bloom_6501.png,1
C:/Users/somal/OneDrive/Desktop/Capstone_Model/algae_bloom_dataset\test\algae_bloom_6502.png,0
C:/Users/somal/OneDrive/Desktop/Capstone_Model/algae_bloom_dataset\test\algae_bloom_6503.png,0
C:/Users/somal/OneDrive/Desktop/Capstone_Model/algae_bloom_dataset\test\algae_bloom_6504.png,0
C:/Users/somal/OneDrive/Desktop/Capstone_Model/algae_bloom_dataset\test\algae_bloom_6505.png,1
C:/Users/somal/OneDrive/Desktop/Capstone_Model/algae_bloom_dataset\test\algae_bloom_6506.png,1
C:/Users/somal/OneDrive/Desktop/Capstone_Model/algae_bloom_dataset\test\algae_bloom_6507.png,0
C:/Users/somal/OneDrive/Desktop/Capstone_Model/algae_bloom_dataset\test\algae_bloom_6508.png,0
C:/Users/somal/OneDrive/Desktop/Capstone_Model/algae_bloom_dataset\test\algae_bloom_6509.png,0
C:/Users/somal/OneDrive/Desktop/Capstone_Model/algae_bloom_dataset\test\algae_bloom_6510.png,0
C:/Users/somal/OneDrive/Desktop/Capstone_Model/algae_bloom_dataset\test\algae_bloom_6511.png,0
C:/Users/somal/OneDrive/Desktop/Capstone_Model/algae_bloom_dataset\test\algae_bloom_6512.png,1
C:/Users/somal/OneDrive/Desktop/Capstone_Model/algae_bloom_dataset\test\algae_bloom_6513.png,0
C:/Users/somal/OneDrive/Desktop/Capstone_Model/algae_bloom_dataset\test\algae_bloom_6514.png,1
C:/Users/somal/OneDrive/Desktop/Capstone_Model/algae_bloom_dataset\test\algae_bloom_6515.png,0
C:/Users/somal/OneDrive/Desktop/Capstone_Model/algae_bloom_dataset\test\algae_bloom_6516.png,0
C:/Users/somal/OneDrive/Desktop/Capstone_Model/algae_bloom_dataset\test\algae_bloom_6517.png,0
C:/Users/somal/OneDrive/Desktop/Capstone_Model/algae_bloom_dataset\test\algae_bloom_6518.png,1
C:/Users/somal/OneDrive/Desktop/Capstone_Model/algae_bloom_dataset\test\algae_bloom_6519.png,1
C:/Users/somal/OneDrive/Desktop/Capstone_Model/algae_bloom_dataset\test\algae_bloom_6520.png,0
C:/Users/somal/OneDrive/Desktop/Capstone_Model/algae_bloom_dataset\test\algae_bloom_6521.png,0
C:/Users/somal/OneDrive/Desktop/Capstone_Model/algae_bloom_dataset\test\algae_bloom_6522.png,0
C:/Users/somal/OneDrive/Desktop/Capstone_Model/algae_bloom_dataset\test\algae_bloom_6523.png,1
C:/Users/somal/OneDrive/Desktop/Capstone_Model/algae_bloom_dataset\test\algae_bloom_6524.png,0
C:/Users/somal/OneDrive/Desktop/Capstone_Model/algae_bloom_dataset\test\algae_bloom_6525.png,0
C:/Users/somal/OneDrive/Desktop/Capstone_Model/algae_bloom_dataset\test\algae_bloom_6526.png,0
C:/Users/somal/OneDrive/Desktop/Capstone_Model/algae_bloom_dataset\test\algae_bloom_6527.png,0
C:/Users/somal/OneDrive/Desktop/Capstone_Model/algae_bloom_dataset\test\algae_bloom_6528.png,0
C:/Users/somal/OneDrive/Desktop/Capstone_Model/algae_bloom_dataset\test\algae_bloom_6529.png,1
C:/Users/somal/OneDrive/Desktop/Capstone_Model/algae_bloom_dataset\test\algae_bloom_6530.png,0
C:/Users/somal/OneDrive/Desktop/Capstone_Model/algae_bloom_dataset\test\algae_bloom_6531.png,0
C:/Users/somal/OneDrive/Desktop/Capstone_Model/algae_bloom_dataset\test\algae_bloom_6532.png,0
C:/Users/somal/OneDrive/Desktop/Capstone_Model/algae_bloom_dataset\test\algae_bloom_6533.png,1
C:/Users/somal/OneDrive/Desktop/Capstone_Model/algae_bloom_dataset\test\algae_bloom_6534.png,0
C:/Users/somal/OneDrive/Desktop/Capstone_Model/algae_bloom_dataset\test\algae_bloom_6535.png,0
C:/Users/somal/OneDrive/Desktop/Capstone_Model/algae_bloom_dataset\test\algae_bloom_6536.png,1
C:/Users/somal/OneDrive/Desktop/Capstone_Model/algae_bloom_dataset\test\algae_bloom_6537.png,0
C:/Users/somal/OneDrive/Desktop/Capstone_Model/algae_bloom_dataset\test\algae_bloom_6538.png,0
C:/Users/somal/OneDrive/Desktop/Capstone_Model/algae_bloom_dataset\test\algae_bloom_6539.png,0
C:/Users/somal/OneDrive/Desktop/Capstone_Model/algae_bloom_dataset\test\algae_bloom_6540.png,0
C:/Users/somal/OneDrive/Desktop/Capstone_Model/algae_bloom_dataset\test\algae_bloom_6541.png,0
C:/Users/somal/OneDrive/Desktop/Capstone_Model/algae_bloom_dataset\test\algae_bloom_6542.png,0
C:/Users/somal/OneDrive/Desktop/Capstone_Model/algae_bloom_dataset\test\algae_bloom_6543.png,0
C:/Users/somal/OneDrive/Desktop/Capstone_Model/algae_bloom_dataset\test\algae_bloom_6544.png,0
C:/Users/somal/OneDrive/Desktop/Capstone_Model/algae_bloom_dataset\test\algae_bloom_6545.png,0
C:/Users/somal/OneDrive/Desktop/Capstone_Model/algae_bloom_dataset\test\algae_bloom_6546.png,0
C:/Users/somal/OneDrive/Desktop/Capstone_Model/algae_bloom_dataset\test\algae_bloom_6547.png,0
C:/Users/somal/OneDrive/Desktop/Capstone_Model/algae_bloom_dataset\test\algae_bloom_6548.png,1
C:/Users/somal/OneDrive/Desktop/Capstone_Model/algae_bloom_dataset\test\algae_bloom_6549.png,0
C:/Users/somal/OneDrive/Desktop/Capstone_Model/algae_bloom_dataset\test\algae_bloom_6550.png,0
C:/Users/somal/OneDrive/Desktop/Capstone_Model/algae_bloom_dataset\test\algae_bloom_6551.png,0
C:/Users/somal/OneDrive/Desktop/Capstone_Model/algae_bloom_dataset\test\algae_bloom_6552.png,0
C:/Users/somal/OneDrive/Desktop/Capstone_Model/algae_bloom_dataset\test\algae_bloom_6553.png,1
C:/Users/somal/OneDrive/Desktop/Capstone_Model/algae_bloom_dataset\test\algae_bloom_6554.png,0
C:/Users/somal/OneDrive/Desktop/Capstone_Model/algae_bloom_dataset\test\algae_bloom_6555.png,1
C:/Users/somal/OneDrive/Desktop/Capstone_Model/algae_bloom_dataset\test\algae_bloom_6556.png,1
C:/Users/somal/OneDrive/Desktop/Capstone_Model/algae_bloom_dataset\test\algae_bloom_6557.png,0
C:/Users/somal/OneDrive/Desktop/Capstone_Model/algae_bloom_dataset\test\algae_bloom_6558.png,1
C:/Users/somal/OneDrive/Desktop/Capstone_Model/algae_bloom_dataset\test\algae_bloom_6559.png,0
C:/Users/somal/OneDrive/Desktop/Capstone_Model/algae_bloom_dataset\test\algae_bloom_6560.png,1
C:/Users/somal/OneDrive/Desktop/Capstone_Model/algae_bloom_dataset\test\algae_bloom_6561.png,0
C:/Users/somal/OneDrive/Desktop/Capstone_Model/algae_bloom_dataset\test\algae_bloom_6562.png,0
C:/Users/somal/OneDrive/Desktop/Capstone_Model/algae_bloom_dataset\test\algae_bloom_6563.png,0
C:/Users/somal/OneDrive/Desktop/Capstone_Model/algae_bloom_dataset\test\algae_bloom_6564.png,0
C:/Users/somal/OneDrive/Desktop/Capstone_Model/algae_bloom_dataset\test\algae_bloom_6565.png,0
C:/Users/somal/OneDrive/Desktop/Capstone_Model/algae_bloom_dataset\test\algae_bloom_6566.png,1
C:/Users/somal/OneDrive/Desktop/Capstone_Model/algae_bloom_dataset\test\algae_bloom_6567.png,1
C:/Users/somal/OneDrive/Desktop/Capstone_Model/algae_bloom_dataset\test\algae_bloom_6568.png,0
C:/Users/somal/OneDrive/Desktop/Capstone_Model/algae_bloom_dataset\test\algae_bloom_6569.png,1
C:/Users/somal/OneDrive/Desktop/Capstone_Model/algae_bloom_dataset\test\algae_bloom_6570.png,0
C:/Users/somal/OneDrive/Desktop/Capstone_Model/algae_bloom_dataset\test\algae_bloom_6571.png,1
C:/Users/somal/OneDrive/Desktop/Capstone_Model/algae_bloom_dataset\test\algae_bloom_6572.png,0
C:/Users/somal/OneDrive/Desktop/Capstone_Model/algae_bloom_dataset\test\algae_bloom_6573.png,0
C:/Users/somal/OneDrive/Desktop/Capstone_Model/algae_bloom_dataset\test\algae_bloom_6574.png,0
C:/Users/somal/OneDrive/Desktop/Capstone_Model/algae_bloom_dataset\test\algae_bloom_6575.png,0
C:/Users/somal/OneDrive/Desktop/Capstone_Model/algae_bloom_dataset\test\algae_bloom_6576.png,0
C:/Users/somal/OneDrive/Desktop/Capstone_Model/algae_bloom_dataset\test\algae_bloom_6577.png,0
C:/Users/somal/OneDrive/Desktop/Capstone_Model/algae_bloom_dataset\test\algae_bloom_6578.png,0
C:/Users/somal/OneDrive/Desktop/Capstone_Model/algae_bloom_dataset\test\algae_bloom_6579.png,0
C:/Users/somal/OneDrive/Desktop/Capstone_Model/algae_bloom_dataset\test\algae_bloom_6580.png,0
C:/Users/somal/OneDrive/Desktop/Capstone_Model/algae_bloom_dataset\test\algae_bloom_6581.png,0
C:/Users/somal/OneDrive/Desktop/Capstone_Model/algae_bloom_dataset\test\algae_bloom_6582.png,0
C:/Users/somal/OneDrive/Desktop/Capstone_Model/algae_bloom_dataset\test\algae_bloom_6583.png,0
C:/Users/somal/OneDrive/Desktop/Capstone_Model/algae_bloom_dataset\test\algae_bloom_6584.png,1
C:/Users/somal/OneDrive/Desktop/Capstone_Model/algae_bloom_dataset\test\algae_bloom_6585.png,0
C:/Users/somal/OneDrive/Desktop/Capstone_Model/algae_bloom_dataset\test\algae_bloom_6586.png,0
C:/Users/somal/OneDrive/Desktop/Capstone_Model/algae_bloom_dataset\test\algae_bloom_6587.png,0
C:/Users/somal/OneDrive/Desktop/Capstone_Model/algae_bloom_dataset\test\algae_bloom_6588.png,0
C:/Users/somal/OneDrive/Desktop/Capstone_Model/algae_bloom_dataset\test\algae_bloom_6589.png,1
C:/Users/somal/OneDrive/Desktop/Capstone_Model/algae_bloom_dataset\test\algae_bloom_6590.png,0
C:/Users/somal/OneDrive/Desktop/Capstone_Model/algae_bloom_dataset\test\algae_bloom_6591.png,0
C:/Users/somal/OneDrive/Desktop/Capstone_Model/algae_bloom_dataset\test\algae_bloom_6592.png,0
C:/Users/somal/OneDrive/Desktop/Capstone_Model/algae_bloom_dataset\test\algae_bloom_6593.png,0
C:/Users/somal/OneDrive/Desktop/Capstone_Model/algae_bloom_dataset\test\algae_bloom_6594.png,1
C:/Users/somal/OneDrive/Desktop/Capstone_Model/algae_bloom_dataset\test\algae_bloom_6595.png,0
C:/Users/somal/OneDrive/Desktop/Capstone_Model/algae_bloom_dataset\test\algae_bloom_6596.png,1
C:/Users/somal/OneDrive/Desktop/Capstone_Model/algae_bloom_dataset\test\algae_bloom_6597.png,0
C:/Users/somal/OneDrive/Desktop/Capstone_Model/algae_bloom_dataset\test\algae_bloom_6598.png,0
C:/Users/somal/OneDrive/Desktop/Capstone_Model/algae_bloom_dataset\test\algae_bloom_6599.png,0
C:/Users/somal/OneDrive/Desktop/Capstone_Model/algae_bloom_dataset\test\algae_bloom_6600.png,0
C:/Users/somal/OneDrive/Desktop/Capstone_Model/algae_bloom_dataset\test\algae_bloom_6601.png,0
C:/Users/somal/OneDrive/Desktop/Capstone_Model/algae_bloom_dataset\test\algae_bloom_6602.png,0
C:/Users/somal/OneDrive/Desktop/Capstone_Model/algae_bloom_dataset\test\algae_bloom_6603.png,0
C:/Users/somal/OneDrive/Desktop/Capstone_Model/algae_bloom_dataset\test\algae_bloom_6604.png,0
C:/Users/somal/OneDrive/Desktop/Capstone_Model/algae_bloom_dataset\test\algae_bloom_6605.png,0
C:/Users/somal/OneDrive/Desktop/Capstone_Model/algae_bloom_dataset\test\algae_bloom_6606.png,0
C:/Users/somal/OneDrive/Desktop/Capstone_Model/algae_bloom_dataset\test\algae_bloom_6607.png,0
C:/Users/somal/OneDrive/Desktop/Capstone_Model/algae_bloom_dataset\test\algae_bloom_6608.png,1
C:/Users/somal/OneDrive/Desktop/Capstone_Model/algae_bloom_dataset\test\algae_bloom_6609.png,1
C:/Users/somal/OneDrive/Desktop/Capstone_Model/algae_bloom_dataset\test\algae_bloom_6610.png,0
C:/Users/somal/OneDrive/Desktop/Capstone_Model/algae_bloom_dataset\test\algae_bloom_6611.png,0
C:/Users/somal/OneDrive/Desktop/Capstone_Model/algae_bloom_dataset\test\algae_bloom_6612.png,0
C:/Users/somal/OneDrive/Desktop/Capstone_Model/algae_bloom_dataset\test\algae_bloom_6613.png,1
C:/Users/somal/OneDrive/Desktop/Capstone_Model/algae_bloom_dataset\test\algae_bloom_6614.png,0
C:/Users/somal/OneDrive/Desktop/Capstone_Model/algae_bloom_dataset\test\algae_bloom_6615.png,0
C:/Users/somal/OneDrive/Desktop/Capstone_Model/algae_bloom_dataset\test\algae_bloom_6616.png,0
C:/Users/somal/OneDrive/Desktop/Capstone_Model/algae_bloom_dataset\test\algae_bloom_6617.png,0
C:/Users/somal/OneDrive/Desktop/Capstone_Model/algae_bloom_dataset\test\algae_bloom_6618.png,0
C:/Users/somal/OneDrive/Desktop/Capstone_Model/algae_bloom_dataset\test\algae_bloom_6619.png,0
C:/Users/somal/OneDrive/Desktop/Capstone_Model/algae_bloom_dataset\test\algae_bloom_6620.png,0
C:/Users/somal/OneDrive/Desktop/Capstone_Model/algae_bloom_dataset\test\algae_bloom_6621.png,0
C:/Users/somal/OneDrive/Desktop/Capstone_Model/algae_bloom_dataset\test\algae_bloom_6622.png,0
C:/Users/somal/OneDrive/Desktop/Capstone_Model/algae_bloom_dataset\test\algae_bloom_6623.png,0
C:/Users/somal/OneDrive/Desktop/Capstone_Model/algae_bloom_dataset\test\algae_bloom_6624.png,0
C:/Users/somal/OneDrive/Desktop/Capstone_Model/algae_bloom_dataset\test\algae_bloom_6625.png,0
C:/Users/somal/OneDrive/Desktop/Capstone_Model/algae_bloom_dataset\test\algae_bloom_6626.png,0
C:/Users/somal/OneDrive/Desktop/Capstone_Model/algae_bloom_dataset\test\algae_bloom_6627.png,0
C:/Users/somal/OneDrive/Desktop/Capstone_Model/algae_bloom_dataset\test\algae_bloom_6628.png,0
C:/Users/somal/OneDrive/Desktop/Capstone_Model/algae_bloom_dataset\test\algae_bloom_6629.png,0
C:/Users/somal/OneDrive/Desktop/Capstone_Model/algae_bloom_dataset\test\algae_bloom_6630.png,1
C:/Users/somal/OneDrive/Desktop/Capstone_Model/algae_bloom_dataset\test\algae_bloom_6631.png,0
C:/Users/somal/OneDrive/Desktop/Capstone_Model/algae_bloom_dataset\test\algae_bloom_6632.png,0
C:/Users/somal/OneDrive/Desktop/Capstone_Model/algae_bloom_dataset\test\algae_bloom_6633.png,0
C:/Users/somal/OneDrive/Desktop/Capstone_Model/algae_bloom_dataset\test\algae_bloom_6634.png,0
C:/Users/somal/OneDrive/Desktop/Capstone_Model/algae_bloom_dataset\test\algae_bloom_6635.png,0
C:/Users/somal/OneDrive/Desktop/Capstone_Model/algae_bloom_dataset\test\algae_bloom_6636.png,0
C:/Users/somal/OneDrive/Desktop/Capstone_Model/algae_bloom_dataset\test\algae_bloom_6637.png,0
C:/Users/somal/OneDrive/Desktop/Capstone_Model/algae_bloom_dataset\test\algae_bloom_6638.png,0
C:/Users/somal/OneDrive/Desktop/Capstone_Model/algae_bloom_dataset\test\algae_bloom_6639.png,1
C:/Users/somal/OneDrive/Desktop/Capstone_Model/algae_bloom_dataset\test\algae_bloom_6640.png,0
C:/Users/somal/OneDrive/Desktop/Capstone_Model/algae_bloom_dataset\test\algae_bloom_6641.png,0
C:/Users/somal/OneDrive/Desktop/Capstone_Model/algae_bloom_dataset\test\algae_bloom_6642.png,1
C:/Users/somal/OneDrive/Desktop/Capstone_Model/algae_bloom_dataset\test\algae_bloom_6643.png,0
C:/Users/somal/OneDrive/Desktop/Capstone_Model/algae_bloom_dataset\test\algae_bloom_6644.png,0
C:/Users/somal/OneDrive/Desktop/Capstone_Model/algae_bloom_dataset\test\algae_bloom_6645.png,0
C:/Users/somal/OneDrive/Desktop/Capstone_Model/algae_bloom_dataset\test\algae_bloom_6646.png,0
C:/Users/somal/OneDrive/Desktop/Capstone_Model/algae_bloom_dataset\test\algae_bloom_6647.png,0
C:/Users/somal/OneDrive/Desktop/Capstone_Model/algae_bloom_dataset\test\algae_bloom_6648.png,1
C:/Users/somal/OneDrive/Desktop/Capstone_Model/algae_bloom_dataset\test\algae_bloom_6649.png,0
C:/Users/somal/OneDrive/Desktop/Capstone_Model/algae_bloom_dataset\test\algae_bloom_6650.png,0
C:/Users/somal/OneDrive/Desktop/Capstone_Model/algae_bloom_dataset\test\algae_bloom_6651.png,0
C:/Users/somal/OneDrive/Desktop/Capstone_Model/algae_bloom_dataset\test\algae_bloom_6652.png,0
C:/Users/somal/OneDrive/Desktop/Capstone_Model/algae_bloom_dataset\test\algae_bloom_6653.png,0
C:/Users/somal/OneDrive/Desktop/Capstone_Model/algae_bloom_dataset\test\algae_bloom_6654.png,0
C:/Users/somal/OneDrive/Desktop/Capstone_Model/algae_bloom_dataset\test\algae_bloom_6655.png,1
C:/Users/somal/OneDrive/Desktop/Capstone_Model/algae_bloom_dataset\test\algae_bloom_6656.png,1
C:/Users/somal/OneDrive/Desktop/Capstone_Model/algae_bloom_dataset\test\algae_bloom_6657.png,0
C:/Users/somal/OneDrive/Desktop/Capstone_Model/algae_bloom_dataset\test\algae_bloom_6658.png,0
C:/Users/somal/OneDrive/Desktop/Capstone_Model/algae_bloom_dataset\test\algae_bloom_6659.png,0
C:/Users/somal/OneDrive/Desktop/Capstone_Model/algae_bloom_dataset\test\algae_bloom_6660.png,0
C:/Users/somal/OneDrive/Desktop/Capstone_Model/algae_bloom_dataset\test\algae_bloom_6661.png,1
C:/Users/somal/OneDrive/Desktop/Capstone_Model/algae_bloom_dataset\test\algae_bloom_6662.png,0
C:/Users/somal/OneDrive/Desktop/Capstone_Model/algae_bloom_dataset\test\algae_bloom_6663.png,0
C:/Users/somal/OneDrive/Desktop/Capstone_Model/algae_bloom_dataset\test\algae_bloom_6664.png,1
C:/Users/somal/OneDrive/Desktop/Capstone_Model/algae_bloom_dataset\test\algae_bloom_6665.png,0
C:/Users/somal/OneDrive/Desktop/Capstone_Model/algae_bloom_dataset\test\algae_bloom_6666.png,0
C:/Users/somal/OneDrive/Desktop/Capstone_Model/algae_bloom_dataset\test\algae_bloom_6667.png,1
C:/Users/somal/OneDrive/Desktop/Capstone_Model/algae_bloom_dataset\test\algae_bloom_6668.png,1
C:/Users/somal/OneDrive/Desktop/Capstone_Model/algae_bloom_dataset\test\algae_bloom_6669.png,1
C:/Users/somal/OneDrive/Desktop/Capstone_Model/algae_bloom_dataset\test\algae_bloom_6670.png,0
C:/Users/somal/OneDrive/Desktop/Capstone_Model/algae_bloom_dataset\test\algae_bloom_6671.png,0
C:/Users/somal/OneDrive/Desktop/Capstone_Model/algae_bloom_dataset\test\algae_bloom_6672.png,0
C:/Users/somal/OneDrive/Desktop/Capstone_Model/algae_bloom_dataset\test\algae_bloom_6673.png,0
C:/Users/somal/OneDrive/Desktop/Capstone_Model/algae_bloom_dataset\test\algae_bloom_6674.png,1
C:/Users/somal/OneDrive/Desktop/Capstone_Model/algae_bloom_dataset\test\algae_bloom_6675.png,1
C:/Users/somal/OneDrive/Desktop/Capstone_Model/algae_bloom_dataset\test\algae_bloom_6676.png,0
C:/Users/somal/OneDrive/Desktop/Capstone_Model/algae_bloom_dataset\test\algae_bloom_6677.png,1
C:/Users/somal/OneDrive/Desktop/Capstone_Model/algae_bloom_dataset\test\algae_bloom_6678.png,0
C:/Users/somal/OneDrive/Desktop/Capstone_Model/algae_bloom_dataset\test\algae_bloom_6679.png,1
C:/Users/somal/OneDrive/Desktop/Capstone_Model/algae_bloom_dataset\test\algae_bloom_6680.png,0
C:/Users/somal/OneDrive/Desktop/Capstone_Model/algae_bloom_dataset\test\algae_bloom_6681.png,1
C:/Users/somal/OneDrive/Desktop/Capstone_Model/algae_bloom_dataset\test\algae_bloom_6682.png,0
C:/Users/somal/OneDrive/Desktop/Capstone_Model/algae_bloom_dataset\test\algae_bloom_6683.png,1
C:/Users/somal/OneDrive/Desktop/Capstone_Model/algae_bloom_dataset\test\algae_bloom_6684.png,0
C:/Users/somal/OneDrive/Desktop/Capstone_Model/algae_bloom_dataset\test\algae_bloom_6685.png,0
C:/Users/somal/OneDrive/Desktop/Capstone_Model/algae_bloom_dataset\test\algae_bloom_6686.png,0
C:/Users/somal/OneDrive/Desktop/Capstone_Model/algae_bloom_dataset\test\algae_bloom_6687.png,1
C:/Users/somal/OneDrive/Desktop/Capstone_Model/algae_bloom_dataset\test\algae_bloom_6688.png,0
C:/Users/somal/OneDrive/Desktop/Capstone_Model/algae_bloom_dataset\test\algae_bloom_6689.png,0
C:/Users/somal/OneDrive/Desktop/Capstone_Model/algae_bloom_dataset\test\algae_bloom_6690.png,1
C:/Users/somal/OneDrive/Desktop/Capstone_Model/algae_bloom_dataset\test\algae_bloom_6691.png,1
C:/Users/somal/OneDrive/Desktop/Capstone_Model/algae_bloom_dataset\test\algae_bloom_6692.png,1
C:/Users/somal/OneDrive/Desktop/Capstone_Model/algae_bloom_dataset\test\algae_bloom_6693.png,0
C:/Users/somal/OneDrive/Desktop/Capstone_Model/algae_bloom_dataset\test\algae_bloom_6694.png,1
C:/Users/somal/OneDrive/Desktop/Capstone_Model/algae_bloom_dataset\test\algae_bloom_6695.png,0
C:/Users/somal/OneDrive/Desktop/Capstone_Model/algae_bloom_dataset\test\algae_bloom_6696.png,1
C:/Users/somal/OneDrive/Desktop/Capstone_Model/algae_bloom_dataset\test\algae_bloom_6697.png,0
C:/Users/somal/OneDrive/Desktop/Capstone_Model/algae_bloom_dataset\test\algae_bloom_6698.png,1
C:/Users/somal/OneDrive/Desktop/Capstone_Model/algae_bloom_dataset\test\algae_bloom_6699.png,0
C:/Users/somal/OneDrive/Desktop/Capstone_Model/algae_bloom_dataset\test\algae_bloom_6700.png,0
C:/Users/somal/OneDrive/Desktop/Capstone_Model/algae_bloom_dataset\test\algae_bloom_6701.png,1
C:/Users/somal/OneDrive/Desktop/Capstone_Model/algae_bloom_dataset\test\algae_bloom_6702.png,0
C:/Users/somal/OneDrive/Desktop/Capstone_Model/algae_bloom_dataset\test\algae_bloom_6703.png,0
C:/Users/somal/OneDrive/Desktop/Capstone_Model/algae_bloom_dataset\test\algae_bloom_6704.png,0
C:/Users/somal/OneDrive/Desktop/Capstone_Model/algae_bloom_dataset\test\algae_bloom_6705.png,0
C:/Users/somal/OneDrive/Desktop/Capstone_Model/algae_bloom_dataset\test\algae_bloom_6706.png,0
C:/Users/somal/OneDrive/Desktop/Capstone_Model/algae_bloom_dataset\test\algae_bloom_6707.png,0
C:/Users/somal/OneDrive/Desktop/Capstone_Model/algae_bloom_dataset\test\algae_bloom_6708.png,0
C:/Users/somal/OneDrive/Desktop/Capstone_Model/algae_bloom_dataset\test\algae_bloom_6709.png,1
C:/Users/somal/OneDrive/Desktop/Capstone_Model/algae_bloom_dataset\test\algae_bloom_6710.png,0
C:/Users/somal/OneDrive/Desktop/Capstone_Model/algae_bloom_dataset\test\algae_bloom_6711.png,0
C:/Users/somal/OneDrive/Desktop/Capstone_Model/algae_bloom_dataset\test\algae_bloom_6712.png,0
C:/Users/somal/OneDrive/Desktop/Capstone_Model/algae_bloom_dataset\test\algae_bloom_6713.png,0
C:/Users/somal/OneDrive/Desktop/Capstone_Model/algae_bloom_dataset\test\algae_bloom_6714.png,0
C:/Users/somal/OneDrive/Desktop/Capstone_Model/algae_bloom_dataset\test\algae_bloom_6715.png,0
C:/Users/somal/OneDrive/Desktop/Capstone_Model/algae_bloom_dataset\test\algae_bloom_6716.png,0
C:/Users/somal/OneDrive/Desktop/Capstone_Model/algae_bloom_dataset\test\algae_bloom_6717.png,0
C:/Users/somal/OneDrive/Desktop/Capstone_Model/algae_bloom_dataset\test\algae_bloom_6718.png,0
C:/Users/somal/OneDrive/Desktop/Capstone_Model/algae_bloom_dataset\test\algae_bloom_6719.png,0
C:/Users/somal/OneDrive/Desktop/Capstone_Model/algae_bloom_dataset\test\algae_bloom_6720.png,0
C:/Users/somal/OneDrive/Desktop/Capstone_Model/algae_bloom_dataset\test\algae_bloom_6721.png,0
C:/Users/somal/OneDrive/Desktop/Capstone_Model/algae_bloom_dataset\test\algae_bloom_6722.png,0
C:/Users/somal/OneDrive/Desktop/Capstone_Model/algae_bloom_dataset\test\algae_bloom_6723.png,0
C:/Users/somal/OneDrive/Desktop/Capstone_Model/algae_bloom_dataset\test\algae_bloom_6724.png,1
C:/Users/somal/OneDrive/Desktop/Capstone_Model/algae_bloom_dataset\test\algae_bloom_6725.png,0
C:/Users/somal/OneDrive/Desktop/Capstone_Model/algae_bloom_dataset\test\algae_bloom_6726.png,1
C:/Users/somal/OneDrive/Desktop/Capstone_Model/algae_bloom_dataset\test\algae_bloom_6727.png,0
C:/Users/somal/OneDrive/Desktop/Capstone_Model/algae_bloom_dataset\test\algae_bloom_6728.png,0
C:/Users/somal/OneDrive/Desktop/Capstone_Model/algae_bloom_dataset\test\algae_bloom_6729.png,1
C:/Users/somal/OneDrive/Desktop/Capstone_Model/algae_bloom_dataset\test\algae_bloom_6730.png,0
C:/Users/somal/OneDrive/Desktop/Capstone_Model/algae_bloom_dataset\test\algae_bloom_6731.png,1
C:/Users/somal/OneDrive/Desktop/Capstone_Model/algae_bloom_dataset\test\algae_bloom_6732.png,0
C:/Users/somal/OneDrive/Desktop/Capstone_Model/algae_bloom_dataset\test\algae_bloom_6733.png,1
C:/Users/somal/OneDrive/Desktop/Capstone_Model/algae_bloom_dataset\test\algae_bloom_6734.png,1
C:/Users/somal/OneDrive/Desktop/Capstone_Model/algae_bloom_dataset\test\algae_bloom_6735.png,1
C:/Users/somal/OneDrive/Desktop/Capstone_Model/algae_bloom_dataset\test\algae_bloom_6736.png,1
C:/Users/somal/OneDrive/Desktop/Capstone_Model/algae_bloom_dataset\test\algae_bloom_6737.png,0
C:/Users/somal/OneDrive/Desktop/Capstone_Model/algae_bloom_dataset\test\algae_bloom_6738.png,0
C:/Users/somal/OneDrive/Desktop/Capstone_Model/algae_bloom_dataset\test\algae_bloom_6739.png,1
C:/Users/somal/OneDrive/Desktop/Capstone_Model/algae_bloom_dataset\test\algae_bloom_6740.png,0
C:/Users/somal/OneDrive/Desktop/Capstone_Model/algae_bloom_dataset\test\algae_bloom_6741.png,0
C:/Users/somal/OneDrive/Desktop/Capstone_Model/algae_bloom_dataset\test\algae_bloom_6742.png,0
C:/Users/somal/OneDrive/Desktop/Capstone_Model/algae_bloom_dataset\test\algae_bloom_6743.png,1
C:/Users/somal/OneDrive/Desktop/Capstone_Model/algae_bloom_dataset\test\algae_bloom_6744.png,0
C:/Users/somal/OneDrive/Desktop/Capstone_Model/algae_bloom_dataset\test\algae_bloom_6745.png,0
C:/Users/somal/OneDrive/Desktop/Capstone_Model/algae_bloom_dataset\test\algae_bloom_6746.png,0
C:/Users/somal/OneDrive/Desktop/Capstone_Model/algae_bloom_dataset\test\algae_bloom_6747.png,0
C:/Users/somal/OneDrive/Desktop/Capstone_Model/algae_bloom_dataset\test\algae_bloom_6748.png,0
C:/Users/somal/OneDrive/Desktop/Capstone_Model/algae_bloom_dataset\test\algae_bloom_6749.png,0
C:/Users/somal/OneDrive/Desktop/Capstone_Model/algae_bloom_dataset\test\algae_bloom_6750.png,1
C:/Users/somal/OneDrive/Desktop/Capstone_Model/algae_bloom_dataset\test\algae_bloom_6751.png,0
C:/Users/somal/OneDrive/Desktop/Capstone_Model/algae_bloom_dataset\test\algae_bloom_6752.png,0
C:/Users/somal/OneDrive/Desktop/Capstone_Model/algae_bloom_dataset\test\algae_bloom_6753.png,0
C:/Users/somal/OneDrive/Desktop/Capstone_Model/algae_bloom_dataset\test\algae_bloom_6754.png,0
C:/Users/somal/OneDrive/Desktop/Capstone_Model/algae_bloom_dataset\test\algae_bloom_6755.png,0
C:/Users/somal/OneDrive/Desktop/Capstone_Model/algae_bloom_dataset\test\algae_bloom_6756.png,0
C:/Users/somal/OneDrive/Desktop/Capstone_Model/algae_bloom_dataset\test\algae_bloom_6757.png,0
C:/Users/somal/OneDrive/Desktop/Capstone_Model/algae_bloom_dataset\test\algae_bloom_6758.png,0
C:/Users/somal/OneDrive/Desktop/Capstone_Model/algae_bloom_dataset\test\algae_bloom_6759.png,0
C:/Users/somal/OneDrive/Desktop/Capstone_Model/algae_bloom_dataset\test\algae_bloom_6760.png,0
C:/Users/somal/OneDrive/Desktop/Capstone_Model/algae_bloom_dataset\test\algae_bloom_6761.png,0
C:/Users/somal/OneDrive/Desktop/Capstone_Model/algae_bloom_dataset\test\algae_bloom_6762.png,0
C:/Users/somal/OneDrive/Desktop/Capstone_Model/algae_bloom_dataset\test\algae_bloom_6763.png,0
C:/Users/somal/OneDrive/Desktop/Capstone_Model/algae_bloom_dataset\test\algae_bloom_6764.png,0
C:/Users/somal/OneDrive/Desktop/Capstone_Model/algae_bloom_dataset\test\algae_bloom_6765.png,1
C:/Users/somal/OneDrive/Desktop/Capstone_Model/algae_bloom_dataset\test\algae_bloom_6766.png,0
C:/Users/somal/OneDrive/Desktop/Capstone_Model/algae_bloom_dataset\test\algae_bloom_6767.png,1
C:/Users/somal/OneDrive/Desktop/Capstone_Model/algae_bloom_dataset\test\algae_bloom_6768.png,1
C:/Users/somal/OneDrive/Desktop/Capstone_Model/algae_bloom_dataset\test\algae_bloom_6769.png,1
C:/Users/somal/OneDrive/Desktop/Capstone_Model/algae_bloom_dataset\test\algae_bloom_6770.png,0
C:/Users/somal/OneDrive/Desktop/Capstone_Model/algae_bloom_dataset\test\algae_bloom_6771.png,1
C:/Users/somal/OneDrive/Desktop/Capstone_Model/algae_bloom_dataset\test\algae_bloom_6772.png,0
C:/Users/somal/OneDrive/Desktop/Capstone_Model/algae_bloom_dataset\test\algae_bloom_6773.png,0
C:/Users/somal/OneDrive/Desktop/Capstone_Model/algae_bloom_dataset\test\algae_bloom_6774.png,0
C:/Users/somal/OneDrive/Desktop/Capstone_Model/algae_bloom_dataset\test\algae_bloom_6775.png,0
C:/Users/somal/OneDrive/Desktop/Capstone_Model/algae_bloom_dataset\test\algae_bloom_6776.png,1
C:/Users/somal/OneDrive/Desktop/Capstone_Model/algae_bloom_dataset\test\algae_bloom_6777.png,0
C:/Users/somal/OneDrive/Desktop/Capstone_Model/algae_bloom_dataset\test\algae_bloom_6778.png,0
C:/Users/somal/OneDrive/Desktop/Capstone_Model/algae_bloom_dataset\test\algae_bloom_6779.png,1
C:/Users/somal/OneDrive/Desktop/Capstone_Model/algae_bloom_dataset\test\algae_bloom_6780.png,1
C:/Users/somal/OneDrive/Desktop/Capstone_Model/algae_bloom_dataset\test\algae_bloom_6781.png,0
C:/Users/somal/OneDrive/Desktop/Capstone_Model/algae_bloom_dataset\test\algae_bloom_6782.png,0
C:/Users/somal/OneDrive/Desktop/Capstone_Model/algae_bloom_dataset\test\algae_bloom_6783.png,0
C:/Users/somal/OneDrive/Desktop/Capstone_Model/algae_bloom_dataset\test\algae_bloom_6784.png,1
C:/Users/somal/OneDrive/Desktop/Capstone_Model/algae_bloom_dataset\test\algae_bloom_6785.png,1
C:/Users/somal/OneDrive/Desktop/Capstone_Model/algae_bloom_dataset\test\algae_bloom_6786.png,0
C:/Users/somal/OneDrive/Desktop/Capstone_Model/algae_bloom_dataset\test\algae_bloom_6787.png,0
C:/Users/somal/OneDrive/Desktop/Capstone_Model/algae_bloom_dataset\test\algae_bloom_6788.png,0
C:/Users/somal/OneDrive/Desktop/Capstone_Model/algae_bloom_dataset\test\algae_bloom_6789.png,1
C:/Users/somal/OneDrive/Desktop/Capstone_Model/algae_bloom_dataset\test\algae_bloom_6790.png,0
C:/Users/somal/OneDrive/Desktop/Capstone_Model/algae_bloom_dataset\test\algae_bloom_6791.png,0
C:/Users/somal/OneDrive/Desktop/Capstone_Model/algae_bloom_dataset\test\algae_bloom_6792.png,0
C:/Users/somal/OneDrive/Desktop/Capstone_Model/algae_bloom_dataset\test\algae_bloom_6793.png,0
C:/Users/somal/OneDrive/Desktop/Capstone_Model/algae_bloom_dataset\test\algae_bloom_6794.png,0
C:/Users/somal/OneDrive/Desktop/Capstone_Model/algae_bloom_dataset\test\algae_bloom_6795.png,0
C:/Users/somal/OneDrive/Desktop/Capstone_Model/algae_bloom_dataset\test\algae_bloom_6796.png,0
C:/Users/somal/OneDrive/Desktop/Capstone_Model/algae_bloom_dataset\test\algae_bloom_6797.png,0
C:/Users/somal/OneDrive/Desktop/Capstone_Model/algae_bloom_dataset\test\algae_bloom_6798.png,0
C:/Users/somal/OneDrive/Desktop/Capstone_Model/algae_bloom_dataset\test\algae_bloom_6799.png,0
C:/Users/somal/OneDrive/Desktop/Capstone_Model/algae_bloom_dataset\test\algae_bloom_6800.png,1
C:/Users/somal/OneDrive/Desktop/Capstone_Model/algae_bloom_dataset\test\algae_bloom_6801.png,1
C:/Users/somal/OneDrive/Desktop/Capstone_Model/algae_bloom_dataset\test\algae_bloom_6802.png,0
C:/Users/somal/OneDrive/Desktop/Capstone_Model/algae_bloom_dataset\test\algae_bloom_6803.png,1
C:/Users/somal/OneDrive/Desktop/Capstone_Model/algae_bloom_dataset\test\algae_bloom_6804.png,0
C:/Users/somal/OneDrive/Desktop/Capstone_Model/algae_bloom_dataset\test\algae_bloom_6805.png,0
C:/Users/somal/OneDrive/Desktop/Capstone_Model/algae_bloom_dataset\test\algae_bloom_6806.png,0
C:/Users/somal/OneDrive/Desktop/Capstone_Model/algae_bloom_dataset\test\algae_bloom_6807.png,0
C:/Users/somal/OneDrive/Desktop/Capstone_Model/algae_bloom_dataset\test\algae_bloom_6808.png,0
C:/Users/somal/OneDrive/Desktop/Capstone_Model/algae_bloom_dataset\test\algae_bloom_6809.png,1
C:/Users/somal/OneDrive/Desktop/Capstone_Model/algae_bloom_dataset\test\algae_bloom_6810.png,0
C:/Users/somal/OneDrive/Desktop/Capstone_Model/algae_bloom_dataset\test\algae_bloom_6811.png,0
C:/Users/somal/OneDrive/Desktop/Capstone_Model/algae_bloom_dataset\test\algae_bloom_6812.png,0
C:/Users/somal/OneDrive/Desktop/Capstone_Model/algae_bloom_dataset\test\algae_bloom_6813.png,0
C:/Users/somal/OneDrive/Desktop/Capstone_Model/algae_bloom_dataset\test\algae_bloom_6814.png,0
C:/Users/somal/OneDrive/Desktop/Capstone_Model/algae_bloom_dataset\test\algae_bloom_6815.png,1
C:/Users/somal/OneDrive/Desktop/Capstone_Model/algae_bloom_dataset\test\algae_bloom_6816.png,0
C:/Users/somal/OneDrive/Desktop/Capstone_Model/algae_bloom_dataset\test\algae_bloom_6817.png,0
C:/Users/somal/OneDrive/Desktop/Capstone_Model/algae_bloom_dataset\test\algae_bloom_6818.png,0
C:/Users/somal/OneDrive/Desktop/Capstone_Model/algae_bloom_dataset\test\algae_bloom_6819.png,0
C:/Users/somal/OneDrive/Desktop/Capstone_Model/algae_bloom_dataset\test\algae_bloom_6820.png,1
C:/Users/somal/OneDrive/Desktop/Capstone_Model/algae_bloom_dataset\test\algae_bloom_6821.png,1
C:/Users/somal/OneDrive/Desktop/Capstone_Model/algae_bloom_dataset\test\algae_bloom_6822.png,0
C:/Users/somal/OneDrive/Desktop/Capstone_Model/algae_bloom_dataset\test\algae_bloom_6823.png,1
C:/Users/somal/OneDrive/Desktop/Capstone_Model/algae_bloom_dataset\test\algae_bloom_6824.png,1
C:/Users/somal/OneDrive/Desktop/Capstone_Model/algae_bloom_dataset\test\algae_bloom_6825.png,0
C:/Users/somal/OneDrive/Desktop/Capstone_Model/algae_bloom_dataset\test\algae_bloom_6826.png,1
C:/Users/somal/OneDrive/Desktop/Capstone_Model/algae_bloom_dataset\test\algae_bloom_6827.png,1
C:/Users/somal/OneDrive/Desktop/Capstone_Model/algae_bloom_dataset\test\algae_bloom_6828.png,0
C:/Users/somal/OneDrive/Desktop/Capstone_Model/algae_bloom_dataset\test\algae_bloom_6829.png,0
C:/Users/somal/OneDrive/Desktop/Capstone_Model/algae_bloom_dataset\test\algae_bloom_6830.png,1
C:/Users/somal/OneDrive/Desktop/Capstone_Model/algae_bloom_dataset\test\algae_bloom_6831.png,1
C:/Users/somal/OneDrive/Desktop/Capstone_Model/algae_bloom_dataset\test\algae_bloom_6832.png,0
C:/Users/somal/OneDrive/Desktop/Capstone_Model/algae_bloom_dataset\test\algae_bloom_6833.png,0
C:/Users/somal/OneDrive/Desktop/Capstone_Model/algae_bloom_dataset\test\algae_bloom_6834.png,0
C:/Users/somal/OneDrive/Desktop/Capstone_Model/algae_bloom_dataset\test\algae_bloom_6835.png,0
C:/Users/somal/OneDrive/Desktop/Capstone_Model/algae_bloom_dataset\test\algae_bloom_6836.png,1
C:/Users/somal/OneDrive/Desktop/Capstone_Model/algae_bloom_dataset\test\algae_bloom_6837.png,0
C:/Users/somal/OneDrive/Desktop/Capstone_Model/algae_bloom_dataset\test\algae_bloom_6838.png,0
C:/Users/somal/OneDrive/Desktop/Capstone_Model/algae_bloom_dataset\test\algae_bloom_6839.png,1
C:/Users/somal/OneDrive/Desktop/Capstone_Model/algae_bloom_dataset\test\algae_bloom_6840.png,0
C:/Users/somal/OneDrive/Desktop/Capstone_Model/algae_bloom_dataset\test\algae_bloom_6841.png,1
C:/Users/somal/OneDrive/Desktop/Capstone_Model/algae_bloom_dataset\test\algae_bloom_6842.png,0
C:/Users/somal/OneDrive/Desktop/Capstone_Model/algae_bloom_dataset\test\algae_bloom_6843.png,0
C:/Users/somal/OneDrive/Desktop/Capstone_Model/algae_bloom_dataset\test\algae_bloom_6844.png,0
C:/Users/somal/OneDrive/Desktop/Capstone_Model/algae_bloom_dataset\test\algae_bloom_6845.png,1
C:/Users/somal/OneDrive/Desktop/Capstone_Model/algae_bloom_dataset\test\algae_bloom_6846.png,1
C:/Users/somal/OneDrive/Desktop/Capstone_Model/algae_bloom_dataset\test\algae_bloom_6847.png,0
C:/Users/somal/OneDrive/Desktop/Capstone_Model/algae_bloom_dataset\test\algae_bloom_6848.png,0
C:/Users/somal/OneDrive/Desktop/Capstone_Model/algae_bloom_dataset\test\algae_bloom_6849.png,0
C:/Users/somal/OneDrive/Desktop/Capstone_Model/algae_bloom_dataset\test\algae_bloom_6850.png,1
C:/Users/somal/OneDrive/Desktop/Capstone_Model/algae_bloom_dataset\test\algae_bloom_6851.png,1
C:/Users/somal/OneDrive/Desktop/Capstone_Model/algae_bloom_dataset\test\algae_bloom_6852.png,0
C:/Users/somal/OneDrive/Desktop/Capstone_Model/algae_bloom_dataset\test\algae_bloom_6853.png,0
C:/Users/somal/OneDrive/Desktop/Capstone_Model/algae_bloom_dataset\test\algae_bloom_6854.png,0
C:/Users/somal/OneDrive/Desktop/Capstone_Model/algae_bloom_dataset\test\algae_bloom_6855.png,0
C:/Users/somal/OneDrive/Desktop/Capstone_Model/algae_bloom_dataset\test\algae_bloom_6856.png,0
C:/Users/somal/OneDrive/Desktop/Capstone_Model/algae_bloom_dataset\test\algae_bloom_6857.png,0
C:/Users/somal/OneDrive/Desktop/Capstone_Model/algae_bloom_dataset\test\algae_bloom_6858.png,0
C:/Users/somal/OneDrive/Desktop/Capstone_Model/algae_bloom_dataset\test\algae_bloom_6859.png,0
C:/Users/somal/OneDrive/Desktop/Capstone_Model/algae_bloom_dataset\test\algae_bloom_6860.png,0
C:/Users/somal/OneDrive/Desktop/Capstone_Model/algae_bloom_dataset\test\algae_bloom_6861.png,0
C:/Users/somal/OneDrive/Desktop/Capstone_Model/algae_bloom_dataset\test\algae_bloom_6862.png,1
C:/Users/somal/OneDrive/Desktop/Capstone_Model/algae_bloom_dataset\test\algae_bloom_6863.png,1
C:/Users/somal/OneDrive/Desktop/Capstone_Model/algae_bloom_dataset\test\algae_bloom_6864.png,0
C:/Users/somal/OneDrive/Desktop/Capstone_Model/algae_bloom_dataset\test\algae_bloom_6865.png,0
C:/Users/somal/OneDrive/Desktop/Capstone_Model/algae_bloom_dataset\test\algae_bloom_6866.png,0
C:/Users/somal/OneDrive/Desktop/Capstone_Model/algae_bloom_dataset\test\algae_bloom_6867.png,0
C:/Users/somal/OneDrive/Desktop/Capstone_Model/algae_bloom_dataset\test\algae_bloom_6868.png,1
C:/Users/somal/OneDrive/Desktop/Capstone_Model/algae_bloom_dataset\test\algae_bloom_6869.png,1
C:/Users/somal/OneDrive/Desktop/Capstone_Model/algae_bloom_dataset\test\algae_bloom_6870.png,1
C:/Users/somal/OneDrive/Desktop/Capstone_Model/algae_bloom_dataset\test\algae_bloom_6871.png,0
C:/Users/somal/OneDrive/Desktop/Capstone_Model/algae_bloom_dataset\test\algae_bloom_6872.png,0
C:/Users/somal/OneDrive/Desktop/Capstone_Model/algae_bloom_dataset\test\algae_bloom_6873.png,1
C:/Users/somal/OneDrive/Desktop/Capstone_Model/algae_bloom_dataset\test\algae_bloom_6874.png,0
C:/Users/somal/OneDrive/Desktop/Capstone_Model/algae_bloom_dataset\test\algae_bloom_6875.png,0
C:/Users/somal/OneDrive/Desktop/Capstone_Model/algae_bloom_dataset\test\algae_bloom_6876.png,1
C:/Users/somal/OneDrive/Desktop/Capstone_Model/algae_bloom_dataset\test\algae_bloom_6877.png,0
C:/Users/somal/OneDrive/Desktop/Capstone_Model/algae_bloom_dataset\test\algae_bloom_6878.png,1
C:/Users/somal/OneDrive/Desktop/Capstone_Model/algae_bloom_dataset\test\algae_bloom_6879.png,0
C:/Users/somal/OneDrive/Desktop/Capstone_Model/algae_bloom_dataset\test\algae_bloom_6880.png,0
C:/Users/somal/OneDrive/Desktop/Capstone_Model/algae_bloom_dataset\test\algae_bloom_6881.png,1
C:/Users/somal/OneDrive/Desktop/Capstone_Model/algae_bloom_dataset\test\algae_bloom_6882.png,0
C:/Users/somal/OneDrive/Desktop/Capstone_Model/algae_bloom_dataset\test\algae_bloom_6883.png,1
C:/Users/somal/OneDrive/Desktop/Capstone_Model/algae_bloom_dataset\test\algae_bloom_6884.png,0
C:/Users/somal/OneDrive/Desktop/Capstone_Model/algae_bloom_dataset\test\algae_bloom_6885.png,0
C:/Users/somal/OneDrive/Desktop/Capstone_Model/algae_bloom_dataset\test\algae_bloom_6886.png,0
C:/Users/somal/OneDrive/Desktop/Capstone_Model/algae_bloom_dataset\test\algae_bloom_6887.png,0
C:/Users/somal/OneDrive/Desktop/Capstone_Model/algae_bloom_dataset\test\algae_bloom_6888.png,0
C:/Users/somal/OneDrive/Desktop/Capstone_Model/algae_bloom_dataset\test\algae_bloom_6889.png,0
C:/Users/somal/OneDrive/Desktop/Capstone_Model/algae_bloom_dataset\test\algae_bloom_6890.png,1
C:/Users/somal/OneDrive/Desktop/Capstone_Model/algae_bloom_dataset\test\algae_bloom_6891.png,1
C:/Users/somal/OneDrive/Desktop/Capstone_Model/algae_bloom_dataset\test\algae_bloom_6892.png,0
C:/Users/somal/OneDrive/Desktop/Capstone_Model/algae_bloom_dataset\test\algae_bloom_6893.png,0
C:/Users/somal/OneDrive/Desktop/Capstone_Model/algae_bloom_dataset\test\algae_bloom_6894.png,1
C:/Users/somal/OneDrive/Desktop/Capstone_Model/algae_bloom_dataset\test\algae_bloom_6895.png,0
C:/Users/somal/OneDrive/Desktop/Capstone_Model/algae_bloom_dataset\test\algae_bloom_6896.png,1
C:/Users/somal/OneDrive/Desktop/Capstone_Model/algae_bloom_dataset\test\algae_bloom_6897.png,0
C:/Users/somal/OneDrive/Desktop/Capstone_Model/algae_bloom_dataset\test\algae_bloom_6898.png,0
C:/Users/somal/OneDrive/Desktop/Capstone_Model/algae_bloom_dataset\test\algae_bloom_6899.png,0
C:/Users/somal/OneDrive/Desktop/Capstone_Model/algae_bloom_dataset\test\algae_bloom_6900.png,0
C:/Users/somal/OneDrive/Desktop/Capstone_Model/algae_bloom_dataset\test\algae_bloom_6901.png,0
C:/Users/somal/OneDrive/Desktop/Capstone_Model/algae_bloom_dataset\test\algae_bloom_6902.png,0
C:/Users/somal/OneDrive/Desktop/Capstone_Model/algae_bloom_dataset\test\algae_bloom_6903.png,0
C:/Users/somal/OneDrive/Desktop/Capstone_Model/algae_bloom_dataset\test\algae_bloom_6904.png,1
C:/Users/somal/OneDrive/Desktop/Capstone_Model/algae_bloom_dataset\test\algae_bloom_6905.png,1
C:/Users/somal/OneDrive/Desktop/Capstone_Model/algae_bloom_dataset\test\algae_bloom_6906.png,0
C:/Users/somal/OneDrive/Desktop/Capstone_Model/algae_bloom_dataset\test\algae_bloom_6907.png,0
C:/Users/somal/OneDrive/Desktop/Capstone_Model/algae_bloom_dataset\test\algae_bloom_6908.png,0
C:/Users/somal/OneDrive/Desktop/Capstone_Model/algae_bloom_dataset\test\algae_bloom_6909.png,0
C:/Users/somal/OneDrive/Desktop/Capstone_Model/algae_bloom_dataset\test\algae_bloom_6910.png,1
C:/Users/somal/OneDrive/Desktop/Capstone_Model/algae_bloom_dataset\test\algae_bloom_6911.png,0
C:/Users/somal/OneDrive/Desktop/Capstone_Model/algae_bloom_dataset\test\algae_bloom_6912.png,0
C:/Users/somal/OneDrive/Desktop/Capstone_Model/algae_bloom_dataset\test\algae_bloom_6913.png,0
C:/Users/somal/OneDrive/Desktop/Capstone_Model/algae_bloom_dataset\test\algae_bloom_6914.png,0
C:/Users/somal/OneDrive/Desktop/Capstone_Model/algae_bloom_dataset\test\algae_bloom_6915.png,0
C:/Users/somal/OneDrive/Desktop/Capstone_Model/algae_bloom_dataset\test\algae_bloom_6916.png,0
C:/Users/somal/OneDrive/Desktop/Capstone_Model/algae_bloom_dataset\test\algae_bloom_6917.png,0
C:/Users/somal/OneDrive/Desktop/Capstone_Model/algae_bloom_dataset\test\algae_bloom_6918.png,1
C:/Users/somal/OneDrive/Desktop/Capstone_Model/algae_bloom_dataset\test\algae_bloom_6919.png,0
C:/Users/somal/OneDrive/Desktop/Capstone_Model/algae_bloom_dataset\test\algae_bloom_6920.png,1
C:/Users/somal/OneDrive/Desktop/Capstone_Model/algae_bloom_dataset\test\algae_bloom_6921.png,0
C:/Users/somal/OneDrive/Desktop/Capstone_Model/algae_bloom_dataset\test\algae_bloom_6922.png,0
C:/Users/somal/OneDrive/Desktop/Capstone_Model/algae_bloom_dataset\test\algae_bloom_6923.png,0
C:/Users/somal/OneDrive/Desktop/Capstone_Model/algae_bloom_dataset\test\algae_bloom_6924.png,1
C:/Users/somal/OneDrive/Desktop/Capstone_Model/algae_bloom_dataset\test\algae_bloom_6925.png,0
C:/Users/somal/OneDrive/Desktop/Capstone_Model/algae_bloom_dataset\test\algae_bloom_6926.png,0
C:/Users/somal/OneDrive/Desktop/Capstone_Model/algae_bloom_dataset\test\algae_bloom_6927.png,0
C:/Users/somal/OneDrive/Desktop/Capstone_Model/algae_bloom_dataset\test\algae_bloom_6928.png,1
C:/Users/somal/OneDrive/Desktop/Capstone_Model/algae_bloom_dataset\test\algae_bloom_6929.png,0
C:/Users/somal/OneDrive/Desktop/Capstone_Model/algae_bloom_dataset\test\algae_bloom_6930.png,0
C:/Users/somal/OneDrive/Desktop/Capstone_Model/algae_bloom_dataset\test\algae_bloom_6931.png,0
C:/Users/somal/OneDrive/Desktop/Capstone_Model/algae_bloom_dataset\test\algae_bloom_6932.png,0
C:/Users/somal/OneDrive/Desktop/Capstone_Model/algae_bloom_dataset\test\algae_bloom_6933.png,1
C:/Users/somal/OneDrive/Desktop/Capstone_Model/algae_bloom_dataset\test\algae_bloom_6934.png,1
C:/Users/somal/OneDrive/Desktop/Capstone_Model/algae_bloom_dataset\test\algae_bloom_6935.png,1
C:/Users/somal/OneDrive/Desktop/Capstone_Model/algae_bloom_dataset\test\algae_bloom_6936.png,1
C:/Users/somal/OneDrive/Desktop/Capstone_Model/algae_bloom_dataset\test\algae_bloom_6937.png,0
C:/Users/somal/OneDrive/Desktop/Capstone_Model/algae_bloom_dataset\test\algae_bloom_6938.png,1
C:/Users/somal/OneDrive/Desktop/Capstone_Model/algae_bloom_dataset\test\algae_bloom_6939.png,0
C:/Users/somal/OneDrive/Desktop/Capstone_Model/algae_bloom_dataset\test\algae_bloom_6940.png,0
C:/Users/somal/OneDrive/Desktop/Capstone_Model/algae_bloom_dataset\test\algae_bloom_6941.png,0
C:/Users/somal/OneDrive/Desktop/Capstone_Model/algae_bloom_dataset\test\algae_bloom_6942.png,1
C:/Users/somal/OneDrive/Desktop/Capstone_Model/algae_bloom_dataset\test\algae_bloom_6943.png,0
C:/Users/somal/OneDrive/Desktop/Capstone_Model/algae_bloom_dataset\test\algae_bloom_6944.png,0
C:/Users/somal/OneDrive/Desktop/Capstone_Model/algae_bloom_dataset\test\algae_bloom_6945.png,1
C:/Users/somal/OneDrive/Desktop/Capstone_Model/algae_bloom_dataset\test\algae_bloom_6946.png,0
C:/Users/somal/OneDrive/Desktop/Capstone_Model/algae_bloom_dataset\test\algae_bloom_6947.png,1
C:/Users/somal/OneDrive/Desktop/Capstone_Model/algae_bloom_dataset\test\algae_bloom_6948.png,0
C:/Users/somal/OneDrive/Desktop/Capstone_Model/algae_bloom_dataset\test\algae_bloom_6949.png,1
C:/Users/somal/OneDrive/Desktop/Capstone_Model/algae_bloom_dataset\test\algae_bloom_6950.png,0
C:/Users/somal/OneDrive/Desktop/Capstone_Model/algae_bloom_dataset\test\algae_bloom_6951.png,0
C:/Users/somal/OneDrive/Desktop/Capstone_Model/algae_bloom_dataset\test\algae_bloom_6952.png,0
C:/Users/somal/OneDrive/Desktop/Capstone_Model/algae_bloom_dataset\test\algae_bloom_6953.png,0
C:/Users/somal/OneDrive/Desktop/Capstone_Model/algae_bloom_dataset\test\algae_bloom_6954.png,1
C:/Users/somal/OneDrive/Desktop/Capstone_Model/algae_bloom_dataset\test\algae_bloom_6955.png,1
C:/Users/somal/OneDrive/Desktop/Capstone_Model/algae_bloom_dataset\test\algae_bloom_6956.png,0
C:/Users/somal/OneDrive/Desktop/Capstone_Model/algae_bloom_dataset\test\algae_bloom_6957.png,0
C:/Users/somal/OneDrive/Desktop/Capstone_Model/algae_bloom_dataset\test\algae_bloom_6958.png,0
C:/Users/somal/OneDrive/Desktop/Capstone_Model/algae_bloom_dataset\test\algae_bloom_6959.png,1
C:/Users/somal/OneDrive/Desktop/Capstone_Model/algae_bloom_dataset\test\algae_bloom_6960.png,0
C:/Users/somal/OneDrive/Desktop/Capstone_Model/algae_bloom_dataset\test\algae_bloom_6961.png,0
C:/Users/somal/OneDrive/Desktop/Capstone_Model/algae_bloom_dataset\test\algae_bloom_6962.png,0
C:/Users/somal/OneDrive/Desktop/Capstone_Model/algae_bloom_dataset\test\algae_bloom_6963.png,1
C:/Users/somal/OneDrive/Desktop/Capstone_Model/algae_bloom_dataset\test\algae_bloom_6964.png,0
C:/Users/somal/OneDrive/Desktop/Capstone_Model/algae_bloom_dataset\test\algae_bloom_6965.png,0
C:/Users/somal/OneDrive/Desktop/Capstone_Model/algae_bloom_dataset\test\algae_bloom_6966.png,1
C:/Users/somal/OneDrive/Desktop/Capstone_Model/algae_bloom_dataset\test\algae_bloom_6967.png,1
C:/Users/somal/OneDrive/Desktop/Capstone_Model/algae_bloom_dataset\test\algae_bloom_6968.png,0
C:/Users/somal/OneDrive/Desktop/Capstone_Model/algae_bloom_dataset\test\algae_bloom_6969.png,1
C:/Users/somal/OneDrive/Desktop/Capstone_Model/algae_bloom_dataset\test\algae_bloom_6970.png,0
C:/Users/somal/OneDrive/Desktop/Capstone_Model/algae_bloom_dataset\test\algae_bloom_6971.png,0
C:/Users/somal/OneDrive/Desktop/Capstone_Model/algae_bloom_dataset\test\algae_bloom_6972.png,0
C:/Users/somal/OneDrive/Desktop/Capstone_Model/algae_bloom_dataset\test\algae_bloom_6973.png,0
C:/Users/somal/OneDrive/Desktop/Capstone_Model/algae_bloom_dataset\test\algae_bloom_6974.png,0
C:/Users/somal/OneDrive/Desktop/Capstone_Model/algae_bloom_dataset\test\algae_bloom_6975.png,0
C:/Users/somal/OneDrive/Desktop/Capstone_Model/algae_bloom_dataset\test\algae_bloom_6976.png,0
C:/Users/somal/OneDrive/Desktop/Capstone_Model/algae_bloom_dataset\test\algae_bloom_6977.png,1
C:/Users/somal/OneDrive/Desktop/Capstone_Model/algae_bloom_dataset\test\algae_bloom_6978.png,1
C:/Users/somal/OneDrive/Desktop/Capstone_Model/algae_bloom_dataset\test\algae_bloom_6979.png,0
C:/Users/somal/OneDrive/Desktop/Capstone_Model/algae_bloom_dataset\test\algae_bloom_6980.png,0
C:/Users/somal/OneDrive/Desktop/Capstone_Model/algae_bloom_dataset\test\algae_bloom_6981.png,1
C:/Users/somal/OneDrive/Desktop/Capstone_Model/algae_bloom_dataset\test\algae_bloom_6982.png,1
C:/Users/somal/OneDrive/Desktop/Capstone_Model/algae_bloom_dataset\test\algae_bloom_6983.png,0
C:/Users/somal/OneDrive/Desktop/Capstone_Model/algae_bloom_dataset\test\algae_bloom_6984.png,1
C:/Users/somal/OneDrive/Desktop/Capstone_Model/algae_bloom_dataset\test\algae_bloom_6985.png,1
C:/Users/somal/OneDrive/Desktop/Capstone_Model/algae_bloom_dataset\test\algae_bloom_6986.png,1
C:/Users/somal/OneDrive/Desktop/Capstone_Model/algae_bloom_dataset\test\algae_bloom_6987.png,0
C:/Users/somal/OneDrive/Desktop/Capstone_Model/algae_bloom_dataset\test\algae_bloom_6988.png,1
C:/Users/somal/OneDrive/Desktop/Capstone_Model/algae_bloom_dataset\test\algae_bloom_6989.png,0
C:/Users/somal/OneDrive/Desktop/Capstone_Model/algae_bloom_dataset\test\algae_bloom_6990.png,0
C:/Users/somal/OneDrive/Desktop/Capstone_Model/algae_bloom_dataset\test\algae_bloom_6991.png,0
C:/Users/somal/OneDrive/Desktop/Capstone_Model/algae_bloom_dataset\test\algae_bloom_6992.png,1
C:/Users/somal/OneDrive/Desktop/Capstone_Model/algae_bloom_dataset\test\algae_bloom_6993.png,1
C:/Users/somal/OneDrive/Desktop/Capstone_Model/algae_bloom_dataset\test\algae_bloom_6994.png,0
C:/Users/somal/OneDrive/Desktop/Capstone_Model/algae_bloom_dataset\test\algae_bloom_6995.png,0
C:/Users/somal/OneDrive/Desktop/Capstone_Model/algae_bloom_dataset\test\algae_bloom_6996.png,1
C:/Users/somal/OneDrive/Desktop/Capstone_Model/algae_bloom_dataset\test\algae_bloom_6997.png,1
C:/Users/somal/OneDrive/Desktop/Capstone_Model/algae_bloom_dataset\test\algae_bloom_6998.png,0
C:/Users/somal/OneDrive/Desktop/Capstone_Model/algae_bloom_dataset\test\algae_bloom_6999.png,0
C:/Users/somal/OneDrive/Desktop/Capstone_Model/algae_bloom_dataset\test\algae_bloom_7000.png,1
C:/Users/somal/OneDrive/Desktop/Capstone_Model/algae_bloom_dataset\test\algae_bloom_7001.png,0
C:/Users/somal/OneDrive/Desktop/Capstone_Model/algae_bloom_dataset\test\algae_bloom_7002.png,0
C:/Users/somal/OneDrive/Desktop/Capstone_Model/algae_bloom_dataset\test\algae_bloom_7003.png,0
C:/Users/somal/OneDrive/Desktop/Capstone_Model/algae_bloom_dataset\test\algae_bloom_7004.png,0
C:/Users/somal/OneDrive/Desktop/Capstone_Model/algae_bloom_dataset\test\algae_bloom_7005.png,1
C:/Users/somal/OneDrive/Desktop/Capstone_Model/algae_bloom_dataset\test\algae_bloom_7006.png,0
C:/Users/somal/OneDrive/Desktop/Capstone_Model/algae_bloom_dataset\test\algae_bloom_7007.png,1
C:/Users/somal/OneDrive/Desktop/Capstone_Model/algae_bloom_dataset\test\algae_bloom_7008.png,0
C:/Users/somal/OneDrive/Desktop/Capstone_Model/algae_bloom_dataset\test\algae_bloom_7009.png,0
C:/Users/somal/OneDrive/Desktop/Capstone_Model/algae_bloom_dataset\test\algae_bloom_7010.png,0
C:/Users/somal/OneDrive/Desktop/Capstone_Model/algae_bloom_dataset\test\algae_bloom_7011.png,0
C:/Users/somal/OneDrive/Desktop/Capstone_Model/algae_bloom_dataset\test\algae_bloom_7012.png,1
C:/Users/somal/OneDrive/Desktop/Capstone_Model/algae_bloom_dataset\test\algae_bloom_7013.png,0
C:/Users/somal/OneDrive/Desktop/Capstone_Model/algae_bloom_dataset\test\algae_bloom_7014.png,0
C:/Users/somal/OneDrive/Desktop/Capstone_Model/algae_bloom_dataset\test\algae_bloom_7015.png,0
C:/Users/somal/OneDrive/Desktop/Capstone_Model/algae_bloom_dataset\test\algae_bloom_7016.png,0
C:/Users/somal/OneDrive/Desktop/Capstone_Model/algae_bloom_dataset\test\algae_bloom_7017.png,0
C:/Users/somal/OneDrive/Desktop/Capstone_Model/algae_bloom_dataset\test\algae_bloom_7018.png,0
C:/Users/somal/OneDrive/Desktop/Capstone_Model/algae_bloom_dataset\test\algae_bloom_7019.png,0
C:/Users/somal/OneDrive/Desktop/Capstone_Model/algae_bloom_dataset\test\algae_bloom_7020.png,0
C:/Users/somal/OneDrive/Desktop/Capstone_Model/algae_bloom_dataset\test\algae_bloom_7021.png,1
C:/Users/somal/OneDrive/Desktop/Capstone_Model/algae_bloom_dataset\test\algae_bloom_7022.png,0
C:/Users/somal/OneDrive/Desktop/Capstone_Model/algae_bloom_dataset\test\algae_bloom_7023.png,0
C:/Users/somal/OneDrive/Desktop/Capstone_Model/algae_bloom_dataset\test\algae_bloom_7024.png,0
C:/Users/somal/OneDrive/Desktop/Capstone_Model/algae_bloom_dataset\test\algae_bloom_7025.png,1
C:/Users/somal/OneDrive/Desktop/Capstone_Model/algae_bloom_dataset\test\algae_bloom_7026.png,0
C:/Users/somal/OneDrive/Desktop/Capstone_Model/algae_bloom_dataset\test\algae_bloom_7027.png,0
C:/Users/somal/OneDrive/Desktop/Capstone_Model/algae_bloom_dataset\test\algae_bloom_7028.png,0
C:/Users/somal/OneDrive/Desktop/Capstone_Model/algae_bloom_dataset\test\algae_bloom_7029.png,1
C:/Users/somal/OneDrive/Desktop/Capstone_Model/algae_bloom_dataset\test\algae_bloom_7030.png,0
C:/Users/somal/OneDrive/Desktop/Capstone_Model/algae_bloom_dataset\test\algae_bloom_7031.png,0
C:/Users/somal/OneDrive/Desktop/Capstone_Model/algae_bloom_dataset\test\algae_bloom_7032.png,1
C:/Users/somal/OneDrive/Desktop/Capstone_Model/algae_bloom_dataset\test\algae_bloom_7033.png,0
C:/Users/somal/OneDrive/Desktop/Capstone_Model/algae_bloom_dataset\test\algae_bloom_7034.png,1
C:/Users/somal/OneDrive/Desktop/Capstone_Model/algae_bloom_dataset\test\algae_bloom_7035.png,0
C:/Users/somal/OneDrive/Desktop/Capstone_Model/algae_bloom_dataset\test\algae_bloom_7036.png,0
C:/Users/somal/OneDrive/Desktop/Capstone_Model/algae_bloom_dataset\test\algae_bloom_7037.png,1
C:/Users/somal/OneDrive/Desktop/Capstone_Model/algae_bloom_dataset\test\algae_bloom_7038.png,0
C:/Users/somal/OneDrive/Desktop/Capstone_Model/algae_bloom_dataset\test\algae_bloom_7039.png,0
C:/Users/somal/OneDrive/Desktop/Capstone_Model/algae_bloom_dataset\test\algae_bloom_7040.png,1
C:/Users/somal/OneDrive/Desktop/Capstone_Model/algae_bloom_dataset\test\algae_bloom_7041.png,1
C:/Users/somal/OneDrive/Desktop/Capstone_Model/algae_bloom_dataset\test\algae_bloom_7042.png,0
C:/Users/somal/OneDrive/Desktop/Capstone_Model/algae_bloom_dataset\test\algae_bloom_7043.png,0
C:/Users/somal/OneDrive/Desktop/Capstone_Model/algae_bloom_dataset\test\algae_bloom_7044.png,0
C:/Users/somal/OneDrive/Desktop/Capstone_Model/algae_bloom_dataset\test\algae_bloom_7045.png,1
C:/Users/somal/OneDrive/Desktop/Capstone_Model/algae_bloom_dataset\test\algae_bloom_7046.png,0
C:/Users/somal/OneDrive/Desktop/Capstone_Model/algae_bloom_dataset\test\algae_bloom_7047.png,0
C:/Users/somal/OneDrive/Desktop/Capstone_Model/algae_bloom_dataset\test\algae_bloom_7048.png,0
C:/Users/somal/OneDrive/Desktop/Capstone_Model/algae_bloom_dataset\test\algae_bloom_7049.png,0
C:/Users/somal/OneDrive/Desktop/Capstone_Model/algae_bloom_dataset\test\algae_bloom_7050.png,0
C:/Users/somal/OneDrive/Desktop/Capstone_Model/algae_bloom_dataset\test\algae_bloom_7051.png,0
C:/Users/somal/OneDrive/Desktop/Capstone_Model/algae_bloom_dataset\test\algae_bloom_7052.png,1
C:/Users/somal/OneDrive/Desktop/Capstone_Model/algae_bloom_dataset\test\algae_bloom_7053.png,0
C:/Users/somal/OneDrive/Desktop/Capstone_Model/algae_bloom_dataset\test\algae_bloom_7054.png,1
C:/Users/somal/OneDrive/Desktop/Capstone_Model/algae_bloom_dataset\test\algae_bloom_7055.png,0
C:/Users/somal/OneDrive/Desktop/Capstone_Model/algae_bloom_dataset\test\algae_bloom_7056.png,0
C:/Users/somal/OneDrive/Desktop/Capstone_Model/algae_bloom_dataset\test\algae_bloom_7057.png,0
C:/Users/somal/OneDrive/Desktop/Capstone_Model/algae_bloom_dataset\test\algae_bloom_7058.png,1
C:/Users/somal/OneDrive/Desktop/Capstone_Model/algae_bloom_dataset\test\algae_bloom_7059.png,0
C:/Users/somal/OneDrive/Desktop/Capstone_Model/algae_bloom_dataset\test\algae_bloom_7060.png,0
C:/Users/somal/OneDrive/Desktop/Capstone_Model/algae_bloom_dataset\test\algae_bloom_7061.png,1
C:/Users/somal/OneDrive/Desktop/Capstone_Model/algae_bloom_dataset\test\algae_bloom_7062.png,0
C:/Users/somal/OneDrive/Desktop/Capstone_Model/algae_bloom_dataset\test\algae_bloom_7063.png,1
C:/Users/somal/OneDrive/Desktop/Capstone_Model/algae_bloom_dataset\test\algae_bloom_7064.png,0
C:/Users/somal/OneDrive/Desktop/Capstone_Model/algae_bloom_dataset\test\algae_bloom_7065.png,0
C:/Users/somal/OneDrive/Desktop/Capstone_Model/algae_bloom_dataset\test\algae_bloom_7066.png,0
C:/Users/somal/OneDrive/Desktop/Capstone_Model/algae_bloom_dataset\test\algae_bloom_7067.png,0
C:/Users/somal/OneDrive/Desktop/Capstone_Model/algae_bloom_dataset\test\algae_bloom_7068.png,1
C:/Users/somal/OneDrive/Desktop/Capstone_Model/algae_bloom_dataset\test\algae_bloom_7069.png,1
C:/Users/somal/OneDrive/Desktop/Capstone_Model/algae_bloom_dataset\test\algae_bloom_7070.png,0
C:/Users/somal/OneDrive/Desktop/Capstone_Model/algae_bloom_dataset\test\algae_bloom_7071.png,0
C:/Users/somal/OneDrive/Desktop/Capstone_Model/algae_bloom_dataset\test\algae_bloom_7072.png,0
C:/Users/somal/OneDrive/Desktop/Capstone_Model/algae_bloom_dataset\test\algae_bloom_7073.png,0
C:/Users/somal/OneDrive/Desktop/Capstone_Model/algae_bloom_dataset\test\algae_bloom_7074.png,1
C:/Users/somal/OneDrive/Desktop/Capstone_Model/algae_bloom_dataset\test\algae_bloom_7075.png,0
C:/Users/somal/OneDrive/Desktop/Capstone_Model/algae_bloom_dataset\test\algae_bloom_7076.png,0
C:/Users/somal/OneDrive/Desktop/Capstone_Model/algae_bloom_dataset\test\algae_bloom_7077.png,1
C:/Users/somal/OneDrive/Desktop/Capstone_Model/algae_bloom_dataset\test\algae_bloom_7078.png,0
C:/Users/somal/OneDrive/Desktop/Capstone_Model/algae_bloom_dataset\test\algae_bloom_7079.png,1
C:/Users/somal/OneDrive/Desktop/Capstone_Model/algae_bloom_dataset\test\algae_bloom_7080.png,0
C:/Users/somal/OneDrive/Desktop/Capstone_Model/algae_bloom_dataset\test\algae_bloom_7081.png,0
C:/Users/somal/OneDrive/Desktop/Capstone_Model/algae_bloom_dataset\test\algae_bloom_7082.png,0
C:/Users/somal/OneDrive/Desktop/Capstone_Model/algae_bloom_dataset\test\algae_bloom_7083.png,0
C:/Users/somal/OneDrive/Desktop/Capstone_Model/algae_bloom_dataset\test\algae_bloom_7084.png,0
C:/Users/somal/OneDrive/Desktop/Capstone_Model/algae_bloom_dataset\test\algae_bloom_7085.png,0
C:/Users/somal/OneDrive/Desktop/Capstone_Model/algae_bloom_dataset\test\algae_bloom_7086.png,1
C:/Users/somal/OneDrive/Desktop/Capstone_Model/algae_bloom_dataset\test\algae_bloom_7087.png,0
C:/Users/somal/OneDrive/Desktop/Capstone_Model/algae_bloom_dataset\test\algae_bloom_7088.png,0
C:/Users/somal/OneDrive/Desktop/Capstone_Model/algae_bloom_dataset\test\algae_bloom_7089.png,0
C:/Users/somal/OneDrive/Desktop/Capstone_Model/algae_bloom_dataset\test\algae_bloom_7090.png,0
C:/Users/somal/OneDrive/Desktop/Capstone_Model/algae_bloom_dataset\test\algae_bloom_7091.png,0
C:/Users/somal/OneDrive/Desktop/Capstone_Model/algae_bloom_dataset\test\algae_bloom_7092.png,0
C:/Users/somal/OneDrive/Desktop/Capstone_Model/algae_bloom_dataset\test\algae_bloom_7093.png,0
C:/Users/somal/OneDrive/Desktop/Capstone_Model/algae_bloom_dataset\test\algae_bloom_7094.png,0
C:/Users/somal/OneDrive/Desktop/Capstone_Model/algae_bloom_dataset\test\algae_bloom_7095.png,0
C:/Users/somal/OneDrive/Desktop/Capstone_Model/algae_bloom_dataset\test\algae_bloom_7096.png,1
C:/Users/somal/OneDrive/Desktop/Capstone_Model/algae_bloom_dataset\test\algae_bloom_7097.png,0
C:/Users/somal/OneDrive/Desktop/Capstone_Model/algae_bloom_dataset\test\algae_bloom_7098.png,1
C:/Users/somal/OneDrive/Desktop/Capstone_Model/algae_bloom_dataset\test\algae_bloom_7099.png,0
C:/Users/somal/OneDrive/Desktop/Capstone_Model/algae_bloom_dataset\test\algae_bloom_7100.png,0
C:/Users/somal/OneDrive/Desktop/Capstone_Model/algae_bloom_dataset\test\algae_bloom_7101.png,0
C:/Users/somal/OneDrive/Desktop/Capstone_Model/algae_bloom_dataset\test\algae_bloom_7102.png,1
C:/Users/somal/OneDrive/Desktop/Capstone_Model/algae_bloom_dataset\test\algae_bloom_7103.png,0
C:/Users/somal/OneDrive/Desktop/Capstone_Model/algae_bloom_dataset\test\algae_bloom_7104.png,0
C:/Users/somal/OneDrive/Desktop/Capstone_Model/algae_bloom_dataset\test\algae_bloom_7105.png,0
C:/Users/somal/OneDrive/Desktop/Capstone_Model/algae_bloom_dataset\test\algae_bloom_7106.png,0
C:/Users/somal/OneDrive/Desktop/Capstone_Model/algae_bloom_dataset\test\algae_bloom_7107.png,0
C:/Users/somal/OneDrive/Desktop/Capstone_Model/algae_bloom_dataset\test\algae_bloom_7108.png,1
C:/Users/somal/OneDrive/Desktop/Capstone_Model/algae_bloom_dataset\test\algae_bloom_7109.png,0
C:/Users/somal/OneDrive/Desktop/Capstone_Model/algae_bloom_dataset\test\algae_bloom_7110.png,0
C:/Users/somal/OneDrive/Desktop/Capstone_Model/algae_bloom_dataset\test\algae_bloom_7111.png,0
C:/Users/somal/OneDrive/Desktop/Capstone_Model/algae_bloom_dataset\test\algae_bloom_7112.png,0
C:/Users/somal/OneDrive/Desktop/Capstone_Model/algae_bloom_dataset\test\algae_bloom_7113.png,0
C:/Users/somal/OneDrive/Desktop/Capstone_Model/algae_bloom_dataset\test\algae_bloom_7114.png,0
C:/Users/somal/OneDrive/Desktop/Capstone_Model/algae_bloom_dataset\test\algae_bloom_7115.png,0
C:/Users/somal/OneDrive/Desktop/Capstone_Model/algae_bloom_dataset\test\algae_bloom_7116.png,0
C:/Users/somal/OneDrive/Desktop/Capstone_Model/algae_bloom_dataset\test\algae_bloom_7117.png,1
C:/Users/somal/OneDrive/Desktop/Capstone_Model/algae_bloom_dataset\test\algae_bloom_7118.png,0
C:/Users/somal/OneDrive/Desktop/Capstone_Model/algae_bloom_dataset\test\algae_bloom_7119.png,0
C:/Users/somal/OneDrive/Desktop/Capstone_Model/algae_bloom_dataset\test\algae_bloom_7120.png,0
C:/Users/somal/OneDrive/Desktop/Capstone_Model/algae_bloom_dataset\test\algae_bloom_7121.png,1
C:/Users/somal/OneDrive/Desktop/Capstone_Model/algae_bloom_dataset\test\algae_bloom_7122.png,0
C:/Users/somal/OneDrive/Desktop/Capstone_Model/algae_bloom_dataset\test\algae_bloom_7123.png,0
C:/Users/somal/OneDrive/Desktop/Capstone_Model/algae_bloom_dataset\test\algae_bloom_7124.png,0
C:/Users/somal/OneDrive/Desktop/Capstone_Model/algae_bloom_dataset\test\algae_bloom_7125.png,1
C:/Users/somal/OneDrive/Desktop/Capstone_Model/algae_bloom_dataset\test\algae_bloom_7126.png,0
C:/Users/somal/OneDrive/Desktop/Capstone_Model/algae_bloom_dataset\test\algae_bloom_7127.png,0
C:/Users/somal/OneDrive/Desktop/Capstone_Model/algae_bloom_dataset\test\algae_bloom_7128.png,0
C:/Users/somal/OneDrive/Desktop/Capstone_Model/algae_bloom_dataset\test\algae_bloom_7129.png,0
C:/Users/somal/OneDrive/Desktop/Capstone_Model/algae_bloom_dataset\test\algae_bloom_7130.png,0
C:/Users/somal/OneDrive/Desktop/Capstone_Model/algae_bloom_dataset\test\algae_bloom_7131.png,1
C:/Users/somal/OneDrive/Desktop/Capstone_Model/algae_bloom_dataset\test\algae_bloom_7132.png,0
C:/Users/somal/OneDrive/Desktop/Capstone_Model/algae_bloom_dataset\test\algae_bloom_7133.png,0
C:/Users/somal/OneDrive/Desktop/Capstone_Model/algae_bloom_dataset\test\algae_bloom_7134.png,0
C:/Users/somal/OneDrive/Desktop/Capstone_Model/algae_bloom_dataset\test\algae_bloom_7135.png,0
C:/Users/somal/OneDrive/Desktop/Capstone_Model/algae_bloom_dataset\test\algae_bloom_7136.png,0
C:/Users/somal/OneDrive/Desktop/Capstone_Model/algae_bloom_dataset\test\algae_bloom_7137.png,0
C:/Users/somal/OneDrive/Desktop/Capstone_Model/algae_bloom_dataset\test\algae_bloom_7138.png,0
C:/Users/somal/OneDrive/Desktop/Capstone_Model/algae_bloom_dataset\test\algae_bloom_7139.png,0
C:/Users/somal/OneDrive/Desktop/Capstone_Model/algae_bloom_dataset\test\algae_bloom_7140.png,1
C:/Users/somal/OneDrive/Desktop/Capstone_Model/algae_bloom_dataset\test\algae_bloom_7141.png,1
C:/Users/somal/OneDrive/Desktop/Capstone_Model/algae_bloom_dataset\test\algae_bloom_7142.png,1
C:/Users/somal/OneDrive/Desktop/Capstone_Model/algae_bloom_dataset\test\algae_bloom_7143.png,1
C:/Users/somal/OneDrive/Desktop/Capstone_Model/algae_bloom_dataset\test\algae_bloom_7144.png,0
C:/Users/somal/OneDrive/Desktop/Capstone_Model/algae_bloom_dataset\test\algae_bloom_7145.png,0
C:/Users/somal/OneDrive/Desktop/Capstone_Model/algae_bloom_dataset\test\algae_bloom_7146.png,0
C:/Users/somal/OneDrive/Desktop/Capstone_Model/algae_bloom_dataset\test\algae_bloom_7147.png,0
C:/Users/somal/OneDrive/Desktop/Capstone_Model/algae_bloom_dataset\test\algae_bloom_7148.png,1
C:/Users/somal/OneDrive/Desktop/Capstone_Model/algae_bloom_dataset\test\algae_bloom_7149.png,1
C:/Users/somal/OneDrive/Desktop/Capstone_Model/algae_bloom_dataset\test\algae_bloom_7150.png,1
C:/Users/somal/OneDrive/Desktop/Capstone_Model/algae_bloom_dataset\test\algae_bloom_7151.png,0
C:/Users/somal/OneDrive/Desktop/Capstone_Model/algae_bloom_dataset\test\algae_bloom_7152.png,0
C:/Users/somal/OneDrive/Desktop/Capstone_Model/algae_bloom_dataset\test\algae_bloom_7153.png,0
C:/Users/somal/OneDrive/Desktop/Capstone_Model/algae_bloom_dataset\test\algae_bloom_7154.png,1
C:/Users/somal/OneDrive/Desktop/Capstone_Model/algae_bloom_dataset\test\algae_bloom_7155.png,1
C:/Users/somal/OneDrive/Desktop/Capstone_Model/algae_bloom_dataset\test\algae_bloom_7156.png,0
C:/Users/somal/OneDrive/Desktop/Capstone_Model/algae_bloom_dataset\test\algae_bloom_7157.png,0
C:/Users/somal/OneDrive/Desktop/Capstone_Model/algae_bloom_dataset\test\algae_bloom_7158.png,1
C:/Users/somal/OneDrive/Desktop/Capstone_Model/algae_bloom_dataset\test\algae_bloom_7159.png,1
C:/Users/somal/OneDrive/Desktop/Capstone_Model/algae_bloom_dataset\test\algae_bloom_7160.png,0
C:/Users/somal/OneDrive/Desktop/Capstone_Model/algae_bloom_dataset\test\algae_bloom_7161.png,0
C:/Users/somal/OneDrive/Desktop/Capstone_Model/algae_bloom_dataset\test\algae_bloom_7162.png,1
C:/Users/somal/OneDrive/Desktop/Capstone_Model/algae_bloom_dataset\test\algae_bloom_7163.png,1
C:/Users/somal/OneDrive/Desktop/Capstone_Model/algae_bloom_dataset\test\algae_bloom_7164.png,1
C:/Users/somal/OneDrive/Desktop/Capstone_Model/algae_bloom_dataset\test\algae_bloom_7165.png,0
C:/Users/somal/OneDrive/Desktop/Capstone_Model/algae_bloom_dataset\test\algae_bloom_7166.png,1
C:/Users/somal/OneDrive/Desktop/Capstone_Model/algae_bloom_dataset\test\algae_bloom_7167.png,0
C:/Users/somal/OneDrive/Desktop/Capstone_Model/algae_bloom_dataset\test\algae_bloom_7168.png,1
C:/Users/somal/OneDrive/Desktop/Capstone_Model/algae_bloom_dataset\test\algae_bloom_7169.png,0
C:/Users/somal/OneDrive/Desktop/Capstone_Model/algae_bloom_dataset\test\algae_bloom_7170.png,0
C:/Users/somal/OneDrive/Desktop/Capstone_Model/algae_bloom_dataset\test\algae_bloom_7171.png,1
C:/Users/somal/OneDrive/Desktop/Capstone_Model/algae_bloom_dataset\test\algae_bloom_7172.png,0
C:/Users/somal/OneDrive/Desktop/Capstone_Model/algae_bloom_dataset\test\algae_bloom_7173.png,0
C:/Users/somal/OneDrive/Desktop/Capstone_Model/algae_bloom_dataset\test\algae_bloom_7174.png,1
C:/Users/somal/OneDrive/Desktop/Capstone_Model/algae_bloom_dataset\test\algae_bloom_7175.png,1
C:/Users/somal/OneDrive/Desktop/Capstone_Model/algae_bloom_dataset\test\algae_bloom_7176.png,0
C:/Users/somal/OneDrive/Desktop/Capstone_Model/algae_bloom_dataset\test\algae_bloom_7177.png,0
C:/Users/somal/OneDrive/Desktop/Capstone_Model/algae_bloom_dataset\test\algae_bloom_7178.png,1
C:/Users/somal/OneDrive/Desktop/Capstone_Model/algae_bloom_dataset\test\algae_bloom_7179.png,1
C:/Users/somal/OneDrive/Desktop/Capstone_Model/algae_bloom_dataset\test\algae_bloom_7180.png,0
C:/Users/somal/OneDrive/Desktop/Capstone_Model/algae_bloom_dataset\test\algae_bloom_7181.png,0
C:/Users/somal/OneDrive/Desktop/Capstone_Model/algae_bloom_dataset\test\algae_bloom_7182.png,1
C:/Users/somal/OneDrive/Desktop/Capstone_Model/algae_bloom_dataset\test\algae_bloom_7183.png,0
C:/Users/somal/OneDrive/Desktop/Capstone_Model/algae_bloom_dataset\test\algae_bloom_7184.png,0
C:/Users/somal/OneDrive/Desktop/Capstone_Model/algae_bloom_dataset\test\algae_bloom_7185.png,0
C:/Users/somal/OneDrive/Desktop/Capstone_Model/algae_bloom_dataset\test\algae_bloom_7186.png,0
C:/Users/somal/OneDrive/Desktop/Capstone_Model/algae_bloom_dataset\test\algae_bloom_7187.png,0
C:/Users/somal/OneDrive/Desktop/Capstone_Model/algae_bloom_dataset\test\algae_bloom_7188.png,1
C:/Users/somal/OneDrive/Desktop/Capstone_Model/algae_bloom_dataset\test\algae_bloom_7189.png,0
C:/Users/somal/OneDrive/Desktop/Capstone_Model/algae_bloom_dataset\test\algae_bloom_7190.png,1
C:/Users/somal/OneDrive/Desktop/Capstone_Model/algae_bloom_dataset\test\algae_bloom_7191.png,0
C:/Users/somal/OneDrive/Desktop/Capstone_Model/algae_bloom_dataset\test\algae_bloom_7192.png,0
C:/Users/somal/OneDrive/Desktop/Capstone_Model/algae_bloom_dataset\test\algae_bloom_7193.png,0
C:/Users/somal/OneDrive/Desktop/Capstone_Model/algae_bloom_dataset\test\algae_bloom_7194.png,1
C:/Users/somal/OneDrive/Desktop/Capstone_Model/algae_bloom_dataset\test\algae_bloom_7195.png,0
C:/Users/somal/OneDrive/Desktop/Capstone_Model/algae_bloom_dataset\test\algae_bloom_7196.png,1
C:/Users/somal/OneDrive/Desktop/Capstone_Model/algae_bloom_dataset\test\algae_bloom_7197.png,0
C:/Users/somal/OneDrive/Desktop/Capstone_Model/algae_bloom_dataset\test\algae_bloom_7198.png,0
C:/Users/somal/OneDrive/Desktop/Capstone_Model/algae_bloom_dataset\test\algae_bloom_7199.png,0
C:/Users/somal/OneDrive/Desktop/Capstone_Model/algae_bloom_dataset\test\algae_bloom_7200.png,0
C:/Users/somal/OneDrive/Desktop/Capstone_Model/algae_bloom_dataset\test\algae_bloom_7201.png,1
C:/Users/somal/OneDrive/Desktop/Capstone_Model/algae_bloom_dataset\test\algae_bloom_7202.png,1
C:/Users/somal/OneDrive/Desktop/Capstone_Model/algae_bloom_dataset\test\algae_bloom_7203.png,0
C:/Users/somal/OneDrive/Desktop/Capstone_Model/algae_bloom_dataset\test\algae_bloom_7204.png,0
C:/Users/somal/OneDrive/Desktop/Capstone_Model/algae_bloom_dataset\test\algae_bloom_7205.png,0
C:/Users/somal/OneDrive/Desktop/Capstone_Model/algae_bloom_dataset\test\algae_bloom_7206.png,1
C:/Users/somal/OneDrive/Desktop/Capstone_Model/algae_bloom_dataset\test\algae_bloom_7207.png,1
C:/Users/somal/OneDrive/Desktop/Capstone_Model/algae_bloom_dataset\test\algae_bloom_7208.png,0
C:/Users/somal/OneDrive/Desktop/Capstone_Model/algae_bloom_dataset\test\algae_bloom_7209.png,0
C:/Users/somal/OneDrive/Desktop/Capstone_Model/algae_bloom_dataset\test\algae_bloom_7210.png,0
C:/Users/somal/OneDrive/Desktop/Capstone_Model/algae_bloom_dataset\test\algae_bloom_7211.png,0
C:/Users/somal/OneDrive/Desktop/Capstone_Model/algae_bloom_dataset\test\algae_bloom_7212.png,0
C:/Users/somal/OneDrive/Desktop/Capstone_Model/algae_bloom_dataset\test\algae_bloom_7213.png,1
C:/Users/somal/OneDrive/Desktop/Capstone_Model/algae_bloom_dataset\test\algae_bloom_7214.png,1
C:/Users/somal/OneDrive/Desktop/Capstone_Model/algae_bloom_dataset\test\algae_bloom_7215.png,0
C:/Users/somal/OneDrive/Desktop/Capstone_Model/algae_bloom_dataset\test\algae_bloom_7216.png,0
C:/Users/somal/OneDrive/Desktop/Capstone_Model/algae_bloom_dataset\test\algae_bloom_7217.png,1
C:/Users/somal/OneDrive/Desktop/Capstone_Model/algae_bloom_dataset\test\algae_bloom_7218.png,1
C:/Users/somal/OneDrive/Desktop/Capstone_Model/algae_bloom_dataset\test\algae_bloom_7219.png,1
C:/Users/somal/OneDrive/Desktop/Capstone_Model/algae_bloom_dataset\test\algae_bloom_7220.png,1
C:/Users/somal/OneDrive/Desktop/Capstone_Model/algae_bloom_dataset\test\algae_bloom_7221.png,1
C:/Users/somal/OneDrive/Desktop/Capstone_Model/algae_bloom_dataset\test\algae_bloom_7222.png,0
C:/Users/somal/OneDrive/Desktop/Capstone_Model/algae_bloom_dataset\test\algae_bloom_7223.png,0
C:/Users/somal/OneDrive/Desktop/Capstone_Model/algae_bloom_dataset\test\algae_bloom_7224.png,0
C:/Users/somal/OneDrive/Desktop/Capstone_Model/algae_bloom_dataset\test\algae_bloom_7225.png,1
C:/Users/somal/OneDrive/Desktop/Capstone_Model/algae_bloom_dataset\test\algae_bloom_7226.png,0
C:/Users/somal/OneDrive/Desktop/Capstone_Model/algae_bloom_dataset\test\algae_bloom_7227.png,0
C:/Users/somal/OneDrive/Desktop/Capstone_Model/algae_bloom_dataset\test\algae_bloom_7228.png,0
C:/Users/somal/OneDrive/Desktop/Capstone_Model/algae_bloom_dataset\test\algae_bloom_7229.png,0
C:/Users/somal/OneDrive/Desktop/Capstone_Model/algae_bloom_dataset\test\algae_bloom_7230.png,0
C:/Users/somal/OneDrive/Desktop/Capstone_Model/algae_bloom_dataset\test\algae_bloom_7231.png,0
C:/Users/somal/OneDrive/Desktop/Capstone_Model/algae_bloom_dataset\test\algae_bloom_7232.png,0
C:/Users/somal/OneDrive/Desktop/Capstone_Model/algae_bloom_dataset\test\algae_bloom_7233.png,0
C:/Users/somal/OneDrive/Desktop/Capstone_Model/algae_bloom_dataset\test\algae_bloom_7234.png,0
C:/Users/somal/OneDrive/Desktop/Capstone_Model/algae_bloom_dataset\test\algae_bloom_7235.png,1
C:/Users/somal/OneDrive/Desktop/Capstone_Model/algae_bloom_dataset\test\algae_bloom_7236.png,0
C:/Users/somal/OneDrive/Desktop/Capstone_Model/algae_bloom_dataset\test\algae_bloom_7237.png,0
C:/Users/somal/OneDrive/Desktop/Capstone_Model/algae_bloom_dataset\test\algae_bloom_7238.png,0
C:/Users/somal/OneDrive/Desktop/Capstone_Model/algae_bloom_dataset\test\algae_bloom_7239.png,0
C:/Users/somal/OneDrive/Desktop/Capstone_Model/algae_bloom_dataset\test\algae_bloom_7240.png,0
C:/Users/somal/OneDrive/Desktop/Capstone_Model/algae_bloom_dataset\test\algae_bloom_7241.png,1
C:/Users/somal/OneDrive/Desktop/Capstone_Model/algae_bloom_dataset\test\algae_bloom_7242.png,0
C:/Users/somal/OneDrive/Desktop/Capstone_Model/algae_bloom_dataset\test\algae_bloom_7243.png,0
C:/Users/somal/OneDrive/Desktop/Capstone_Model/algae_bloom_dataset\test\algae_bloom_7244.png,0
C:/Users/somal/OneDrive/Desktop/Capstone_Model/algae_bloom_dataset\test\algae_bloom_7245.png,1
C:/Users/somal/OneDrive/Desktop/Capstone_Model/algae_bloom_dataset\test\algae_bloom_7246.png,0
C:/Users/somal/OneDrive/Desktop/Capstone_Model/algae_bloom_dataset\test\algae_bloom_7247.png,0
C:/Users/somal/OneDrive/Desktop/Capstone_Model/algae_bloom_dataset\test\algae_bloom_7248.png,0
C:/Users/somal/OneDrive/Desktop/Capstone_Model/algae_bloom_dataset\test\algae_bloom_7249.png,0
C:/Users/somal/OneDrive/Desktop/Capstone_Model/algae_bloom_dataset\test\algae_bloom_7250.png,0
C:/Users/somal/OneDrive/Desktop/Capstone_Model/algae_bloom_dataset\test\algae_bloom_7251.png,0
C:/Users/somal/OneDrive/Desktop/Capstone_Model/algae_bloom_dataset\test\algae_bloom_7252.png,0
C:/Users/somal/OneDrive/Desktop/Capstone_Model/algae_bloom_dataset\test\algae_bloom_7253.png,0
C:/Users/somal/OneDrive/Desktop/Capstone_Model/algae_bloom_dataset\test\algae_bloom_7254.png,0
C:/Users/somal/OneDrive/Desktop/Capstone_Model/algae_bloom_dataset\test\algae_bloom_7255.png,0
C:/Users/somal/OneDrive/Desktop/Capstone_Model/algae_bloom_dataset\test\algae_bloom_7256.png,0
C:/Users/somal/OneDrive/Desktop/Capstone_Model/algae_bloom_dataset\test\algae_bloom_7257.png,0
C:/Users/somal/OneDrive/Desktop/Capstone_Model/algae_bloom_dataset\test\algae_bloom_7258.png,1
C:/Users/somal/OneDrive/Desktop/Capstone_Model/algae_bloom_dataset\test\algae_bloom_7259.png,0
C:/Users/somal/OneDrive/Desktop/Capstone_Model/algae_bloom_dataset\test\algae_bloom_7260.png,1
C:/Users/somal/OneDrive/Desktop/Capstone_Model/algae_bloom_dataset\test\algae_bloom_7261.png,0
C:/Users/somal/OneDrive/Desktop/Capstone_Model/algae_bloom_dataset\test\algae_bloom_7262.png,0
C:/Users/somal/OneDrive/Desktop/Capstone_Model/algae_bloom_dataset\test\algae_bloom_7263.png,0
C:/Users/somal/OneDrive/Desktop/Capstone_Model/algae_bloom_dataset\test\algae_bloom_7264.png,0
C:/Users/somal/OneDrive/Desktop/Capstone_Model/algae_bloom_dataset\test\algae_bloom_7265.png,1
C:/Users/somal/OneDrive/Desktop/Capstone_Model/algae_bloom_dataset\test\algae_bloom_7266.png,0
C:/Users/somal/OneDrive/Desktop/Capstone_Model/algae_bloom_dataset\test\algae_bloom_7267.png,1
C:/Users/somal/OneDrive/Desktop/Capstone_Model/algae_bloom_dataset\test\algae_bloom_7268.png,0
C:/Users/somal/OneDrive/Desktop/Capstone_Model/algae_bloom_dataset\test\algae_bloom_7269.png,0
C:/Users/somal/OneDrive/Desktop/Capstone_Model/algae_bloom_dataset\test\algae_bloom_7270.png,0
C:/Users/somal/OneDrive/Desktop/Capstone_Model/algae_bloom_dataset\test\algae_bloom_7271.png,1
C:/Users/somal/OneDrive/Desktop/Capstone_Model/algae_bloom_dataset\test\algae_bloom_7272.png,0
C:/Users/somal/OneDrive/Desktop/Capstone_Model/algae_bloom_dataset\test\algae_bloom_7273.png,0
C:/Users/somal/OneDrive/Desktop/Capstone_Model/algae_bloom_dataset\test\algae_bloom_7274.png,0
C:/Users/somal/OneDrive/Desktop/Capstone_Model/algae_bloom_dataset\test\algae_bloom_7275.png,0
C:/Users/somal/OneDrive/Desktop/Capstone_Model/algae_bloom_dataset\test\algae_bloom_7276.png,0
C:/Users/somal/OneDrive/Desktop/Capstone_Model/algae_bloom_dataset\test\algae_bloom_7277.png,1
C:/Users/somal/OneDrive/Desktop/Capstone_Model/algae_bloom_dataset\test\algae_bloom_7278.png,0
C:/Users/somal/OneDrive/Desktop/Capstone_Model/algae_bloom_dataset\test\algae_bloom_7279.png,0
C:/Users/somal/OneDrive/Desktop/Capstone_Model/algae_bloom_dataset\test\algae_bloom_7280.png,1
C:/Users/somal/OneDrive/Desktop/Capstone_Model/algae_bloom_dataset\test\algae_bloom_7281.png,1
C:/Users/somal/OneDrive/Desktop/Capstone_Model/algae_bloom_dataset\test\algae_bloom_7282.png,0
C:/Users/somal/OneDrive/Desktop/Capstone_Model/algae_bloom_dataset\test\algae_bloom_7283.png,0
C:/Users/somal/OneDrive/Desktop/Capstone_Model/algae_bloom_dataset\test\algae_bloom_7284.png,0
C:/Users/somal/OneDrive/Desktop/Capstone_Model/algae_bloom_dataset\test\algae_bloom_7285.png,0
C:/Users/somal/OneDrive/Desktop/Capstone_Model/algae_bloom_dataset\test\algae_bloom_7286.png,0
C:/Users/somal/OneDrive/Desktop/Capstone_Model/algae_bloom_dataset\test\algae_bloom_7287.png,0
C:/Users/somal/OneDrive/Desktop/Capstone_Model/algae_bloom_dataset\test\algae_bloom_7288.png,0
C:/Users/somal/OneDrive/Desktop/Capstone_Model/algae_bloom_dataset\test\algae_bloom_7289.png,0
C:/Users/somal/OneDrive/Desktop/Capstone_Model/algae_bloom_dataset\test\algae_bloom_7290.png,0
C:/Users/somal/OneDrive/Desktop/Capstone_Model/algae_bloom_dataset\test\algae_bloom_7291.png,0
C:/Users/somal/OneDrive/Desktop/Capstone_Model/algae_bloom_dataset\test\algae_bloom_7292.png,0
C:/Users/somal/OneDrive/Desktop/Capstone_Model/algae_bloom_dataset\test\algae_bloom_7293.png,0
C:/Users/somal/OneDrive/Desktop/Capstone_Model/algae_bloom_dataset\test\algae_bloom_7294.png,0
C:/Users/somal/OneDrive/Desktop/Capstone_Model/algae_bloom_dataset\test\algae_bloom_7295.png,0
C:/Users/somal/OneDrive/Desktop/Capstone_Model/algae_bloom_dataset\test\algae_bloom_7296.png,0
C:/Users/somal/OneDrive/Desktop/Capstone_Model/algae_bloom_dataset\test\algae_bloom_7297.png,0
C:/Users/somal/OneDrive/Desktop/Capstone_Model/algae_bloom_dataset\test\algae_bloom_7298.png,1
C:/Users/somal/OneDrive/Desktop/Capstone_Model/algae_bloom_dataset\test\algae_bloom_7299.png,1
C:/Users/somal/OneDrive/Desktop/Capstone_Model/algae_bloom_dataset\test\algae_bloom_7300.png,1
C:/Users/somal/OneDrive/Desktop/Capstone_Model/algae_bloom_dataset\test\algae_bloom_7301.png,0
C:/Users/somal/OneDrive/Desktop/Capstone_Model/algae_bloom_dataset\test\algae_bloom_7302.png,0
C:/Users/somal/OneDrive/Desktop/Capstone_Model/algae_bloom_dataset\test\algae_bloom_7303.png,0
C:/Users/somal/OneDrive/Desktop/Capstone_Model/algae_bloom_dataset\test\algae_bloom_7304.png,0
C:/Users/somal/OneDrive/Desktop/Capstone_Model/algae_bloom_dataset\test\algae_bloom_7305.png,0
C:/Users/somal/OneDrive/Desktop/Capstone_Model/algae_bloom_dataset\test\algae_bloom_7306.png,0
C:/Users/somal/OneDrive/Desktop/Capstone_Model/algae_bloom_dataset\test\algae_bloom_7307.png,1
C:/Users/somal/OneDrive/Desktop/Capstone_Model/algae_bloom_dataset\test\algae_bloom_7308.png,1
C:/Users/somal/OneDrive/Desktop/Capstone_Model/algae_bloom_dataset\test\algae_bloom_7309.png,0
C:/Users/somal/OneDrive/Desktop/Capstone_Model/algae_bloom_dataset\test\algae_bloom_7310.png,0
C:/Users/somal/OneDrive/Desktop/Capstone_Model/algae_bloom_dataset\test\algae_bloom_7311.png,1
C:/Users/somal/OneDrive/Desktop/Capstone_Model/algae_bloom_dataset\test\algae_bloom_7312.png,1
C:/Users/somal/OneDrive/Desktop/Capstone_Model/algae_bloom_dataset\test\algae_bloom_7313.png,1
C:/Users/somal/OneDrive/Desktop/Capstone_Model/algae_bloom_dataset\test\algae_bloom_7314.png,0
C:/Users/somal/OneDrive/Desktop/Capstone_Model/algae_bloom_dataset\test\algae_bloom_7315.png,0
C:/Users/somal/OneDrive/Desktop/Capstone_Model/algae_bloom_dataset\test\algae_bloom_7316.png,0
C:/Users/somal/OneDrive/Desktop/Capstone_Model/algae_bloom_dataset\test\algae_bloom_7317.png,1
C:/Users/somal/OneDrive/Desktop/Capstone_Model/algae_bloom_dataset\test\algae_bloom_7318.png,0
C:/Users/somal/OneDrive/Desktop/Capstone_Model/algae_bloom_dataset\test\algae_bloom_7319.png,0
C:/Users/somal/OneDrive/Desktop/Capstone_Model/algae_bloom_dataset\test\algae_bloom_7320.png,1
C:/Users/somal/OneDrive/Desktop/Capstone_Model/algae_bloom_dataset\test\algae_bloom_7321.png,0
C:/Users/somal/OneDrive/Desktop/Capstone_Model/algae_bloom_dataset\test\algae_bloom_7322.png,0
C:/Users/somal/OneDrive/Desktop/Capstone_Model/algae_bloom_dataset\test\algae_bloom_7323.png,0
C:/Users/somal/OneDrive/Desktop/Capstone_Model/algae_bloom_dataset\test\algae_bloom_7324.png,0
C:/Users/somal/OneDrive/Desktop/Capstone_Model/algae_bloom_dataset\test\algae_bloom_7325.png,0
C:/Users/somal/OneDrive/Desktop/Capstone_Model/algae_bloom_dataset\test\algae_bloom_7326.png,0
C:/Users/somal/OneDrive/Desktop/Capstone_Model/algae_bloom_dataset\test\algae_bloom_7327.png,1
C:/Users/somal/OneDrive/Desktop/Capstone_Model/algae_bloom_dataset\test\algae_bloom_7328.png,1
C:/Users/somal/OneDrive/Desktop/Capstone_Model/algae_bloom_dataset\test\algae_bloom_7329.png,0
C:/Users/somal/OneDrive/Desktop/Capstone_Model/algae_bloom_dataset\test\algae_bloom_7330.png,0
C:/Users/somal/OneDrive/Desktop/Capstone_Model/algae_bloom_dataset\test\algae_bloom_7331.png,0
C:/Users/somal/OneDrive/Desktop/Capstone_Model/algae_bloom_dataset\test\algae_bloom_7332.png,0
C:/Users/somal/OneDrive/Desktop/Capstone_Model/algae_bloom_dataset\test\algae_bloom_7333.png,0
C:/Users/somal/OneDrive/Desktop/Capstone_Model/algae_bloom_dataset\test\algae_bloom_7334.png,0
C:/Users/somal/OneDrive/Desktop/Capstone_Model/algae_bloom_dataset\test\algae_bloom_7335.png,0
C:/Users/somal/OneDrive/Desktop/Capstone_Model/algae_bloom_dataset\test\algae_bloom_7336.png,0
C:/Users/somal/OneDrive/Desktop/Capstone_Model/algae_bloom_dataset\test\algae_bloom_7337.png,0
C:/Users/somal/OneDrive/Desktop/Capstone_Model/algae_bloom_dataset\test\algae_bloom_7338.png,0
C:/Users/somal/OneDrive/Desktop/Capstone_Model/algae_bloom_dataset\test\algae_bloom_7339.png,1
C:/Users/somal/OneDrive/Desktop/Capstone_Model/algae_bloom_dataset\test\algae_bloom_7340.png,0
C:/Users/somal/OneDrive/Desktop/Capstone_Model/algae_bloom_dataset\test\algae_bloom_7341.png,0
C:/Users/somal/OneDrive/Desktop/Capstone_Model/algae_bloom_dataset\test\algae_bloom_7342.png,1
C:/Users/somal/OneDrive/Desktop/Capstone_Model/algae_bloom_dataset\test\algae_bloom_7343.png,0
C:/Users/somal/OneDrive/Desktop/Capstone_Model/algae_bloom_dataset\test\algae_bloom_7344.png,1
C:/Users/somal/OneDrive/Desktop/Capstone_Model/algae_bloom_dataset\test\algae_bloom_7345.png,0
C:/Users/somal/OneDrive/Desktop/Capstone_Model/algae_bloom_dataset\test\algae_bloom_7346.png,0
C:/Users/somal/OneDrive/Desktop/Capstone_Model/algae_bloom_dataset\test\algae_bloom_7347.png,1
C:/Users/somal/OneDrive/Desktop/Capstone_Model/algae_bloom_dataset\test\algae_bloom_7348.png,0
C:/Users/somal/OneDrive/Desktop/Capstone_Model/algae_bloom_dataset\test\algae_bloom_7349.png,0
C:/Users/somal/OneDrive/Desktop/Capstone_Model/algae_bloom_dataset\test\algae_bloom_7350.png,1
C:/Users/somal/OneDrive/Desktop/Capstone_Model/algae_bloom_dataset\test\algae_bloom_7351.png,0
C:/Users/somal/OneDrive/Desktop/Capstone_Model/algae_bloom_dataset\test\algae_bloom_7352.png,0
C:/Users/somal/OneDrive/Desktop/Capstone_Model/algae_bloom_dataset\test\algae_bloom_7353.png,0
C:/Users/somal/OneDrive/Desktop/Capstone_Model/algae_bloom_dataset\test\algae_bloom_7354.png,0
C:/Users/somal/OneDrive/Desktop/Capstone_Model/algae_bloom_dataset\test\algae_bloom_7355.png,0
C:/Users/somal/OneDrive/Desktop/Capstone_Model/algae_bloom_dataset\test\algae_bloom_7356.png,0
C:/Users/somal/OneDrive/Desktop/Capstone_Model/algae_bloom_dataset\test\algae_bloom_7357.png,0
C:/Users/somal/OneDrive/Desktop/Capstone_Model/algae_bloom_dataset\test\algae_bloom_7358.png,1
C:/Users/somal/OneDrive/Desktop/Capstone_Model/algae_bloom_dataset\test\algae_bloom_7359.png,0
C:/Users/somal/OneDrive/Desktop/Capstone_Model/algae_bloom_dataset\test\algae_bloom_7360.png,0
C:/Users/somal/OneDrive/Desktop/Capstone_Model/algae_bloom_dataset\test\algae_bloom_7361.png,0
C:/Users/somal/OneDrive/Desktop/Capstone_Model/algae_bloom_dataset\test\algae_bloom_7362.png,0
C:/Users/somal/OneDrive/Desktop/Capstone_Model/algae_bloom_dataset\test\algae_bloom_7363.png,0
C:/Users/somal/OneDrive/Desktop/Capstone_Model/algae_bloom_dataset\test\algae_bloom_7364.png,0
C:/Users/somal/OneDrive/Desktop/Capstone_Model/algae_bloom_dataset\test\algae_bloom_7365.png,0
C:/Users/somal/OneDrive/Desktop/Capstone_Model/algae_bloom_dataset\test\algae_bloom_7366.png,0
C:/Users/somal/OneDrive/Desktop/Capstone_Model/algae_bloom_dataset\test\algae_bloom_7367.png,0
C:/Users/somal/OneDrive/Desktop/Capstone_Model/algae_bloom_dataset\test\algae_bloom_7368.png,1
C:/Users/somal/OneDrive/Desktop/Capstone_Model/algae_bloom_dataset\test\algae_bloom_7369.png,1
C:/Users/somal/OneDrive/Desktop/Capstone_Model/algae_bloom_dataset\test\algae_bloom_7370.png,0
C:/Users/somal/OneDrive/Desktop/Capstone_Model/algae_bloom_dataset\test\algae_bloom_7371.png,0
C:/Users/somal/OneDrive/Desktop/Capstone_Model/algae_bloom_dataset\test\algae_bloom_7372.png,1
C:/Users/somal/OneDrive/Desktop/Capstone_Model/algae_bloom_dataset\test\algae_bloom_7373.png,0
C:/Users/somal/OneDrive/Desktop/Capstone_Model/algae_bloom_dataset\test\algae_bloom_7374.png,0
C:/Users/somal/OneDrive/Desktop/Capstone_Model/algae_bloom_dataset\test\algae_bloom_7375.png,0
C:/Users/somal/OneDrive/Desktop/Capstone_Model/algae_bloom_dataset\test\algae_bloom_7376.png,1
C:/Users/somal/OneDrive/Desktop/Capstone_Model/algae_bloom_dataset\test\algae_bloom_7377.png,0
C:/Users/somal/OneDrive/Desktop/Capstone_Model/algae_bloom_dataset\test\algae_bloom_7378.png,0
C:/Users/somal/OneDrive/Desktop/Capstone_Model/algae_bloom_dataset\test\algae_bloom_7379.png,0
C:/Users/somal/OneDrive/Desktop/Capstone_Model/algae_bloom_dataset\test\algae_bloom_7380.png,0
C:/Users/somal/OneDrive/Desktop/Capstone_Model/algae_bloom_dataset\test\algae_bloom_7381.png,1
C:/Users/somal/OneDrive/Desktop/Capstone_Model/algae_bloom_dataset\test\algae_bloom_7382.png,0
C:/Users/somal/OneDrive/Desktop/Capstone_Model/algae_bloom_dataset\test\algae_bloom_7383.png,0
C:/Users/somal/OneDrive/Desktop/Capstone_Model/algae_bloom_dataset\test\algae_bloom_7384.png,0
C:/Users/somal/OneDrive/Desktop/Capstone_Model/algae_bloom_dataset\test\algae_bloom_7385.png,0
C:/Users/somal/OneDrive/Desktop/Capstone_Model/algae_bloom_dataset\test\algae_bloom_7386.png,1
C:/Users/somal/OneDrive/Desktop/Capstone_Model/algae_bloom_dataset\test\algae_bloom_7387.png,0
C:/Users/somal/OneDrive/Desktop/Capstone_Model/algae_bloom_dataset\test\algae_bloom_7388.png,0
C:/Users/somal/OneDrive/Desktop/Capstone_Model/algae_bloom_dataset\test\algae_bloom_7389.png,0
C:/Users/somal/OneDrive/Desktop/Capstone_Model/algae_bloom_dataset\test\algae_bloom_7390.png,1
C:/Users/somal/OneDrive/Desktop/Capstone_Model/algae_bloom_dataset\test\algae_bloom_7391.png,0
C:/Users/somal/OneDrive/Desktop/Capstone_Model/algae_bloom_dataset\test\algae_bloom_7392.png,1
C:/Users/somal/OneDrive/Desktop/Capstone_Model/algae_bloom_dataset\test\algae_bloom_7393.png,1
C:/Users/somal/OneDrive/Desktop/Capstone_Model/algae_bloom_dataset\test\algae_bloom_7394.png,0
C:/Users/somal/OneDrive/Desktop/Capstone_Model/algae_bloom_dataset\test\algae_bloom_7395.png,0
C:/Users/somal/OneDrive/Desktop/Capstone_Model/algae_bloom_dataset\test\algae_bloom_7396.png,1
C:/Users/somal/OneDrive/Desktop/Capstone_Model/algae_bloom_dataset\test\algae_bloom_7397.png,0
C:/Users/somal/OneDrive/Desktop/Capstone_Model/algae_bloom_dataset\test\algae_bloom_7398.png,1
C:/Users/somal/OneDrive/Desktop/Capstone_Model/algae_bloom_dataset\test\algae_bloom_7399.png,0
C:/Users/somal/OneDrive/Desktop/Capstone_Model/algae_bloom_dataset\test\algae_bloom_7400.png,0
C:/Users/somal/OneDrive/Desktop/Capstone_Model/algae_bloom_dataset\test\algae_bloom_7401.png,1
C:/Users/somal/OneDrive/Desktop/Capstone_Model/algae_bloom_dataset\test\algae_bloom_7402.png,0
C:/Users/somal/OneDrive/Desktop/Capstone_Model/algae_bloom_dataset\test\algae_bloom_7403.png,0
C:/Users/somal/OneDrive/Desktop/Capstone_Model/algae_bloom_dataset\test\algae_bloom_7404.png,0
C:/Users/somal/OneDrive/Desktop/Capstone_Model/algae_bloom_dataset\test\algae_bloom_7405.png,0
C:/Users/somal/OneDrive/Desktop/Capstone_Model/algae_bloom_dataset\test\algae_bloom_7406.png,0
C:/Users/somal/OneDrive/Desktop/Capstone_Model/algae_bloom_dataset\test\algae_bloom_7407.png,0
C:/Users/somal/OneDrive/Desktop/Capstone_Model/algae_bloom_dataset\test\algae_bloom_7408.png,0
C:/Users/somal/OneDrive/Desktop/Capstone_Model/algae_bloom_dataset\test\algae_bloom_7409.png,0
C:/Users/somal/OneDrive/Desktop/Capstone_Model/algae_bloom_dataset\test\algae_bloom_7410.png,0
C:/Users/somal/OneDrive/Desktop/Capstone_Model/algae_bloom_dataset\test\algae_bloom_7411.png,0
C:/Users/somal/OneDrive/Desktop/Capstone_Model/algae_bloom_dataset\test\algae_bloom_7412.png,1
C:/Users/somal/OneDrive/Desktop/Capstone_Model/algae_bloom_dataset\test\algae_bloom_7413.png,1
C:/Users/somal/OneDrive/Desktop/Capstone_Model/algae_bloom_dataset\test\algae_bloom_7414.png,0
C:/Users/somal/OneDrive/Desktop/Capstone_Model/algae_bloom_dataset\test\algae_bloom_7415.png,0
C:/Users/somal/OneDrive/Desktop/Capstone_Model/algae_bloom_dataset\test\algae_bloom_7416.png,0
C:/Users/somal/OneDrive/Desktop/Capstone_Model/algae_bloom_dataset\test\algae_bloom_7417.png,1
C:/Users/somal/OneDrive/Desktop/Capstone_Model/algae_bloom_dataset\test\algae_bloom_7418.png,0
C:/Users/somal/OneDrive/Desktop/Capstone_Model/algae_bloom_dataset\test\algae_bloom_7419.png,0
C:/Users/somal/OneDrive/Desktop/Capstone_Model/algae_bloom_dataset\test\algae_bloom_7420.png,0
C:/Users/somal/OneDrive/Desktop/Capstone_Model/algae_bloom_dataset\test\algae_bloom_7421.png,0
C:/Users/somal/OneDrive/Desktop/Capstone_Model/algae_bloom_dataset\test\algae_bloom_7422.png,1
C:/Users/somal/OneDrive/Desktop/Capstone_Model/algae_bloom_dataset\test\algae_bloom_7423.png,1
C:/Users/somal/OneDrive/Desktop/Capstone_Model/algae_bloom_dataset\test\algae_bloom_7424.png,1
C:/Users/somal/OneDrive/Desktop/Capstone_Model/algae_bloom_dataset\test\algae_bloom_7425.png,1
C:/Users/somal/OneDrive/Desktop/Capstone_Model/algae_bloom_dataset\test\algae_bloom_7426.png,1
C:/Users/somal/OneDrive/Desktop/Capstone_Model/algae_bloom_dataset\test\algae_bloom_7427.png,1
C:/Users/somal/OneDrive/Desktop/Capstone_Model/algae_bloom_dataset\test\algae_bloom_7428.png,0
C:/Users/somal/OneDrive/Desktop/Capstone_Model/algae_bloom_dataset\test\algae_bloom_7429.png,1
C:/Users/somal/OneDrive/Desktop/Capstone_Model/algae_bloom_dataset\test\algae_bloom_7430.png,1
C:/Users/somal/OneDrive/Desktop/Capstone_Model/algae_bloom_dataset\test\algae_bloom_7431.png,0
C:/Users/somal/OneDrive/Desktop/Capstone_Model/algae_bloom_dataset\test\algae_bloom_7432.png,0
C:/Users/somal/OneDrive/Desktop/Capstone_Model/algae_bloom_dataset\test\algae_bloom_7433.png,0
C:/Users/somal/OneDrive/Desktop/Capstone_Model/algae_bloom_dataset\test\algae_bloom_7434.png,1
C:/Users/somal/OneDrive/Desktop/Capstone_Model/algae_bloom_dataset\test\algae_bloom_7435.png,0
C:/Users/somal/OneDrive/Desktop/Capstone_Model/algae_bloom_dataset\test\algae_bloom_7436.png,1
C:/Users/somal/OneDrive/Desktop/Capstone_Model/algae_bloom_dataset\test\algae_bloom_7437.png,0
C:/Users/somal/OneDrive/Desktop/Capstone_Model/algae_bloom_dataset\test\algae_bloom_7438.png,0
C:/Users/somal/OneDrive/Desktop/Capstone_Model/algae_bloom_dataset\test\algae_bloom_7439.png,0
C:/Users/somal/OneDrive/Desktop/Capstone_Model/algae_bloom_dataset\test\algae_bloom_7440.png,0
C:/Users/somal/OneDrive/Desktop/Capstone_Model/algae_bloom_dataset\test\algae_bloom_7441.png,0
C:/Users/somal/OneDrive/Desktop/Capstone_Model/algae_bloom_dataset\test\algae_bloom_7442.png,0
C:/Users/somal/OneDrive/Desktop/Capstone_Model/algae_bloom_dataset\test\algae_bloom_7443.png,1
C:/Users/somal/OneDrive/Desktop/Capstone_Model/algae_bloom_dataset\test\algae_bloom_7444.png,0
C:/Users/somal/OneDrive/Desktop/Capstone_Model/algae_bloom_dataset\test\algae_bloom_7445.png,1
C:/Users/somal/OneDrive/Desktop/Capstone_Model/algae_bloom_dataset\test\algae_bloom_7446.png,0
C:/Users/somal/OneDrive/Desktop/Capstone_Model/algae_bloom_dataset\test\algae_bloom_7447.png,1
C:/Users/somal/OneDrive/Desktop/Capstone_Model/algae_bloom_dataset\test\algae_bloom_7448.png,0
C:/Users/somal/OneDrive/Desktop/Capstone_Model/algae_bloom_dataset\test\algae_bloom_7449.png,0
C:/Users/somal/OneDrive/Desktop/Capstone_Model/algae_bloom_dataset\test\algae_bloom_7450.png,1
C:/Users/somal/OneDrive/Desktop/Capstone_Model/algae_bloom_dataset\test\algae_bloom_7451.png,0
C:/Users/somal/OneDrive/Desktop/Capstone_Model/algae_bloom_dataset\test\algae_bloom_7452.png,0
C:/Users/somal/OneDrive/Desktop/Capstone_Model/algae_bloom_dataset\test\algae_bloom_7453.png,0
C:/Users/somal/OneDrive/Desktop/Capstone_Model/algae_bloom_dataset\test\algae_bloom_7454.png,0
C:/Users/somal/OneDrive/Desktop/Capstone_Model/algae_bloom_dataset\test\algae_bloom_7455.png,0
C:/Users/somal/OneDrive/Desktop/Capstone_Model/algae_bloom_dataset\test\algae_bloom_7456.png,0
C:/Users/somal/OneDrive/Desktop/Capstone_Model/algae_bloom_dataset\test\algae_bloom_7457.png,0
C:/Users/somal/OneDrive/Desktop/Capstone_Model/algae_bloom_dataset\test\algae_bloom_7458.png,1
C:/Users/somal/OneDrive/Desktop/Capstone_Model/algae_bloom_dataset\test\algae_bloom_7459.png,0
C:/Users/somal/OneDrive/Desktop/Capstone_Model/algae_bloom_dataset\test\algae_bloom_7460.png,0
C:/Users/somal/OneDrive/Desktop/Capstone_Model/algae_bloom_dataset\test\algae_bloom_7461.png,1
C:/Users/somal/OneDrive/Desktop/Capstone_Model/algae_bloom_dataset\test\algae_bloom_7462.png,0
C:/Users/somal/OneDrive/Desktop/Capstone_Model/algae_bloom_dataset\test\algae_bloom_7463.png,0
C:/Users/somal/OneDrive/Desktop/Capstone_Model/algae_bloom_dataset\test\algae_bloom_7464.png,0
C:/Users/somal/OneDrive/Desktop/Capstone_Model/algae_bloom_dataset\test\algae_bloom_7465.png,0
C:/Users/somal/OneDrive/Desktop/Capstone_Model/algae_bloom_dataset\test\algae_bloom_7466.png,1
C:/Users/somal/OneDrive/Desktop/Capstone_Model/algae_bloom_dataset\test\algae_bloom_7467.png,0
C:/Users/somal/OneDrive/Desktop/Capstone_Model/algae_bloom_dataset\test\algae_bloom_7468.png,0
C:/Users/somal/OneDrive/Desktop/Capstone_Model/algae_bloom_dataset\test\algae_bloom_7469.png,0
C:/Users/somal/OneDrive/Desktop/Capstone_Model/algae_bloom_dataset\test\algae_bloom_7470.png,0
C:/Users/somal/OneDrive/Desktop/Capstone_Model/algae_bloom_dataset\test\algae_bloom_7471.png,1
C:/Users/somal/OneDrive/Desktop/Capstone_Model/algae_bloom_dataset\test\algae_bloom_7472.png,0
C:/Users/somal/OneDrive/Desktop/Capstone_Model/algae_bloom_dataset\test\algae_bloom_7473.png,1
C:/Users/somal/OneDrive/Desktop/Capstone_Model/algae_bloom_dataset\test\algae_bloom_7474.png,0
C:/Users/somal/OneDrive/Desktop/Capstone_Model/algae_bloom_dataset\test\algae_bloom_7475.png,0
C:/Users/somal/OneDrive/Desktop/Capstone_Model/algae_bloom_dataset\test\algae_bloom_7476.png,0
C:/Users/somal/OneDrive/Desktop/Capstone_Model/algae_bloom_dataset\test\algae_bloom_7477.png,1
C:/Users/somal/OneDrive/Desktop/Capstone_Model/algae_bloom_dataset\test\algae_bloom_7478.png,1
C:/Users/somal/OneDrive/Desktop/Capstone_Model/algae_bloom_dataset\test\algae_bloom_7479.png,0
C:/Users/somal/OneDrive/Desktop/Capstone_Model/algae_bloom_dataset\test\algae_bloom_7480.png,0
C:/Users/somal/OneDrive/Desktop/Capstone_Model/algae_bloom_dataset\test\algae_bloom_7481.png,0
C:/Users/somal/OneDrive/Desktop/Capstone_Model/algae_bloom_dataset\test\algae_bloom_7482.png,1
C:/Users/somal/OneDrive/Desktop/Capstone_Model/algae_bloom_dataset\test\algae_bloom_7483.png,0
C:/Users/somal/OneDrive/Desktop/Capstone_Model/algae_bloom_dataset\test\algae_bloom_7484.png,1
C:/Users/somal/OneDrive/Desktop/Capstone_Model/algae_bloom_dataset\test\algae_bloom_7485.png,0
C:/Users/somal/OneDrive/Desktop/Capstone_Model/algae_bloom_dataset\test\algae_bloom_7486.png,0
C:/Users/somal/OneDrive/Desktop/Capstone_Model/algae_bloom_dataset\test\algae_bloom_7487.png,0
C:/Users/somal/OneDrive/Desktop/Capstone_Model/algae_bloom_dataset\test\algae_bloom_7488.png,1
C:/Users/somal/OneDrive/Desktop/Capstone_Model/algae_bloom_dataset\test\algae_bloom_7489.png,0
C:/Users/somal/OneDrive/Desktop/Capstone_Model/algae_bloom_dataset\test\algae_bloom_7490.png,0
C:/Users/somal/OneDrive/Desktop/Capstone_Model/algae_bloom_dataset\test\algae_bloom_7491.png,0
C:/Users/somal/OneDrive/Desktop/Capstone_Model/algae_bloom_dataset\test\algae_bloom_7492.png,1
C:/Users/somal/OneDrive/Desktop/Capstone_Model/algae_bloom_dataset\test\algae_bloom_7493.png,0
C:/Users/somal/OneDrive/Desktop/Capstone_Model/algae_bloom_dataset\test\algae_bloom_7494.png,0
C:/Users/somal/OneDrive/Desktop/Capstone_Model/algae_bloom_dataset\test\algae_bloom_7495.png,1
C:/Users/somal/OneDrive/Desktop/Capstone_Model/algae_bloom_dataset\test\algae_bloom_7496.png,0
C:/Users/somal/OneDrive/Desktop/Capstone_Model/algae_bloom_dataset\test\algae_bloom_7497.png,0
C:/Users/somal/OneDrive/Desktop/Capstone_Model/algae_bloom_dataset\test\algae_bloom_7498.png,0
C:/Users/somal/OneDrive/Desktop/Capstone_Model/algae_bloom_dataset\test\algae_bloom_7499.png,1
C:/Users/somal/OneDrive/Desktop/Capstone_Model/algae_bloom_dataset\test\algae_bloom_7500.png,0
C:/Users/somal/OneDrive/Desktop/Capstone_Model/algae_bloom_dataset\test\algae_bloom_7501.png,0
C:/Users/somal/OneDrive/Desktop/Capstone_Model/algae_bloom_dataset\test\algae_bloom_7502.png,0
C:/Users/somal/OneDrive/Desktop/Capstone_Model/algae_bloom_dataset\test\algae_bloom_7503.png,1
C:/Users/somal/OneDrive/Desktop/Capstone_Model/algae_bloom_dataset\test\algae_bloom_7504.png,0
C:/Users/somal/OneDrive/Desktop/Capstone_Model/algae_bloom_dataset\test\algae_bloom_7505.png,0
C:/Users/somal/OneDrive/Desktop/Capstone_Model/algae_bloom_dataset\test\algae_bloom_7506.png,0
C:/Users/somal/OneDrive/Desktop/Capstone_Model/algae_bloom_dataset\test\algae_bloom_7507.png,0
C:/Users/somal/OneDrive/Desktop/Capstone_Model/algae_bloom_dataset\test\algae_bloom_7508.png,0
C:/Users/somal/OneDrive/Desktop/Capstone_Model/algae_bloom_dataset\test\algae_bloom_7509.png,0
C:/Users/somal/OneDrive/Desktop/Capstone_Model/algae_bloom_dataset\test\algae_bloom_7510.png,0
C:/Users/somal/OneDrive/Desktop/Capstone_Model/algae_bloom_dataset\test\algae_bloom_7511.png,0
C:/Users/somal/OneDrive/Desktop/Capstone_Model/algae_bloom_dataset\test\algae_bloom_7512.png,0
C:/Users/somal/OneDrive/Desktop/Capstone_Model/algae_bloom_dataset\test\algae_bloom_7513.png,0
C:/Users/somal/OneDrive/Desktop/Capstone_Model/algae_bloom_dataset\test\algae_bloom_7514.png,1
C:/Users/somal/OneDrive/Desktop/Capstone_Model/algae_bloom_dataset\test\algae_bloom_7515.png,0
C:/Users/somal/OneDrive/Desktop/Capstone_Model/algae_bloom_dataset\test\algae_bloom_7516.png,0
C:/Users/somal/OneDrive/Desktop/Capstone_Model/algae_bloom_dataset\test\algae_bloom_7517.png,1
C:/Users/somal/OneDrive/Desktop/Capstone_Model/algae_bloom_dataset\test\algae_bloom_7518.png,1
C:/Users/somal/OneDrive/Desktop/Capstone_Model/algae_bloom_dataset\test\algae_bloom_7519.png,0
C:/Users/somal/OneDrive/Desktop/Capstone_Model/algae_bloom_dataset\test\algae_bloom_7520.png,0
C:/Users/somal/OneDrive/Desktop/Capstone_Model/algae_bloom_dataset\test\algae_bloom_7521.png,1
C:/Users/somal/OneDrive/Desktop/Capstone_Model/algae_bloom_dataset\test\algae_bloom_7522.png,0
C:/Users/somal/OneDrive/Desktop/Capstone_Model/algae_bloom_dataset\test\algae_bloom_7523.png,1
C:/Users/somal/OneDrive/Desktop/Capstone_Model/algae_bloom_dataset\test\algae_bloom_7524.png,0
C:/Users/somal/OneDrive/Desktop/Capstone_Model/algae_bloom_dataset\test\algae_bloom_7525.png,0
C:/Users/somal/OneDrive/Desktop/Capstone_Model/algae_bloom_dataset\test\algae_bloom_7526.png,0
C:/Users/somal/OneDrive/Desktop/Capstone_Model/algae_bloom_dataset\test\algae_bloom_7527.png,0
C:/Users/somal/OneDrive/Desktop/Capstone_Model/algae_bloom_dataset\test\algae_bloom_7528.png,0
C:/Users/somal/OneDrive/Desktop/Capstone_Model/algae_bloom_dataset\test\algae_bloom_7529.png,0
C:/Users/somal/OneDrive/Desktop/Capstone_Model/algae_bloom_dataset\test\algae_bloom_7530.png,0
C:/Users/somal/OneDrive/Desktop/Capstone_Model/algae_bloom_dataset\test\algae_bloom_7531.png,0
C:/Users/somal/OneDrive/Desktop/Capstone_Model/algae_bloom_dataset\test\algae_bloom_7532.png,1
C:/Users/somal/OneDrive/Desktop/Capstone_Model/algae_bloom_dataset\test\algae_bloom_7533.png,1
C:/Users/somal/OneDrive/Desktop/Capstone_Model/algae_bloom_dataset\test\algae_bloom_7534.png,1
C:/Users/somal/OneDrive/Desktop/Capstone_Model/algae_bloom_dataset\test\algae_bloom_7535.png,1
C:/Users/somal/OneDrive/Desktop/Capstone_Model/algae_bloom_dataset\test\algae_bloom_7536.png,0
C:/Users/somal/OneDrive/Desktop/Capstone_Model/algae_bloom_dataset\test\algae_bloom_7537.png,0
C:/Users/somal/OneDrive/Desktop/Capstone_Model/algae_bloom_dataset\test\algae_bloom_7538.png,0
C:/Users/somal/OneDrive/Desktop/Capstone_Model/algae_bloom_dataset\test\algae_bloom_7539.png,0
C:/Users/somal/OneDrive/Desktop/Capstone_Model/algae_bloom_dataset\test\algae_bloom_7540.png,0
C:/Users/somal/OneDrive/Desktop/Capstone_Model/algae_bloom_dataset\test\algae_bloom_7541.png,1
C:/Users/somal/OneDrive/Desktop/Capstone_Model/algae_bloom_dataset\test\algae_bloom_7542.png,0
C:/Users/somal/OneDrive/Desktop/Capstone_Model/algae_bloom_dataset\test\algae_bloom_7543.png,0
C:/Users/somal/OneDrive/Desktop/Capstone_Model/algae_bloom_dataset\test\algae_bloom_7544.png,1
C:/Users/somal/OneDrive/Desktop/Capstone_Model/algae_bloom_dataset\test\algae_bloom_7545.png,1
C:/Users/somal/OneDrive/Desktop/Capstone_Model/algae_bloom_dataset\test\algae_bloom_7546.png,1
C:/Users/somal/OneDrive/Desktop/Capstone_Model/algae_bloom_dataset\test\algae_bloom_7547.png,0
C:/Users/somal/OneDrive/Desktop/Capstone_Model/algae_bloom_dataset\test\algae_bloom_7548.png,0
C:/Users/somal/OneDrive/Desktop/Capstone_Model/algae_bloom_dataset\test\algae_bloom_7549.png,0
C:/Users/somal/OneDrive/Desktop/Capstone_Model/algae_bloom_dataset\test\algae_bloom_7550.png,1
C:/Users/somal/OneDrive/Desktop/Capstone_Model/algae_bloom_dataset\test\algae_bloom_7551.png,1
C:/Users/somal/OneDrive/Desktop/Capstone_Model/algae_bloom_dataset\test\algae_bloom_7552.png,0
C:/Users/somal/OneDrive/Desktop/Capstone_Model/algae_bloom_dataset\test\algae_bloom_7553.png,0
C:/Users/somal/OneDrive/Desktop/Capstone_Model/algae_bloom_dataset\test\algae_bloom_7554.png,0
C:/Users/somal/OneDrive/Desktop/Capstone_Model/algae_bloom_dataset\test\algae_bloom_7555.png,1
C:/Users/somal/OneDrive/Desktop/Capstone_Model/algae_bloom_dataset\test\algae_bloom_7556.png,1
C:/Users/somal/OneDrive/Desktop/Capstone_Model/algae_bloom_dataset\test\algae_bloom_7557.png,0
C:/Users/somal/OneDrive/Desktop/Capstone_Model/algae_bloom_dataset\test\algae_bloom_7558.png,1
C:/Users/somal/OneDrive/Desktop/Capstone_Model/algae_bloom_dataset\test\algae_bloom_7559.png,0
C:/Users/somal/OneDrive/Desktop/Capstone_Model/algae_bloom_dataset\test\algae_bloom_7560.png,0
C:/Users/somal/OneDrive/Desktop/Capstone_Model/algae_bloom_dataset\test\algae_bloom_7561.png,0
C:/Users/somal/OneDrive/Desktop/Capstone_Model/algae_bloom_dataset\test\algae_bloom_7562.png,0
C:/Users/somal/OneDrive/Desktop/Capstone_Model/algae_bloom_dataset\test\algae_bloom_7563.png,0
C:/Users/somal/OneDrive/Desktop/Capstone_Model/algae_bloom_dataset\test\algae_bloom_7564.png,0
C:/Users/somal/OneDrive/Desktop/Capstone_Model/algae_bloom_dataset\test\algae_bloom_7565.png,0
C:/Users/somal/OneDrive/Desktop/Capstone_Model/algae_bloom_dataset\test\algae_bloom_7566.png,0
C:/Users/somal/OneDrive/Desktop/Capstone_Model/algae_bloom_dataset\test\algae_bloom_7567.png,1
C:/Users/somal/OneDrive/Desktop/Capstone_Model/algae_bloom_dataset\test\algae_bloom_7568.png,1
C:/Users/somal/OneDrive/Desktop/Capstone_Model/algae_bloom_dataset\test\algae_bloom_7569.png,0
C:/Users/somal/OneDrive/Desktop/Capstone_Model/algae_bloom_dataset\test\algae_bloom_7570.png,0
C:/Users/somal/OneDrive/Desktop/Capstone_Model/algae_bloom_dataset\test\algae_bloom_7571.png,0
C:/Users/somal/OneDrive/Desktop/Capstone_Model/algae_bloom_dataset\test\algae_bloom_7572.png,0
C:/Users/somal/OneDrive/Desktop/Capstone_Model/algae_bloom_dataset\test\algae_bloom_7573.png,0
C:/Users/somal/OneDrive/Desktop/Capstone_Model/algae_bloom_dataset\test\algae_bloom_7574.png,0
C:/Users/somal/OneDrive/Desktop/Capstone_Model/algae_bloom_dataset\test\algae_bloom_7575.png,0
C:/Users/somal/OneDrive/Desktop/Capstone_Model/algae_bloom_dataset\test\algae_bloom_7576.png,0
C:/Users/somal/OneDrive/Desktop/Capstone_Model/algae_bloom_dataset\test\algae_bloom_7577.png,0
C:/Users/somal/OneDrive/Desktop/Capstone_Model/algae_bloom_dataset\test\algae_bloom_7578.png,0
C:/Users/somal/OneDrive/Desktop/Capstone_Model/algae_bloom_dataset\test\algae_bloom_7579.png,1
C:/Users/somal/OneDrive/Desktop/Capstone_Model/algae_bloom_dataset\test\algae_bloom_7580.png,1
C:/Users/somal/OneDrive/Desktop/Capstone_Model/algae_bloom_dataset\test\algae_bloom_7581.png,0
C:/Users/somal/OneDrive/Desktop/Capstone_Model/algae_bloom_dataset\test\algae_bloom_7582.png,0
C:/Users/somal/OneDrive/Desktop/Capstone_Model/algae_bloom_dataset\test\algae_bloom_7583.png,0
C:/Users/somal/OneDrive/Desktop/Capstone_Model/algae_bloom_dataset\test\algae_bloom_7584.png,0
C:/Users/somal/OneDrive/Desktop/Capstone_Model/algae_bloom_dataset\test\algae_bloom_7585.png,0
C:/Users/somal/OneDrive/Desktop/Capstone_Model/algae_bloom_dataset\test\algae_bloom_7586.png,0
C:/Users/somal/OneDrive/Desktop/Capstone_Model/algae_bloom_dataset\test\algae_bloom_7587.png,0
C:/Users/somal/OneDrive/Desktop/Capstone_Model/algae_bloom_dataset\test\algae_bloom_7588.png,0
C:/Users/somal/OneDrive/Desktop/Capstone_Model/algae_bloom_dataset\test\algae_bloom_7589.png,1
C:/Users/somal/OneDrive/Desktop/Capstone_Model/algae_bloom_dataset\test\algae_bloom_7590.png,1
C:/Users/somal/OneDrive/Desktop/Capstone_Model/algae_bloom_dataset\test\algae_bloom_7591.png,0
C:/Users/somal/OneDrive/Desktop/Capstone_Model/algae_bloom_dataset\test\algae_bloom_7592.png,1
C:/Users/somal/OneDrive/Desktop/Capstone_Model/algae_bloom_dataset\test\algae_bloom_7593.png,0
C:/Users/somal/OneDrive/Desktop/Capstone_Model/algae_bloom_dataset\test\algae_bloom_7594.png,0
C:/Users/somal/OneDrive/Desktop/Capstone_Model/algae_bloom_dataset\test\algae_bloom_7595.png,0
C:/Users/somal/OneDrive/Desktop/Capstone_Model/algae_bloom_dataset\test\algae_bloom_7596.png,1
C:/Users/somal/OneDrive/Desktop/Capstone_Model/algae_bloom_dataset\test\algae_bloom_7597.png,0
C:/Users/somal/OneDrive/Desktop/Capstone_Model/algae_bloom_dataset\test\algae_bloom_7598.png,1
C:/Users/somal/OneDrive/Desktop/Capstone_Model/algae_bloom_dataset\test\algae_bloom_7599.png,0
C:/Users/somal/OneDrive/Desktop/Capstone_Model/algae_bloom_dataset\test\algae_bloom_7600.png,0
C:/Users/somal/OneDrive/Desktop/Capstone_Model/algae_bloom_dataset\test\algae_bloom_7601.png,1
C:/Users/somal/OneDrive/Desktop/Capstone_Model/algae_bloom_dataset\test\algae_bloom_7602.png,0
C:/Users/somal/OneDrive/Desktop/Capstone_Model/algae_bloom_dataset\test\algae_bloom_7603.png,0
C:/Users/somal/OneDrive/Desktop/Capstone_Model/algae_bloom_dataset\test\algae_bloom_7604.png,0
C:/Users/somal/OneDrive/Desktop/Capstone_Model/algae_bloom_dataset\test\algae_bloom_7605.png,0
C:/Users/somal/OneDrive/Desktop/Capstone_Model/algae_bloom_dataset\test\algae_bloom_7606.png,1
C:/Users/somal/OneDrive/Desktop/Capstone_Model/algae_bloom_dataset\test\algae_bloom_7607.png,1
C:/Users/somal/OneDrive/Desktop/Capstone_Model/algae_bloom_dataset\test\algae_bloom_7608.png,0
C:/Users/somal/OneDrive/Desktop/Capstone_Model/algae_bloom_dataset\test\algae_bloom_7609.png,0
C:/Users/somal/OneDrive/Desktop/Capstone_Model/algae_bloom_dataset\test\algae_bloom_7610.png,0
C:/Users/somal/OneDrive/Desktop/Capstone_Model/algae_bloom_dataset\test\algae_bloom_7611.png,1
C:/Users/somal/OneDrive/Desktop/Capstone_Model/algae_bloom_dataset\test\algae_bloom_7612.png,0
C:/Users/somal/OneDrive/Desktop/Capstone_Model/algae_bloom_dataset\test\algae_bloom_7613.png,0
C:/Users/somal/OneDrive/Desktop/Capstone_Model/algae_bloom_dataset\test\algae_bloom_7614.png,1
C:/Users/somal/OneDrive/Desktop/Capstone_Model/algae_bloom_dataset\test\algae_bloom_7615.png,1
C:/Users/somal/OneDrive/Desktop/Capstone_Model/algae_bloom_dataset\test\algae_bloom_7616.png,1
C:/Users/somal/OneDrive/Desktop/Capstone_Model/algae_bloom_dataset\test\algae_bloom_7617.png,0
C:/Users/somal/OneDrive/Desktop/Capstone_Model/algae_bloom_dataset\test\algae_bloom_7618.png,1
C:/Users/somal/OneDrive/Desktop/Capstone_Model/algae_bloom_dataset\test\algae_bloom_7619.png,0
C:/Users/somal/OneDrive/Desktop/Capstone_Model/algae_bloom_dataset\test\algae_bloom_7620.png,0
C:/Users/somal/OneDrive/Desktop/Capstone_Model/algae_bloom_dataset\test\algae_bloom_7621.png,0
C:/Users/somal/OneDrive/Desktop/Capstone_Model/algae_bloom_dataset\test\algae_bloom_7622.png,0
C:/Users/somal/OneDrive/Desktop/Capstone_Model/algae_bloom_dataset\test\algae_bloom_7623.png,0
C:/Users/somal/OneDrive/Desktop/Capstone_Model/algae_bloom_dataset\test\algae_bloom_7624.png,1
C:/Users/somal/OneDrive/Desktop/Capstone_Model/algae_bloom_dataset\test\algae_bloom_7625.png,0
C:/Users/somal/OneDrive/Desktop/Capstone_Model/algae_bloom_dataset\test\algae_bloom_7626.png,0
C:/Users/somal/OneDrive/Desktop/Capstone_Model/algae_bloom_dataset\test\algae_bloom_7627.png,0
C:/Users/somal/OneDrive/Desktop/Capstone_Model/algae_bloom_dataset\test\algae_bloom_7628.png,0
C:/Users/somal/OneDrive/Desktop/Capstone_Model/algae_bloom_dataset\test\algae_bloom_7629.png,0
C:/Users/somal/OneDrive/Desktop/Capstone_Model/algae_bloom_dataset\test\algae_bloom_7630.png,0
C:/Users/somal/OneDrive/Desktop/Capstone_Model/algae_bloom_dataset\test\algae_bloom_7631.png,0
C:/Users/somal/OneDrive/Desktop/Capstone_Model/algae_bloom_dataset\test\algae_bloom_7632.png,0
C:/Users/somal/OneDrive/Desktop/Capstone_Model/algae_bloom_dataset\test\algae_bloom_7633.png,1
C:/Users/somal/OneDrive/Desktop/Capstone_Model/algae_bloom_dataset\test\algae_bloom_7634.png,0
C:/Users/somal/OneDrive/Desktop/Capstone_Model/algae_bloom_dataset\test\algae_bloom_7635.png,1
C:/Users/somal/OneDrive/Desktop/Capstone_Model/algae_bloom_dataset\test\algae_bloom_7636.png,0
C:/Users/somal/OneDrive/Desktop/Capstone_Model/algae_bloom_dataset\test\algae_bloom_7637.png,0
C:/Users/somal/OneDrive/Desktop/Capstone_Model/algae_bloom_dataset\test\algae_bloom_7638.png,0
C:/Users/somal/OneDrive/Desktop/Capstone_Model/algae_bloom_dataset\test\algae_bloom_7639.png,0
C:/Users/somal/OneDrive/Desktop/Capstone_Model/algae_bloom_dataset\test\algae_bloom_7640.png,1
C:/Users/somal/OneDrive/Desktop/Capstone_Model/algae_bloom_dataset\test\algae_bloom_7641.png,1
C:/Users/somal/OneDrive/Desktop/Capstone_Model/algae_bloom_dataset\test\algae_bloom_7642.png,0
C:/Users/somal/OneDrive/Desktop/Capstone_Model/algae_bloom_dataset\test\algae_bloom_7643.png,1
C:/Users/somal/OneDrive/Desktop/Capstone_Model/algae_bloom_dataset\test\algae_bloom_7644.png,1
C:/Users/somal/OneDrive/Desktop/Capstone_Model/algae_bloom_dataset\test\algae_bloom_7645.png,0
C:/Users/somal/OneDrive/Desktop/Capstone_Model/algae_bloom_dataset\test\algae_bloom_7646.png,1
C:/Users/somal/OneDrive/Desktop/Capstone_Model/algae_bloom_dataset\test\algae_bloom_7647.png,1
C:/Users/somal/OneDrive/Desktop/Capstone_Model/algae_bloom_dataset\test\algae_bloom_7648.png,1
C:/Users/somal/OneDrive/Desktop/Capstone_Model/algae_bloom_dataset\test\algae_bloom_7649.png,0
C:/Users/somal/OneDrive/Desktop/Capstone_Model/algae_bloom_dataset\test\algae_bloom_7650.png,0
C:/Users/somal/OneDrive/Desktop/Capstone_Model/algae_bloom_dataset\test\algae_bloom_7651.png,1
C:/Users/somal/OneDrive/Desktop/Capstone_Model/algae_bloom_dataset\test\algae_bloom_7652.png,0
C:/Users/somal/OneDrive/Desktop/Capstone_Model/algae_bloom_dataset\test\algae_bloom_7653.png,0
C:/Users/somal/OneDrive/Desktop/Capstone_Model/algae_bloom_dataset\test\algae_bloom_7654.png,1
C:/Users/somal/OneDrive/Desktop/Capstone_Model/algae_bloom_dataset\test\algae_bloom_7655.png,0
C:/Users/somal/OneDrive/Desktop/Capstone_Model/algae_bloom_dataset\test\algae_bloom_7656.png,0
C:/Users/somal/OneDrive/Desktop/Capstone_Model/algae_bloom_dataset\test\algae_bloom_7657.png,1
C:/Users/somal/OneDrive/Desktop/Capstone_Model/algae_bloom_dataset\test\algae_bloom_7658.png,0
C:/Users/somal/OneDrive/Desktop/Capstone_Model/algae_bloom_dataset\test\algae_bloom_7659.png,0
C:/Users/somal/OneDrive/Desktop/Capstone_Model/algae_bloom_dataset\test\algae_bloom_7660.png,0
C:/Users/somal/OneDrive/Desktop/Capstone_Model/algae_bloom_dataset\test\algae_bloom_7661.png,0
C:/Users/somal/OneDrive/Desktop/Capstone_Model/algae_bloom_dataset\test\algae_bloom_7662.png,0
C:/Users/somal/OneDrive/Desktop/Capstone_Model/algae_bloom_dataset\test\algae_bloom_7663.png,1
C:/Users/somal/OneDrive/Desktop/Capstone_Model/algae_bloom_dataset\test\algae_bloom_7664.png,0
C:/Users/somal/OneDrive/Desktop/Capstone_Model/algae_bloom_dataset\test\algae_bloom_7665.png,0
C:/Users/somal/OneDrive/Desktop/Capstone_Model/algae_bloom_dataset\test\algae_bloom_7666.png,0
C:/Users/somal/OneDrive/Desktop/Capstone_Model/algae_bloom_dataset\test\algae_bloom_7667.png,1
C:/Users/somal/OneDrive/Desktop/Capstone_Model/algae_bloom_dataset\test\algae_bloom_7668.png,0
C:/Users/somal/OneDrive/Desktop/Capstone_Model/algae_bloom_dataset\test\algae_bloom_7669.png,0
C:/Users/somal/OneDrive/Desktop/Capstone_Model/algae_bloom_dataset\test\algae_bloom_7670.png,1
C:/Users/somal/OneDrive/Desktop/Capstone_Model/algae_bloom_dataset\test\algae_bloom_7671.png,0
C:/Users/somal/OneDrive/Desktop/Capstone_Model/algae_bloom_dataset\test\algae_bloom_7672.png,0
C:/Users/somal/OneDrive/Desktop/Capstone_Model/algae_bloom_dataset\test\algae_bloom_7673.png,0
C:/Users/somal/OneDrive/Desktop/Capstone_Model/algae_bloom_dataset\test\algae_bloom_7674.png,0
C:/Users/somal/OneDrive/Desktop/Capstone_Model/algae_bloom_dataset\test\algae_bloom_7675.png,1
C:/Users/somal/OneDrive/Desktop/Capstone_Model/algae_bloom_dataset\test\algae_bloom_7676.png,0
C:/Users/somal/OneDrive/Desktop/Capstone_Model/algae_bloom_dataset\test\algae_bloom_7677.png,0
C:/Users/somal/OneDrive/Desktop/Capstone_Model/algae_bloom_dataset\test\algae_bloom_7678.png,0
C:/Users/somal/OneDrive/Desktop/Capstone_Model/algae_bloom_dataset\test\algae_bloom_7679.png,0
C:/Users/somal/OneDrive/Desktop/Capstone_Model/algae_bloom_dataset\test\algae_bloom_7680.png,0
C:/Users/somal/OneDrive/Desktop/Capstone_Model/algae_bloom_dataset\test\algae_bloom_7681.png,0
C:/Users/somal/OneDrive/Desktop/Capstone_Model/algae_bloom_dataset\test\algae_bloom_7682.png,0
C:/Users/somal/OneDrive/Desktop/Capstone_Model/algae_bloom_dataset\test\algae_bloom_7683.png,0
C:/Users/somal/OneDrive/Desktop/Capstone_Model/algae_bloom_dataset\test\algae_bloom_7684.png,0
C:/Users/somal/OneDrive/Desktop/Capstone_Model/algae_bloom_dataset\test\algae_bloom_7685.png,0
C:/Users/somal/OneDrive/Desktop/Capstone_Model/algae_bloom_dataset\test\algae_bloom_7686.png,0
C:/Users/somal/OneDrive/Desktop/Capstone_Model/algae_bloom_dataset\test\algae_bloom_7687.png,1
C:/Users/somal/OneDrive/Desktop/Capstone_Model/algae_bloom_dataset\test\algae_bloom_7688.png,0
C:/Users/somal/OneDrive/Desktop/Capstone_Model/algae_bloom_dataset\test\algae_bloom_7689.png,1
C:/Users/somal/OneDrive/Desktop/Capstone_Model/algae_bloom_dataset\test\algae_bloom_7690.png,0
C:/Users/somal/OneDrive/Desktop/Capstone_Model/algae_bloom_dataset\test\algae_bloom_7691.png,0
C:/Users/somal/OneDrive/Desktop/Capstone_Model/algae_bloom_dataset\test\algae_bloom_7692.png,0
C:/Users/somal/OneDrive/Desktop/Capstone_Model/algae_bloom_dataset\test\algae_bloom_7693.png,0
C:/Users/somal/OneDrive/Desktop/Capstone_Model/algae_bloom_dataset\test\algae_bloom_7694.png,0
C:/Users/somal/OneDrive/Desktop/Capstone_Model/algae_bloom_dataset\test\algae_bloom_7695.png,1
C:/Users/somal/OneDrive/Desktop/Capstone_Model/algae_bloom_dataset\test\algae_bloom_7696.png,0
C:/Users/somal/OneDrive/Desktop/Capstone_Model/algae_bloom_dataset\test\algae_bloom_7697.png,0
C:/Users/somal/OneDrive/Desktop/Capstone_Model/algae_bloom_dataset\test\algae_bloom_7698.png,0
C:/Users/somal/OneDrive/Desktop/Capstone_Model/algae_bloom_dataset\test\algae_bloom_7699.png,0
C:/Users/somal/OneDrive/Desktop/Capstone_Model/algae_bloom_dataset\test\algae_bloom_7700.png,0
C:/Users/somal/OneDrive/Desktop/Capstone_Model/algae_bloom_dataset\test\algae_bloom_7701.png,0
C:/Users/somal/OneDrive/Desktop/Capstone_Model/algae_bloom_dataset\test\algae_bloom_7702.png,0
C:/Users/somal/OneDrive/Desktop/Capstone_Model/algae_bloom_dataset\test\algae_bloom_7703.png,1
C:/Users/somal/OneDrive/Desktop/Capstone_Model/algae_bloom_dataset\test\algae_bloom_7704.png,0
C:/Users/somal/OneDrive/Desktop/Capstone_Model/algae_bloom_dataset\test\algae_bloom_7705.png,0
C:/Users/somal/OneDrive/Desktop/Capstone_Model/algae_bloom_dataset\test\algae_bloom_7706.png,1
C:/Users/somal/OneDrive/Desktop/Capstone_Model/algae_bloom_dataset\test\algae_bloom_7707.png,0
C:/Users/somal/OneDrive/Desktop/Capstone_Model/algae_bloom_dataset\test\algae_bloom_7708.png,1
C:/Users/somal/OneDrive/Desktop/Capstone_Model/algae_bloom_dataset\test\algae_bloom_7709.png,1
C:/Users/somal/OneDrive/Desktop/Capstone_Model/algae_bloom_dataset\test\algae_bloom_7710.png,0
C:/Users/somal/OneDrive/Desktop/Capstone_Model/algae_bloom_dataset\test\algae_bloom_7711.png,1
C:/Users/somal/OneDrive/Desktop/Capstone_Model/algae_bloom_dataset\test\algae_bloom_7712.png,0
C:/Users/somal/OneDrive/Desktop/Capstone_Model/algae_bloom_dataset\test\algae_bloom_7713.png,0
C:/Users/somal/OneDrive/Desktop/Capstone_Model/algae_bloom_dataset\test\algae_bloom_7714.png,0
C:/Users/somal/OneDrive/Desktop/Capstone_Model/algae_bloom_dataset\test\algae_bloom_7715.png,0
C:/Users/somal/OneDrive/Desktop/Capstone_Model/algae_bloom_dataset\test\algae_bloom_7716.png,1
C:/Users/somal/OneDrive/Desktop/Capstone_Model/algae_bloom_dataset\test\algae_bloom_7717.png,1
C:/Users/somal/OneDrive/Desktop/Capstone_Model/algae_bloom_dataset\test\algae_bloom_7718.png,0
C:/Users/somal/OneDrive/Desktop/Capstone_Model/algae_bloom_dataset\test\algae_bloom_7719.png,1
C:/Users/somal/OneDrive/Desktop/Capstone_Model/algae_bloom_dataset\test\algae_bloom_7720.png,0
C:/Users/somal/OneDrive/Desktop/Capstone_Model/algae_bloom_dataset\test\algae_bloom_7721.png,0
C:/Users/somal/OneDrive/Desktop/Capstone_Model/algae_bloom_dataset\test\algae_bloom_7722.png,1
C:/Users/somal/OneDrive/Desktop/Capstone_Model/algae_bloom_dataset\test\algae_bloom_7723.png,1
C:/Users/somal/OneDrive/Desktop/Capstone_Model/algae_bloom_dataset\test\algae_bloom_7724.png,1
C:/Users/somal/OneDrive/Desktop/Capstone_Model/algae_bloom_dataset\test\algae_bloom_7725.png,0
C:/Users/somal/OneDrive/Desktop/Capstone_Model/algae_bloom_dataset\test\algae_bloom_7726.png,0
C:/Users/somal/OneDrive/Desktop/Capstone_Model/algae_bloom_dataset\test\algae_bloom_7727.png,1
C:/Users/somal/OneDrive/Desktop/Capstone_Model/algae_bloom_dataset\test\algae_bloom_7728.png,0
C:/Users/somal/OneDrive/Desktop/Capstone_Model/algae_bloom_dataset\test\algae_bloom_7729.png,0
C:/Users/somal/OneDrive/Desktop/Capstone_Model/algae_bloom_dataset\test\algae_bloom_7730.png,1
C:/Users/somal/OneDrive/Desktop/Capstone_Model/algae_bloom_dataset\test\algae_bloom_7731.png,0
C:/Users/somal/OneDrive/Desktop/Capstone_Model/algae_bloom_dataset\test\algae_bloom_7732.png,0
C:/Users/somal/OneDrive/Desktop/Capstone_Model/algae_bloom_dataset\test\algae_bloom_7733.png,0
C:/Users/somal/OneDrive/Desktop/Capstone_Model/algae_bloom_dataset\test\algae_bloom_7734.png,0
C:/Users/somal/OneDrive/Desktop/Capstone_Model/algae_bloom_dataset\test\algae_bloom_7735.png,0
C:/Users/somal/OneDrive/Desktop/Capstone_Model/algae_bloom_dataset\test\algae_bloom_7736.png,1
C:/Users/somal/OneDrive/Desktop/Capstone_Model/algae_bloom_dataset\test\algae_bloom_7737.png,0
C:/Users/somal/OneDrive/Desktop/Capstone_Model/algae_bloom_dataset\test\algae_bloom_7738.png,1
C:/Users/somal/OneDrive/Desktop/Capstone_Model/algae_bloom_dataset\test\algae_bloom_7739.png,0
C:/Users/somal/OneDrive/Desktop/Capstone_Model/algae_bloom_dataset\test\algae_bloom_7740.png,0
C:/Users/somal/OneDrive/Desktop/Capstone_Model/algae_bloom_dataset\test\algae_bloom_7741.png,0
C:/Users/somal/OneDrive/Desktop/Capstone_Model/algae_bloom_dataset\test\algae_bloom_7742.png,0
C:/Users/somal/OneDrive/Desktop/Capstone_Model/algae_bloom_dataset\test\algae_bloom_7743.png,0
C:/Users/somal/OneDrive/Desktop/Capstone_Model/algae_bloom_dataset\test\algae_bloom_7744.png,0
C:/Users/somal/OneDrive/Desktop/Capstone_Model/algae_bloom_dataset\test\algae_bloom_7745.png,0
C:/Users/somal/OneDrive/Desktop/Capstone_Model/algae_bloom_dataset\test\algae_bloom_7746.png,0
C:/Users/somal/OneDrive/Desktop/Capstone_Model/algae_bloom_dataset\test\algae_bloom_7747.png,0
C:/Users/somal/OneDrive/Desktop/Capstone_Model/algae_bloom_dataset\test\algae_bloom_7748.png,0
C:/Users/somal/OneDrive/Desktop/Capstone_Model/algae_bloom_dataset\test\algae_bloom_7749.png,1
C:/Users/somal/OneDrive/Desktop/Capstone_Model/algae_bloom_dataset\test\algae_bloom_7750.png,1
C:/Users/somal/OneDrive/Desktop/Capstone_Model/algae_bloom_dataset\test\algae_bloom_7751.png,0
C:/Users/somal/OneDrive/Desktop/Capstone_Model/algae_bloom_dataset\test\algae_bloom_7752.png,0
C:/Users/somal/OneDrive/Desktop/Capstone_Model/algae_bloom_dataset\test\algae_bloom_7753.png,0
C:/Users/somal/OneDrive/Desktop/Capstone_Model/algae_bloom_dataset\test\algae_bloom_7754.png,1
C:/Users/somal/OneDrive/Desktop/Capstone_Model/algae_bloom_dataset\test\algae_bloom_7755.png,0
C:/Users/somal/OneDrive/Desktop/Capstone_Model/algae_bloom_dataset\test\algae_bloom_7756.png,1
C:/Users/somal/OneDrive/Desktop/Capstone_Model/algae_bloom_dataset\test\algae_bloom_7757.png,1
C:/Users/somal/OneDrive/Desktop/Capstone_Model/algae_bloom_dataset\test\algae_bloom_7758.png,0
C:/Users/somal/OneDrive/Desktop/Capstone_Model/algae_bloom_dataset\test\algae_bloom_7759.png,0
C:/Users/somal/OneDrive/Desktop/Capstone_Model/algae_bloom_dataset\test\algae_bloom_7760.png,0
C:/Users/somal/OneDrive/Desktop/Capstone_Model/algae_bloom_dataset\test\algae_bloom_7761.png,1
C:/Users/somal/OneDrive/Desktop/Capstone_Model/algae_bloom_dataset\test\algae_bloom_7762.png,0
C:/Users/somal/OneDrive/Desktop/Capstone_Model/algae_bloom_dataset\test\algae_bloom_7763.png,1
C:/Users/somal/OneDrive/Desktop/Capstone_Model/algae_bloom_dataset\test\algae_bloom_7764.png,1
C:/Users/somal/OneDrive/Desktop/Capstone_Model/algae_bloom_dataset\test\algae_bloom_7765.png,0
C:/Users/somal/OneDrive/Desktop/Capstone_Model/algae_bloom_dataset\test\algae_bloom_7766.png,0
C:/Users/somal/OneDrive/Desktop/Capstone_Model/algae_bloom_dataset\test\algae_bloom_7767.png,0
C:/Users/somal/OneDrive/Desktop/Capstone_Model/algae_bloom_dataset\test\algae_bloom_7768.png,1
C:/Users/somal/OneDrive/Desktop/Capstone_Model/algae_bloom_dataset\test\algae_bloom_7769.png,0
C:/Users/somal/OneDrive/Desktop/Capstone_Model/algae_bloom_dataset\test\algae_bloom_7770.png,0
C:/Users/somal/OneDrive/Desktop/Capstone_Model/algae_bloom_dataset\test\algae_bloom_7771.png,1
C:/Users/somal/OneDrive/Desktop/Capstone_Model/algae_bloom_dataset\test\algae_bloom_7772.png,1
C:/Users/somal/OneDrive/Desktop/Capstone_Model/algae_bloom_dataset\test\algae_bloom_7773.png,0
C:/Users/somal/OneDrive/Desktop/Capstone_Model/algae_bloom_dataset\test\algae_bloom_7774.png,0
C:/Users/somal/OneDrive/Desktop/Capstone_Model/algae_bloom_dataset\test\algae_bloom_7775.png,0
C:/Users/somal/OneDrive/Desktop/Capstone_Model/algae_bloom_dataset\test\algae_bloom_7776.png,1
C:/Users/somal/OneDrive/Desktop/Capstone_Model/algae_bloom_dataset\test\algae_bloom_7777.png,0
C:/Users/somal/OneDrive/Desktop/Capstone_Model/algae_bloom_dataset\test\algae_bloom_7778.png,0
C:/Users/somal/OneDrive/Desktop/Capstone_Model/algae_bloom_dataset\test\algae_bloom_7779.png,0
C:/Users/somal/OneDrive/Desktop/Capstone_Model/algae_bloom_dataset\test\algae_bloom_7780.png,0
C:/Users/somal/OneDrive/Desktop/Capstone_Model/algae_bloom_dataset\test\algae_bloom_7781.png,1
C:/Users/somal/OneDrive/Desktop/Capstone_Model/algae_bloom_dataset\test\algae_bloom_7782.png,0
C:/Users/somal/OneDrive/Desktop/Capstone_Model/algae_bloom_dataset\test\algae_bloom_7783.png,1
C:/Users/somal/OneDrive/Desktop/Capstone_Model/algae_bloom_dataset\test\algae_bloom_7784.png,0
C:/Users/somal/OneDrive/Desktop/Capstone_Model/algae_bloom_dataset\test\algae_bloom_7785.png,0
C:/Users/somal/OneDrive/Desktop/Capstone_Model/algae_bloom_dataset\test\algae_bloom_7786.png,1
C:/Users/somal/OneDrive/Desktop/Capstone_Model/algae_bloom_dataset\test\algae_bloom_7787.png,1
C:/Users/somal/OneDrive/Desktop/Capstone_Model/algae_bloom_dataset\test\algae_bloom_7788.png,0
C:/Users/somal/OneDrive/Desktop/Capstone_Model/algae_bloom_dataset\test\algae_bloom_7789.png,0
C:/Users/somal/OneDrive/Desktop/Capstone_Model/algae_bloom_dataset\test\algae_bloom_7790.png,0
C:/Users/somal/OneDrive/Desktop/Capstone_Model/algae_bloom_dataset\test\algae_bloom_7791.png,0
C:/Users/somal/OneDrive/Desktop/Capstone_Model/algae_bloom_dataset\test\algae_bloom_7792.png,0
C:/Users/somal/OneDrive/Desktop/Capstone_Model/algae_bloom_dataset\test\algae_bloom_7793.png,0
C:/Users/somal/OneDrive/Desktop/Capstone_Model/algae_bloom_dataset\test\algae_bloom_7794.png,0
C:/Users/somal/OneDrive/Desktop/Capstone_Model/algae_bloom_dataset\test\algae_bloom_7795.png,0
C:/Users/somal/OneDrive/Desktop/Capstone_Model/algae_bloom_dataset\test\algae_bloom_7796.png,1
C:/Users/somal/OneDrive/Desktop/Capstone_Model/algae_bloom_dataset\test\algae_bloom_7797.png,0
C:/Users/somal/OneDrive/Desktop/Capstone_Model/algae_bloom_dataset\test\algae_bloom_7798.png,0
C:/Users/somal/OneDrive/Desktop/Capstone_Model/algae_bloom_dataset\test\algae_bloom_7799.png,0
C:/Users/somal/OneDrive/Desktop/Capstone_Model/algae_bloom_dataset\test\algae_bloom_7800.png,0
C:/Users/somal/OneDrive/Desktop/Capstone_Model/algae_bloom_dataset\test\algae_bloom_7801.png,0
C:/Users/somal/OneDrive/Desktop/Capstone_Model/algae_bloom_dataset\test\algae_bloom_7802.png,1
C:/Users/somal/OneDrive/Desktop/Capstone_Model/algae_bloom_dataset\test\algae_bloom_7803.png,0
C:/Users/somal/OneDrive/Desktop/Capstone_Model/algae_bloom_dataset\test\algae_bloom_7804.png,0
C:/Users/somal/OneDrive/Desktop/Capstone_Model/algae_bloom_dataset\test\algae_bloom_7805.png,0
C:/Users/somal/OneDrive/Desktop/Capstone_Model/algae_bloom_dataset\test\algae_bloom_7806.png,1
C:/Users/somal/OneDrive/Desktop/Capstone_Model/algae_bloom_dataset\test\algae_bloom_7807.png,0
C:/Users/somal/OneDrive/Desktop/Capstone_Model/algae_bloom_dataset\test\algae_bloom_7808.png,1
C:/Users/somal/OneDrive/Desktop/Capstone_Model/algae_bloom_dataset\test\algae_bloom_7809.png,0
C:/Users/somal/OneDrive/Desktop/Capstone_Model/algae_bloom_dataset\test\algae_bloom_7810.png,0
C:/Users/somal/OneDrive/Desktop/Capstone_Model/algae_bloom_dataset\test\algae_bloom_7811.png,0
C:/Users/somal/OneDrive/Desktop/Capstone_Model/algae_bloom_dataset\test\algae_bloom_7812.png,0
C:/Users/somal/OneDrive/Desktop/Capstone_Model/algae_bloom_dataset\test\algae_bloom_7813.png,0
C:/Users/somal/OneDrive/Desktop/Capstone_Model/algae_bloom_dataset\test\algae_bloom_7814.png,0
C:/Users/somal/OneDrive/Desktop/Capstone_Model/algae_bloom_dataset\test\algae_bloom_7815.png,1
C:/Users/somal/OneDrive/Desktop/Capstone_Model/algae_bloom_dataset\test\algae_bloom_7816.png,0
C:/Users/somal/OneDrive/Desktop/Capstone_Model/algae_bloom_dataset\test\algae_bloom_7817.png,0
C:/Users/somal/OneDrive/Desktop/Capstone_Model/algae_bloom_dataset\test\algae_bloom_7818.png,0
C:/Users/somal/OneDrive/Desktop/Capstone_Model/algae_bloom_dataset\test\algae_bloom_7819.png,1
C:/Users/somal/OneDrive/Desktop/Capstone_Model/algae_bloom_dataset\test\algae_bloom_7820.png,1
C:/Users/somal/OneDrive/Desktop/Capstone_Model/algae_bloom_dataset\test\algae_bloom_7821.png,0
C:/Users/somal/OneDrive/Desktop/Capstone_Model/algae_bloom_dataset\test\algae_bloom_7822.png,0
C:/Users/somal/OneDrive/Desktop/Capstone_Model/algae_bloom_dataset\test\algae_bloom_7823.png,0
C:/Users/somal/OneDrive/Desktop/Capstone_Model/algae_bloom_dataset\test\algae_bloom_7824.png,0
C:/Users/somal/OneDrive/Desktop/Capstone_Model/algae_bloom_dataset\test\algae_bloom_7825.png,0
C:/Users/somal/OneDrive/Desktop/Capstone_Model/algae_bloom_dataset\test\algae_bloom_7826.png,0
C:/Users/somal/OneDrive/Desktop/Capstone_Model/algae_bloom_dataset\test\algae_bloom_7827.png,1
C:/Users/somal/OneDrive/Desktop/Capstone_Model/algae_bloom_dataset\test\algae_bloom_7828.png,1
C:/Users/somal/OneDrive/Desktop/Capstone_Model/algae_bloom_dataset\test\algae_bloom_7829.png,0
C:/Users/somal/OneDrive/Desktop/Capstone_Model/algae_bloom_dataset\test\algae_bloom_7830.png,0
C:/Users/somal/OneDrive/Desktop/Capstone_Model/algae_bloom_dataset\test\algae_bloom_7831.png,1
C:/Users/somal/OneDrive/Desktop/Capstone_Model/algae_bloom_dataset\test\algae_bloom_7832.png,1
C:/Users/somal/OneDrive/Desktop/Capstone_Model/algae_bloom_dataset\test\algae_bloom_7833.png,1
C:/Users/somal/OneDrive/Desktop/Capstone_Model/algae_bloom_dataset\test\algae_bloom_7834.png,0
C:/Users/somal/OneDrive/Desktop/Capstone_Model/algae_bloom_dataset\test\algae_bloom_7835.png,0
C:/Users/somal/OneDrive/Desktop/Capstone_Model/algae_bloom_dataset\test\algae_bloom_7836.png,0
C:/Users/somal/OneDrive/Desktop/Capstone_Model/algae_bloom_dataset\test\algae_bloom_7837.png,0
C:/Users/somal/OneDrive/Desktop/Capstone_Model/algae_bloom_dataset\test\algae_bloom_7838.png,1
C:/Users/somal/OneDrive/Desktop/Capstone_Model/algae_bloom_dataset\test\algae_bloom_7839.png,1
C:/Users/somal/OneDrive/Desktop/Capstone_Model/algae_bloom_dataset\test\algae_bloom_7840.png,0
C:/Users/somal/OneDrive/Desktop/Capstone_Model/algae_bloom_dataset\test\algae_bloom_7841.png,0
C:/Users/somal/OneDrive/Desktop/Capstone_Model/algae_bloom_dataset\test\algae_bloom_7842.png,1
C:/Users/somal/OneDrive/Desktop/Capstone_Model/algae_bloom_dataset\test\algae_bloom_7843.png,1
C:/Users/somal/OneDrive/Desktop/Capstone_Model/algae_bloom_dataset\test\algae_bloom_7844.png,0
C:/Users/somal/OneDrive/Desktop/Capstone_Model/algae_bloom_dataset\test\algae_bloom_7845.png,1
C:/Users/somal/OneDrive/Desktop/Capstone_Model/algae_bloom_dataset\test\algae_bloom_7846.png,0
C:/Users/somal/OneDrive/Desktop/Capstone_Model/algae_bloom_dataset\test\algae_bloom_7847.png,0
C:/Users/somal/OneDrive/Desktop/Capstone_Model/algae_bloom_dataset\test\algae_bloom_7848.png,1
C:/Users/somal/OneDrive/Desktop/Capstone_Model/algae_bloom_dataset\test\algae_bloom_7849.png,0
C:/Users/somal/OneDrive/Desktop/Capstone_Model/algae_bloom_dataset\test\algae_bloom_7850.png,0
C:/Users/somal/OneDrive/Desktop/Capstone_Model/algae_bloom_dataset\test\algae_bloom_7851.png,0
C:/Users/somal/OneDrive/Desktop/Capstone_Model/algae_bloom_dataset\test\algae_bloom_7852.png,0
C:/Users/somal/OneDrive/Desktop/Capstone_Model/algae_bloom_dataset\test\algae_bloom_7853.png,0
C:/Users/somal/OneDrive/Desktop/Capstone_Model/algae_bloom_dataset\test\algae_bloom_7854.png,0
C:/Users/somal/OneDrive/Desktop/Capstone_Model/algae_bloom_dataset\test\algae_bloom_7855.png,0
C:/Users/somal/OneDrive/Desktop/Capstone_Model/algae_bloom_dataset\test\algae_bloom_7856.png,1
C:/Users/somal/OneDrive/Desktop/Capstone_Model/algae_bloom_dataset\test\algae_bloom_7857.png,0
C:/Users/somal/OneDrive/Desktop/Capstone_Model/algae_bloom_dataset\test\algae_bloom_7858.png,0
C:/Users/somal/OneDrive/Desktop/Capstone_Model/algae_bloom_dataset\test\algae_bloom_7859.png,0
C:/Users/somal/OneDrive/Desktop/Capstone_Model/algae_bloom_dataset\test\algae_bloom_7860.png,1
C:/Users/somal/OneDrive/Desktop/Capstone_Model/algae_bloom_dataset\test\algae_bloom_7861.png,1
C:/Users/somal/OneDrive/Desktop/Capstone_Model/algae_bloom_dataset\test\algae_bloom_7862.png,1
C:/Users/somal/OneDrive/Desktop/Capstone_Model/algae_bloom_dataset\test\algae_bloom_7863.png,1
C:/Users/somal/OneDrive/Desktop/Capstone_Model/algae_bloom_dataset\test\algae_bloom_7864.png,0
C:/Users/somal/OneDrive/Desktop/Capstone_Model/algae_bloom_dataset\test\algae_bloom_7865.png,1
C:/Users/somal/OneDrive/Desktop/Capstone_Model/algae_bloom_dataset\test\algae_bloom_7866.png,0
C:/Users/somal/OneDrive/Desktop/Capstone_Model/algae_bloom_dataset\test\algae_bloom_7867.png,0
C:/Users/somal/OneDrive/Desktop/Capstone_Model/algae_bloom_dataset\test\algae_bloom_7868.png,1
C:/Users/somal/OneDrive/Desktop/Capstone_Model/algae_bloom_dataset\test\algae_bloom_7869.png,0
C:/Users/somal/OneDrive/Desktop/Capstone_Model/algae_bloom_dataset\test\algae_bloom_7870.png,0
C:/Users/somal/OneDrive/Desktop/Capstone_Model/algae_bloom_dataset\test\algae_bloom_7871.png,0
C:/Users/somal/OneDrive/Desktop/Capstone_Model/algae_bloom_dataset\test\algae_bloom_7872.png,1
C:/Users/somal/OneDrive/Desktop/Capstone_Model/algae_bloom_dataset\test\algae_bloom_7873.png,0
C:/Users/somal/OneDrive/Desktop/Capstone_Model/algae_bloom_dataset\test\algae_bloom_7874.png,0
C:/Users/somal/OneDrive/Desktop/Capstone_Model/algae_bloom_dataset\test\algae_bloom_7875.png,1
C:/Users/somal/OneDrive/Desktop/Capstone_Model/algae_bloom_dataset\test\algae_bloom_7876.png,1
C:/Users/somal/OneDrive/Desktop/Capstone_Model/algae_bloom_dataset\test\algae_bloom_7877.png,0
C:/Users/somal/OneDrive/Desktop/Capstone_Model/algae_bloom_dataset\test\algae_bloom_7878.png,0
C:/Users/somal/OneDrive/Desktop/Capstone_Model/algae_bloom_dataset\test\algae_bloom_7879.png,0
C:/Users/somal/OneDrive/Desktop/Capstone_Model/algae_bloom_dataset\test\algae_bloom_7880.png,1
C:/Users/somal/OneDrive/Desktop/Capstone_Model/algae_bloom_dataset\test\algae_bloom_7881.png,0
C:/Users/somal/OneDrive/Desktop/Capstone_Model/algae_bloom_dataset\test\algae_bloom_7882.png,0
C:/Users/somal/OneDrive/Desktop/Capstone_Model/algae_bloom_dataset\test\algae_bloom_7883.png,0
C:/Users/somal/OneDrive/Desktop/Capstone_Model/algae_bloom_dataset\test\algae_bloom_7884.png,0
C:/Users/somal/OneDrive/Desktop/Capstone_Model/algae_bloom_dataset\test\algae_bloom_7885.png,0
C:/Users/somal/OneDrive/Desktop/Capstone_Model/algae_bloom_dataset\test\algae_bloom_7886.png,0
C:/Users/somal/OneDrive/Desktop/Capstone_Model/algae_bloom_dataset\test\algae_bloom_7887.png,0
C:/Users/somal/OneDrive/Desktop/Capstone_Model/algae_bloom_dataset\test\algae_bloom_7888.png,1
C:/Users/somal/OneDrive/Desktop/Capstone_Model/algae_bloom_dataset\test\algae_bloom_7889.png,1
C:/Users/somal/OneDrive/Desktop/Capstone_Model/algae_bloom_dataset\test\algae_bloom_7890.png,1
C:/Users/somal/OneDrive/Desktop/Capstone_Model/algae_bloom_dataset\test\algae_bloom_7891.png,1
C:/Users/somal/OneDrive/Desktop/Capstone_Model/algae_bloom_dataset\test\algae_bloom_7892.png,0
C:/Users/somal/OneDrive/Desktop/Capstone_Model/algae_bloom_dataset\test\algae_bloom_7893.png,0
C:/Users/somal/OneDrive/Desktop/Capstone_Model/algae_bloom_dataset\test\algae_bloom_7894.png,1
C:/Users/somal/OneDrive/Desktop/Capstone_Model/algae_bloom_dataset\test\algae_bloom_7895.png,0
C:/Users/somal/OneDrive/Desktop/Capstone_Model/algae_bloom_dataset\test\algae_bloom_7896.png,1
C:/Users/somal/OneDrive/Desktop/Capstone_Model/algae_bloom_dataset\test\algae_bloom_7897.png,0
C:/Users/somal/OneDrive/Desktop/Capstone_Model/algae_bloom_dataset\test\algae_bloom_7898.png,0
C:/Users/somal/OneDrive/Desktop/Capstone_Model/algae_bloom_dataset\test\algae_bloom_7899.png,0
C:/Users/somal/OneDrive/Desktop/Capstone_Model/algae_bloom_dataset\test\algae_bloom_7900.png,1
C:/Users/somal/OneDrive/Desktop/Capstone_Model/algae_bloom_dataset\test\algae_bloom_7901.png,1
C:/Users/somal/OneDrive/Desktop/Capstone_Model/algae_bloom_dataset\test\algae_bloom_7902.png,1
C:/Users/somal/OneDrive/Desktop/Capstone_Model/algae_bloom_dataset\test\algae_bloom_7903.png,0
C:/Users/somal/OneDrive/Desktop/Capstone_Model/algae_bloom_dataset\test\algae_bloom_7904.png,0
C:/Users/somal/OneDrive/Desktop/Capstone_Model/algae_bloom_dataset\test\algae_bloom_7905.png,0
C:/Users/somal/OneDrive/Desktop/Capstone_Model/algae_bloom_dataset\test\algae_bloom_7906.png,0
C:/Users/somal/OneDrive/Desktop/Capstone_Model/algae_bloom_dataset\test\algae_bloom_7907.png,0
C:/Users/somal/OneDrive/Desktop/Capstone_Model/algae_bloom_dataset\test\algae_bloom_7908.png,1
C:/Users/somal/OneDrive/Desktop/Capstone_Model/algae_bloom_dataset\test\algae_bloom_7909.png,0
C:/Users/somal/OneDrive/Desktop/Capstone_Model/algae_bloom_dataset\test\algae_bloom_7910.png,1
C:/Users/somal/OneDrive/Desktop/Capstone_Model/algae_bloom_dataset\test\algae_bloom_7911.png,0
C:/Users/somal/OneDrive/Desktop/Capstone_Model/algae_bloom_dataset\test\algae_bloom_7912.png,0
C:/Users/somal/OneDrive/Desktop/Capstone_Model/algae_bloom_dataset\test\algae_bloom_7913.png,1
C:/Users/somal/OneDrive/Desktop/Capstone_Model/algae_bloom_dataset\test\algae_bloom_7914.png,0
C:/Users/somal/OneDrive/Desktop/Capstone_Model/algae_bloom_dataset\test\algae_bloom_7915.png,0
C:/Users/somal/OneDrive/Desktop/Capstone_Model/algae_bloom_dataset\test\algae_bloom_7916.png,0
C:/Users/somal/OneDrive/Desktop/Capstone_Model/algae_bloom_dataset\test\algae_bloom_7917.png,0
C:/Users/somal/OneDrive/Desktop/Capstone_Model/algae_bloom_dataset\test\algae_bloom_7918.png,1
C:/Users/somal/OneDrive/Desktop/Capstone_Model/algae_bloom_dataset\test\algae_bloom_7919.png,0
C:/Users/somal/OneDrive/Desktop/Capstone_Model/algae_bloom_dataset\test\algae_bloom_7920.png,0
C:/Users/somal/OneDrive/Desktop/Capstone_Model/algae_bloom_dataset\test\algae_bloom_7921.png,0
C:/Users/somal/OneDrive/Desktop/Capstone_Model/algae_bloom_dataset\test\algae_bloom_7922.png,1
C:/Users/somal/OneDrive/Desktop/Capstone_Model/algae_bloom_dataset\test\algae_bloom_7923.png,0
C:/Users/somal/OneDrive/Desktop/Capstone_Model/algae_bloom_dataset\test\algae_bloom_7924.png,0
C:/Users/somal/OneDrive/Desktop/Capstone_Model/algae_bloom_dataset\test\algae_bloom_7925.png,1
C:/Users/somal/OneDrive/Desktop/Capstone_Model/algae_bloom_dataset\test\algae_bloom_7926.png,0
C:/Users/somal/OneDrive/Desktop/Capstone_Model/algae_bloom_dataset\test\algae_bloom_7927.png,0
C:/Users/somal/OneDrive/Desktop/Capstone_Model/algae_bloom_dataset\test\algae_bloom_7928.png,1
C:/Users/somal/OneDrive/Desktop/Capstone_Model/algae_bloom_dataset\test\algae_bloom_7929.png,0
C:/Users/somal/OneDrive/Desktop/Capstone_Model/algae_bloom_dataset\test\algae_bloom_7930.png,0
C:/Users/somal/OneDrive/Desktop/Capstone_Model/algae_bloom_dataset\test\algae_bloom_7931.png,0
C:/Users/somal/OneDrive/Desktop/Capstone_Model/algae_bloom_dataset\test\algae_bloom_7932.png,0
C:/Users/somal/OneDrive/Desktop/Capstone_Model/algae_bloom_dataset\test\algae_bloom_7933.png,1
C:/Users/somal/OneDrive/Desktop/Capstone_Model/algae_bloom_dataset\test\algae_bloom_7934.png,0
C:/Users/somal/OneDrive/Desktop/Capstone_Model/algae_bloom_dataset\test\algae_bloom_7935.png,0
C:/Users/somal/OneDrive/Desktop/Capstone_Model/algae_bloom_dataset\test\algae_bloom_7936.png,0
C:/Users/somal/OneDrive/Desktop/Capstone_Model/algae_bloom_dataset\test\algae_bloom_7937.png,0
C:/Users/somal/OneDrive/Desktop/Capstone_Model/algae_bloom_dataset\test\algae_bloom_7938.png,1
C:/Users/somal/OneDrive/Desktop/Capstone_Model/algae_bloom_dataset\test\algae_bloom_7939.png,0
C:/Users/somal/OneDrive/Desktop/Capstone_Model/algae_bloom_dataset\test\algae_bloom_7940.png,0
C:/Users/somal/OneDrive/Desktop/Capstone_Model/algae_bloom_dataset\test\algae_bloom_7941.png,1
C:/Users/somal/OneDrive/Desktop/Capstone_Model/algae_bloom_dataset\test\algae_bloom_7942.png,0
C:/Users/somal/OneDrive/Desktop/Capstone_Model/algae_bloom_dataset\test\algae_bloom_7943.png,1
C:/Users/somal/OneDrive/Desktop/Capstone_Model/algae_bloom_dataset\test\algae_bloom_7944.png,0
C:/Users/somal/OneDrive/Desktop/Capstone_Model/algae_bloom_dataset\test\algae_bloom_7945.png,0
C:/Users/somal/OneDrive/Desktop/Capstone_Model/algae_bloom_dataset\test\algae_bloom_7946.png,0
C:/Users/somal/OneDrive/Desktop/Capstone_Model/algae_bloom_dataset\test\algae_bloom_7947.png,1
C:/Users/somal/OneDrive/Desktop/Capstone_Model/algae_bloom_dataset\test\algae_bloom_7948.png,0
C:/Users/somal/OneDrive/Desktop/Capstone_Model/algae_bloom_dataset\test\algae_bloom_7949.png,0
C:/Users/somal/OneDrive/Desktop/Capstone_Model/algae_bloom_dataset\test\algae_bloom_7950.png,1
C:/Users/somal/OneDrive/Desktop/Capstone_Model/algae_bloom_dataset\test\algae_bloom_7951.png,0
C:/Users/somal/OneDrive/Desktop/Capstone_Model/algae_bloom_dataset\test\algae_bloom_7952.png,1
C:/Users/somal/OneDrive/Desktop/Capstone_Model/algae_bloom_dataset\test\algae_bloom_7953.png,0
C:/Users/somal/OneDrive/Desktop/Capstone_Model/algae_bloom_dataset\test\algae_bloom_7954.png,0
C:/Users/somal/OneDrive/Desktop/Capstone_Model/algae_bloom_dataset\test\algae_bloom_7955.png,0
C:/Users/somal/OneDrive/Desktop/Capstone_Model/algae_bloom_dataset\test\algae_bloom_7956.png,0
C:/Users/somal/OneDrive/Desktop/Capstone_Model/algae_bloom_dataset\test\algae_bloom_7957.png,0
C:/Users/somal/OneDrive/Desktop/Capstone_Model/algae_bloom_dataset\test\algae_bloom_7958.png,1
C:/Users/somal/OneDrive/Desktop/Capstone_Model/algae_bloom_dataset\test\algae_bloom_7959.png,0
C:/Users/somal/OneDrive/Desktop/Capstone_Model/algae_bloom_dataset\test\algae_bloom_7960.png,0
C:/Users/somal/OneDrive/Desktop/Capstone_Model/algae_bloom_dataset\test\algae_bloom_7961.png,1
C:/Users/somal/OneDrive/Desktop/Capstone_Model/algae_bloom_dataset\test\algae_bloom_7962.png,0
C:/Users/somal/OneDrive/Desktop/Capstone_Model/algae_bloom_dataset\test\algae_bloom_7963.png,0
C:/Users/somal/OneDrive/Desktop/Capstone_Model/algae_bloom_dataset\test\algae_bloom_7964.png,0
C:/Users/somal/OneDrive/Desktop/Capstone_Model/algae_bloom_dataset\test\algae_bloom_7965.png,0
C:/Users/somal/OneDrive/Desktop/Capstone_Model/algae_bloom_dataset\test\algae_bloom_7966.png,0
C:/Users/somal/OneDrive/Desktop/Capstone_Model/algae_bloom_dataset\test\algae_bloom_7967.png,0
C:/Users/somal/OneDrive/Desktop/Capstone_Model/algae_bloom_dataset\test\algae_bloom_7968.png,0
C:/Users/somal/OneDrive/Desktop/Capstone_Model/algae_bloom_dataset\test\algae_bloom_7969.png,0
C:/Users/somal/OneDrive/Desktop/Capstone_Model/algae_bloom_dataset\test\algae_bloom_7970.png,1
C:/Users/somal/OneDrive/Desktop/Capstone_Model/algae_bloom_dataset\test\algae_bloom_7971.png,1
C:/Users/somal/OneDrive/Desktop/Capstone_Model/algae_bloom_dataset\test\algae_bloom_7972.png,1
C:/Users/somal/OneDrive/Desktop/Capstone_Model/algae_bloom_dataset\test\algae_bloom_7973.png,1
C:/Users/somal/OneDrive/Desktop/Capstone_Model/algae_bloom_dataset\test\algae_bloom_7974.png,0
C:/Users/somal/OneDrive/Desktop/Capstone_Model/algae_bloom_dataset\test\algae_bloom_7975.png,0
C:/Users/somal/OneDrive/Desktop/Capstone_Model/algae_bloom_dataset\test\algae_bloom_7976.png,0
C:/Users/somal/OneDrive/Desktop/Capstone_Model/algae_bloom_dataset\test\algae_bloom_7977.png,0
C:/Users/somal/OneDrive/Desktop/Capstone_Model/algae_bloom_dataset\test\algae_bloom_7978.png,0
C:/Users/somal/OneDrive/Desktop/Capstone_Model/algae_bloom_dataset\test\algae_bloom_7979.png,1
C:/Users/somal/OneDrive/Desktop/Capstone_Model/algae_bloom_dataset\test\algae_bloom_7980.png,1
C:/Users/somal/OneDrive/Desktop/Capstone_Model/algae_bloom_dataset\test\algae_bloom_7981.png,0
C:/Users/somal/OneDrive/Desktop/Capstone_Model/algae_bloom_dataset\test\algae_bloom_7982.png,1
C:/Users/somal/OneDrive/Desktop/Capstone_Model/algae_bloom_dataset\test\algae_bloom_7983.png,0
C:/Users/somal/OneDrive/Desktop/Capstone_Model/algae_bloom_dataset\test\algae_bloom_7984.png,1
C:/Users/somal/OneDrive/Desktop/Capstone_Model/algae_bloom_dataset\test\algae_bloom_7985.png,1
C:/Users/somal/OneDrive/Desktop/Capstone_Model/algae_bloom_dataset\test\algae_bloom_7986.png,0
C:/Users/somal/OneDrive/Desktop/Capstone_Model/algae_bloom_dataset\test\algae_bloom_7987.png,0
C:/Users/somal/OneDrive/Desktop/Capstone_Model/algae_bloom_dataset\test\algae_bloom_7988.png,0
C:/Users/somal/OneDrive/Desktop/Capstone_Model/algae_bloom_dataset\test\algae_bloom_7989.png,1
C:/Users/somal/OneDrive/Desktop/Capstone_Model/algae_bloom_dataset\test\algae_bloom_7990.png,0
C:/Users/somal/OneDrive/Desktop/Capstone_Model/algae_bloom_dataset\test\algae_bloom_7991.png,0
C:/Users/somal/OneDrive/Desktop/Capstone_Model/algae_bloom_dataset\test\algae_bloom_7992.png,0
C:/Users/somal/OneDrive/Desktop/Capstone_Model/algae_bloom_dataset\test\algae_bloom_7993.png,1
C:/Users/somal/OneDrive/Desktop/Capstone_Model/algae_bloom_dataset\test\algae_bloom_7994.png,1
C:/Users/somal/OneDrive/Desktop/Capstone_Model/algae_bloom_dataset\test\algae_bloom_7995.png,0
C:/Users/somal/OneDrive/Desktop/Capstone_Model/algae_bloom_dataset\test\algae_bloom_7996.png,0
C:/Users/somal/OneDrive/Desktop/Capstone_Model/algae_bloom_dataset\test\algae_bloom_7997.png,0
C:/Users/somal/OneDrive/Desktop/Capstone_Model/algae_bloom_dataset\test\algae_bloom_7998.png,0
C:/Users/somal/OneDrive/Desktop/Capstone_Model/algae_bloom_dataset\test\algae_bloom_7999.png,0
C:/Users/somal/OneDrive/Desktop/Capstone_Model/algae_bloom_dataset\test\algae_bloom_8000.png,0
C:/Users/somal/OneDrive/Desktop/Capstone_Model/algae_bloom_dataset\test\algae_bloom_8001.png,1
C:/Users/somal/OneDrive/Desktop/Capstone_Model/algae_bloom_dataset\test\algae_bloom_8002.png,0
C:/Users/somal/OneDrive/Desktop/Capstone_Model/algae_bloom_dataset\test\algae_bloom_8003.png,0
C:/Users/somal/OneDrive/Desktop/Capstone_Model/algae_bloom_dataset\test\algae_bloom_8004.png,1
C:/Users/somal/OneDrive/Desktop/Capstone_Model/algae_bloom_dataset\test\algae_bloom_8005.png,0
C:/Users/somal/OneDrive/Desktop/Capstone_Model/algae_bloom_dataset\test\algae_bloom_8006.png,0
C:/Users/somal/OneDrive/Desktop/Capstone_Model/algae_bloom_dataset\test\algae_bloom_8007.png,0
C:/Users/somal/OneDrive/Desktop/Capstone_Model/algae_bloom_dataset\test\algae_bloom_8008.png,0
C:/Users/somal/OneDrive/Desktop/Capstone_Model/algae_bloom_dataset\test\algae_bloom_8009.png,1
C:/Users/somal/OneDrive/Desktop/Capstone_Model/algae_bloom_dataset\test\algae_bloom_8010.png,0
C:/Users/somal/OneDrive/Desktop/Capstone_Model/algae_bloom_dataset\test\algae_bloom_8011.png,0
C:/Users/somal/OneDrive/Desktop/Capstone_Model/algae_bloom_dataset\test\algae_bloom_8012.png,1
C:/Users/somal/OneDrive/Desktop/Capstone_Model/algae_bloom_dataset\test\algae_bloom_8013.png,0
C:/Users/somal/OneDrive/Desktop/Capstone_Model/algae_bloom_dataset\test\algae_bloom_8014.png,1
C:/Users/somal/OneDrive/Desktop/Capstone_Model/algae_bloom_dataset\test\algae_bloom_8015.png,1
C:/Users/somal/OneDrive/Desktop/Capstone_Model/algae_bloom_dataset\test\algae_bloom_8016.png,1
C:/Users/somal/OneDrive/Desktop/Capstone_Model/algae_bloom_dataset\test\algae_bloom_8017.png,0
C:/Users/somal/OneDrive/Desktop/Capstone_Model/algae_bloom_dataset\test\algae_bloom_8018.png,0
C:/Users/somal/OneDrive/Desktop/Capstone_Model/algae_bloom_dataset\test\algae_bloom_8019.png,1
C:/Users/somal/OneDrive/Desktop/Capstone_Model/algae_bloom_dataset\test\algae_bloom_8020.png,0
C:/Users/somal/OneDrive/Desktop/Capstone_Model/algae_bloom_dataset\test\algae_bloom_8021.png,0
C:/Users/somal/OneDrive/Desktop/Capstone_Model/algae_bloom_dataset\test\algae_bloom_8022.png,0
C:/Users/somal/OneDrive/Desktop/Capstone_Model/algae_bloom_dataset\test\algae_bloom_8023.png,1
C:/Users/somal/OneDrive/Desktop/Capstone_Model/algae_bloom_dataset\test\algae_bloom_8024.png,0
C:/Users/somal/OneDrive/Desktop/Capstone_Model/algae_bloom_dataset\test\algae_bloom_8025.png,0
C:/Users/somal/OneDrive/Desktop/Capstone_Model/algae_bloom_dataset\test\algae_bloom_8026.png,0
C:/Users/somal/OneDrive/Desktop/Capstone_Model/algae_bloom_dataset\test\algae_bloom_8027.png,0
C:/Users/somal/OneDrive/Desktop/Capstone_Model/algae_bloom_dataset\test\algae_bloom_8028.png,0
C:/Users/somal/OneDrive/Desktop/Capstone_Model/algae_bloom_dataset\test\algae_bloom_8029.png,0
C:/Users/somal/OneDrive/Desktop/Capstone_Model/algae_bloom_dataset\test\algae_bloom_8030.png,0
C:/Users/somal/OneDrive/Desktop/Capstone_Model/algae_bloom_dataset\test\algae_bloom_8031.png,1
C:/Users/somal/OneDrive/Desktop/Capstone_Model/algae_bloom_dataset\test\algae_bloom_8032.png,0
C:/Users/somal/OneDrive/Desktop/Capstone_Model/algae_bloom_dataset\test\algae_bloom_8033.png,0
C:/Users/somal/OneDrive/Desktop/Capstone_Model/algae_bloom_dataset\test\algae_bloom_8034.png,1
C:/Users/somal/OneDrive/Desktop/Capstone_Model/algae_bloom_dataset\test\algae_bloom_8035.png,0
C:/Users/somal/OneDrive/Desktop/Capstone_Model/algae_bloom_dataset\test\algae_bloom_8036.png,0
C:/Users/somal/OneDrive/Desktop/Capstone_Model/algae_bloom_dataset\test\algae_bloom_8037.png,0
C:/Users/somal/OneDrive/Desktop/Capstone_Model/algae_bloom_dataset\test\algae_bloom_8038.png,0
C:/Users/somal/OneDrive/Desktop/Capstone_Model/algae_bloom_dataset\test\algae_bloom_8039.png,0
C:/Users/somal/OneDrive/Desktop/Capstone_Model/algae_bloom_dataset\test\algae_bloom_8040.png,1
C:/Users/somal/OneDrive/Desktop/Capstone_Model/algae_bloom_dataset\test\algae_bloom_8041.png,0
C:/Users/somal/OneDrive/Desktop/Capstone_Model/algae_bloom_dataset\test\algae_bloom_8042.png,0
C:/Users/somal/OneDrive/Desktop/Capstone_Model/algae_bloom_dataset\test\algae_bloom_8043.png,0
C:/Users/somal/OneDrive/Desktop/Capstone_Model/algae_bloom_dataset\test\algae_bloom_8044.png,0
C:/Users/somal/OneDrive/Desktop/Capstone_Model/algae_bloom_dataset\test\algae_bloom_8045.png,1
C:/Users/somal/OneDrive/Desktop/Capstone_Model/algae_bloom_dataset\test\algae_bloom_8046.png,0
C:/Users/somal/OneDrive/Desktop/Capstone_Model/algae_bloom_dataset\test\algae_bloom_8047.png,0
C:/Users/somal/OneDrive/Desktop/Capstone_Model/algae_bloom_dataset\test\algae_bloom_8048.png,0
C:/Users/somal/OneDrive/Desktop/Capstone_Model/algae_bloom_dataset\test\algae_bloom_8049.png,0
C:/Users/somal/OneDrive/Desktop/Capstone_Model/algae_bloom_dataset\test\algae_bloom_8050.png,0
C:/Users/somal/OneDrive/Desktop/Capstone_Model/algae_bloom_dataset\test\algae_bloom_8051.png,0
C:/Users/somal/OneDrive/Desktop/Capstone_Model/algae_bloom_dataset\test\algae_bloom_8052.png,0
C:/Users/somal/OneDrive/Desktop/Capstone_Model/algae_bloom_dataset\test\algae_bloom_8053.png,0
C:/Users/somal/OneDrive/Desktop/Capstone_Model/algae_bloom_dataset\test\algae_bloom_8054.png,0
C:/Users/somal/OneDrive/Desktop/Capstone_Model/algae_bloom_dataset\test\algae_bloom_8055.png,1
C:/Users/somal/OneDrive/Desktop/Capstone_Model/algae_bloom_dataset\test\algae_bloom_8056.png,0
C:/Users/somal/OneDrive/Desktop/Capstone_Model/algae_bloom_dataset\test\algae_bloom_8057.png,0
C:/Users/somal/OneDrive/Desktop/Capstone_Model/algae_bloom_dataset\test\algae_bloom_8058.png,0
C:/Users/somal/OneDrive/Desktop/Capstone_Model/algae_bloom_dataset\test\algae_bloom_8059.png,0
C:/Users/somal/OneDrive/Desktop/Capstone_Model/algae_bloom_dataset\test\algae_bloom_8060.png,0
C:/Users/somal/OneDrive/Desktop/Capstone_Model/algae_bloom_dataset\test\algae_bloom_8061.png,1
C:/Users/somal/OneDrive/Desktop/Capstone_Model/algae_bloom_dataset\test\algae_bloom_8062.png,0
C:/Users/somal/OneDrive/Desktop/Capstone_Model/algae_bloom_dataset\test\algae_bloom_8063.png,0
C:/Users/somal/OneDrive/Desktop/Capstone_Model/algae_bloom_dataset\test\algae_bloom_8064.png,0
C:/Users/somal/OneDrive/Desktop/Capstone_Model/algae_bloom_dataset\test\algae_bloom_8065.png,0
C:/Users/somal/OneDrive/Desktop/Capstone_Model/algae_bloom_dataset\test\algae_bloom_8066.png,0
C:/Users/somal/OneDrive/Desktop/Capstone_Model/algae_bloom_dataset\test\algae_bloom_8067.png,0
C:/Users/somal/OneDrive/Desktop/Capstone_Model/algae_bloom_dataset\test\algae_bloom_8068.png,1
C:/Users/somal/OneDrive/Desktop/Capstone_Model/algae_bloom_dataset\test\algae_bloom_8069.png,1
C:/Users/somal/OneDrive/Desktop/Capstone_Model/algae_bloom_dataset\test\algae_bloom_8070.png,0
C:/Users/somal/OneDrive/Desktop/Capstone_Model/algae_bloom_dataset\test\algae_bloom_8071.png,0
C:/Users/somal/OneDrive/Desktop/Capstone_Model/algae_bloom_dataset\test\algae_bloom_8072.png,1
C:/Users/somal/OneDrive/Desktop/Capstone_Model/algae_bloom_dataset\test\algae_bloom_8073.png,0
C:/Users/somal/OneDrive/Desktop/Capstone_Model/algae_bloom_dataset\test\algae_bloom_8074.png,0
C:/Users/somal/OneDrive/Desktop/Capstone_Model/algae_bloom_dataset\test\algae_bloom_8075.png,0
C:/Users/somal/OneDrive/Desktop/Capstone_Model/algae_bloom_dataset\test\algae_bloom_8076.png,0
C:/Users/somal/OneDrive/Desktop/Capstone_Model/algae_bloom_dataset\test\algae_bloom_8077.png,0
C:/Users/somal/OneDrive/Desktop/Capstone_Model/algae_bloom_dataset\test\algae_bloom_8078.png,0
C:/Users/somal/OneDrive/Desktop/Capstone_Model/algae_bloom_dataset\test\algae_bloom_8079.png,0
C:/Users/somal/OneDrive/Desktop/Capstone_Model/algae_bloom_dataset\test\algae_bloom_8080.png,1
C:/Users/somal/OneDrive/Desktop/Capstone_Model/algae_bloom_dataset\test\algae_bloom_8081.png,0
C:/Users/somal/OneDrive/Desktop/Capstone_Model/algae_bloom_dataset\test\algae_bloom_8082.png,1
C:/Users/somal/OneDrive/Desktop/Capstone_Model/algae_bloom_dataset\test\algae_bloom_8083.png,0
C:/Users/somal/OneDrive/Desktop/Capstone_Model/algae_bloom_dataset\test\algae_bloom_8084.png,0
C:/Users/somal/OneDrive/Desktop/Capstone_Model/algae_bloom_dataset\test\algae_bloom_8085.png,1
C:/Users/somal/OneDrive/Desktop/Capstone_Model/algae_bloom_dataset\test\algae_bloom_8086.png,0
C:/Users/somal/OneDrive/Desktop/Capstone_Model/algae_bloom_dataset\test\algae_bloom_8087.png,0
C:/Users/somal/OneDrive/Desktop/Capstone_Model/algae_bloom_dataset\test\algae_bloom_8088.png,0
C:/Users/somal/OneDrive/Desktop/Capstone_Model/algae_bloom_dataset\test\algae_bloom_8089.png,1
C:/Users/somal/OneDrive/Desktop/Capstone_Model/algae_bloom_dataset\test\algae_bloom_8090.png,1
C:/Users/somal/OneDrive/Desktop/Capstone_Model/algae_bloom_dataset\test\algae_bloom_8091.png,1
C:/Users/somal/OneDrive/Desktop/Capstone_Model/algae_bloom_dataset\test\algae_bloom_8092.png,0
C:/Users/somal/OneDrive/Desktop/Capstone_Model/algae_bloom_dataset\test\algae_bloom_8093.png,0
C:/Users/somal/OneDrive/Desktop/Capstone_Model/algae_bloom_dataset\test\algae_bloom_8094.png,0
C:/Users/somal/OneDrive/Desktop/Capstone_Model/algae_bloom_dataset\test\algae_bloom_8095.png,1
C:/Users/somal/OneDrive/Desktop/Capstone_Model/algae_bloom_dataset\test\algae_bloom_8096.png,0
C:/Users/somal/OneDrive/Desktop/Capstone_Model/algae_bloom_dataset\test\algae_bloom_8097.png,0
C:/Users/somal/OneDrive/Desktop/Capstone_Model/algae_bloom_dataset\test\algae_bloom_8098.png,0
C:/Users/somal/OneDrive/Desktop/Capstone_Model/algae_bloom_dataset\test\algae_bloom_8099.png,1
C:/Users/somal/OneDrive/Desktop/Capstone_Model/algae_bloom_dataset\test\algae_bloom_8100.png,1
C:/Users/somal/OneDrive/Desktop/Capstone_Model/algae_bloom_dataset\test\algae_bloom_8101.png,0
C:/Users/somal/OneDrive/Desktop/Capstone_Model/algae_bloom_dataset\test\algae_bloom_8102.png,0
C:/Users/somal/OneDrive/Desktop/Capstone_Model/algae_bloom_dataset\test\algae_bloom_8103.png,0
C:/Users/somal/OneDrive/Desktop/Capstone_Model/algae_bloom_dataset\test\algae_bloom_8104.png,0
C:/Users/somal/OneDrive/Desktop/Capstone_Model/algae_bloom_dataset\test\algae_bloom_8105.png,0
C:/Users/somal/OneDrive/Desktop/Capstone_Model/algae_bloom_dataset\test\algae_bloom_8106.png,0
C:/Users/somal/OneDrive/Desktop/Capstone_Model/algae_bloom_dataset\test\algae_bloom_8107.png,0
C:/Users/somal/OneDrive/Desktop/Capstone_Model/algae_bloom_dataset\test\algae_bloom_8108.png,0
C:/Users/somal/OneDrive/Desktop/Capstone_Model/algae_bloom_dataset\test\algae_bloom_8109.png,1
C:/Users/somal/OneDrive/Desktop/Capstone_Model/algae_bloom_dataset\test\algae_bloom_8110.png,0
C:/Users/somal/OneDrive/Desktop/Capstone_Model/algae_bloom_dataset\test\algae_bloom_8111.png,0
C:/Users/somal/OneDrive/Desktop/Capstone_Model/algae_bloom_dataset\test\algae_bloom_8112.png,0
C:/Users/somal/OneDrive/Desktop/Capstone_Model/algae_bloom_dataset\test\algae_bloom_8113.png,0
C:/Users/somal/OneDrive/Desktop/Capstone_Model/algae_bloom_dataset\test\algae_bloom_8114.png,0
C:/Users/somal/OneDrive/Desktop/Capstone_Model/algae_bloom_dataset\test\algae_bloom_8115.png,1
C:/Users/somal/OneDrive/Desktop/Capstone_Model/algae_bloom_dataset\test\algae_bloom_8116.png,0
C:/Users/somal/OneDrive/Desktop/Capstone_Model/algae_bloom_dataset\test\algae_bloom_8117.png,1
C:/Users/somal/OneDrive/Desktop/Capstone_Model/algae_bloom_dataset\test\algae_bloom_8118.png,0
C:/Users/somal/OneDrive/Desktop/Capstone_Model/algae_bloom_dataset\test\algae_bloom_8119.png,0
C:/Users/somal/OneDrive/Desktop/Capstone_Model/algae_bloom_dataset\test\algae_bloom_8120.png,1
C:/Users/somal/OneDrive/Desktop/Capstone_Model/algae_bloom_dataset\test\algae_bloom_8121.png,0
C:/Users/somal/OneDrive/Desktop/Capstone_Model/algae_bloom_dataset\test\algae_bloom_8122.png,0
C:/Users/somal/OneDrive/Desktop/Capstone_Model/algae_bloom_dataset\test\algae_bloom_8123.png,0
C:/Users/somal/OneDrive/Desktop/Capstone_Model/algae_bloom_dataset\test\algae_bloom_8124.png,0
C:/Users/somal/OneDrive/Desktop/Capstone_Model/algae_bloom_dataset\test\algae_bloom_8125.png,0
C:/Users/somal/OneDrive/Desktop/Capstone_Model/algae_bloom_dataset\test\algae_bloom_8126.png,0
C:/Users/somal/OneDrive/Desktop/Capstone_Model/algae_bloom_dataset\test\algae_bloom_8127.png,0
C:/Users/somal/OneDrive/Desktop/Capstone_Model/algae_bloom_dataset\test\algae_bloom_8128.png,1
C:/Users/somal/OneDrive/Desktop/Capstone_Model/algae_bloom_dataset\test\algae_bloom_8129.png,1
C:/Users/somal/OneDrive/Desktop/Capstone_Model/algae_bloom_dataset\test\algae_bloom_8130.png,0
C:/Users/somal/OneDrive/Desktop/Capstone_Model/algae_bloom_dataset\test\algae_bloom_8131.png,0
C:/Users/somal/OneDrive/Desktop/Capstone_Model/algae_bloom_dataset\test\algae_bloom_8132.png,0
C:/Users/somal/OneDrive/Desktop/Capstone_Model/algae_bloom_dataset\test\algae_bloom_8133.png,0
C:/Users/somal/OneDrive/Desktop/Capstone_Model/algae_bloom_dataset\test\algae_bloom_8134.png,1
C:/Users/somal/OneDrive/Desktop/Capstone_Model/algae_bloom_dataset\test\algae_bloom_8135.png,0
C:/Users/somal/OneDrive/Desktop/Capstone_Model/algae_bloom_dataset\test\algae_bloom_8136.png,0
C:/Users/somal/OneDrive/Desktop/Capstone_Model/algae_bloom_dataset\test\algae_bloom_8137.png,0
C:/Users/somal/OneDrive/Desktop/Capstone_Model/algae_bloom_dataset\test\algae_bloom_8138.png,1
C:/Users/somal/OneDrive/Desktop/Capstone_Model/algae_bloom_dataset\test\algae_bloom_8139.png,0
C:/Users/somal/OneDrive/Desktop/Capstone_Model/algae_bloom_dataset\test\algae_bloom_8140.png,0
C:/Users/somal/OneDrive/Desktop/Capstone_Model/algae_bloom_dataset\test\algae_bloom_8141.png,0
C:/Users/somal/OneDrive/Desktop/Capstone_Model/algae_bloom_dataset\test\algae_bloom_8142.png,1
C:/Users/somal/OneDrive/Desktop/Capstone_Model/algae_bloom_dataset\test\algae_bloom_8143.png,0
C:/Users/somal/OneDrive/Desktop/Capstone_Model/algae_bloom_dataset\test\algae_bloom_8144.png,0
C:/Users/somal/OneDrive/Desktop/Capstone_Model/algae_bloom_dataset\test\algae_bloom_8145.png,0
C:/Users/somal/OneDrive/Desktop/Capstone_Model/algae_bloom_dataset\test\algae_bloom_8146.png,0
C:/Users/somal/OneDrive/Desktop/Capstone_Model/algae_bloom_dataset\test\algae_bloom_8147.png,0
C:/Users/somal/OneDrive/Desktop/Capstone_Model/algae_bloom_dataset\test\algae_bloom_8148.png,1
C:/Users/somal/OneDrive/Desktop/Capstone_Model/algae_bloom_dataset\test\algae_bloom_8149.png,0
C:/Users/somal/OneDrive/Desktop/Capstone_Model/algae_bloom_dataset\test\algae_bloom_8150.png,1
C:/Users/somal/OneDrive/Desktop/Capstone_Model/algae_bloom_dataset\test\algae_bloom_8151.png,0
C:/Users/somal/OneDrive/Desktop/Capstone_Model/algae_bloom_dataset\test\algae_bloom_8152.png,0
C:/Users/somal/OneDrive/Desktop/Capstone_Model/algae_bloom_dataset\test\algae_bloom_8153.png,0
C:/Users/somal/OneDrive/Desktop/Capstone_Model/algae_bloom_dataset\test\algae_bloom_8154.png,1
C:/Users/somal/OneDrive/Desktop/Capstone_Model/algae_bloom_dataset\test\algae_bloom_8155.png,1
C:/Users/somal/OneDrive/Desktop/Capstone_Model/algae_bloom_dataset\test\algae_bloom_8156.png,0
C:/Users/somal/OneDrive/Desktop/Capstone_Model/algae_bloom_dataset\test\algae_bloom_8157.png,0
C:/Users/somal/OneDrive/Desktop/Capstone_Model/algae_bloom_dataset\test\algae_bloom_8158.png,1
C:/Users/somal/OneDrive/Desktop/Capstone_Model/algae_bloom_dataset\test\algae_bloom_8159.png,1
C:/Users/somal/OneDrive/Desktop/Capstone_Model/algae_bloom_dataset\test\algae_bloom_8160.png,0
C:/Users/somal/OneDrive/Desktop/Capstone_Model/algae_bloom_dataset\test\algae_bloom_8161.png,0
C:/Users/somal/OneDrive/Desktop/Capstone_Model/algae_bloom_dataset\test\algae_bloom_8162.png,0
C:/Users/somal/OneDrive/Desktop/Capstone_Model/algae_bloom_dataset\test\algae_bloom_8163.png,0
C:/Users/somal/OneDrive/Desktop/Capstone_Model/algae_bloom_dataset\test\algae_bloom_8164.png,1
C:/Users/somal/OneDrive/Desktop/Capstone_Model/algae_bloom_dataset\test\algae_bloom_8165.png,1
C:/Users/somal/OneDrive/Desktop/Capstone_Model/algae_bloom_dataset\test\algae_bloom_8166.png,0
C:/Users/somal/OneDrive/Desktop/Capstone_Model/algae_bloom_dataset\test\algae_bloom_8167.png,0
C:/Users/somal/OneDrive/Desktop/Capstone_Model/algae_bloom_dataset\test\algae_bloom_8168.png,0
C:/Users/somal/OneDrive/Desktop/Capstone_Model/algae_bloom_dataset\test\algae_bloom_8169.png,1
C:/Users/somal/OneDrive/Desktop/Capstone_Model/algae_bloom_dataset\test\algae_bloom_8170.png,0
C:/Users/somal/OneDrive/Desktop/Capstone_Model/algae_bloom_dataset\test\algae_bloom_8171.png,1
C:/Users/somal/OneDrive/Desktop/Capstone_Model/algae_bloom_dataset\test\algae_bloom_8172.png,0
C:/Users/somal/OneDrive/Desktop/Capstone_Model/algae_bloom_dataset\test\algae_bloom_8173.png,1
C:/Users/somal/OneDrive/Desktop/Capstone_Model/algae_bloom_dataset\test\algae_bloom_8174.png,0
C:/Users/somal/OneDrive/Desktop/Capstone_Model/algae_bloom_dataset\test\algae_bloom_8175.png,1
C:/Users/somal/OneDrive/Desktop/Capstone_Model/algae_bloom_dataset\test\algae_bloom_8176.png,0
C:/Users/somal/OneDrive/Desktop/Capstone_Model/algae_bloom_dataset\test\algae_bloom_8177.png,0
C:/Users/somal/OneDrive/Desktop/Capstone_Model/algae_bloom_dataset\test\algae_bloom_8178.png,0
C:/Users/somal/OneDrive/Desktop/Capstone_Model/algae_bloom_dataset\test\algae_bloom_8179.png,0
C:/Users/somal/OneDrive/Desktop/Capstone_Model/algae_bloom_dataset\test\algae_bloom_8180.png,0
C:/Users/somal/OneDrive/Desktop/Capstone_Model/algae_bloom_dataset\test\algae_bloom_8181.png,0
C:/Users/somal/OneDrive/Desktop/Capstone_Model/algae_bloom_dataset\test\algae_bloom_8182.png,0
C:/Users/somal/OneDrive/Desktop/Capstone_Model/algae_bloom_dataset\test\algae_bloom_8183.png,0
C:/Users/somal/OneDrive/Desktop/Capstone_Model/algae_bloom_dataset\test\algae_bloom_8184.png,1
C:/Users/somal/OneDrive/Desktop/Capstone_Model/algae_bloom_dataset\test\algae_bloom_8185.png,0
C:/Users/somal/OneDrive/Desktop/Capstone_Model/algae_bloom_dataset\test\algae_bloom_8186.png,0
C:/Users/somal/OneDrive/Desktop/Capstone_Model/algae_bloom_dataset\test\algae_bloom_8187.png,1
C:/Users/somal/OneDrive/Desktop/Capstone_Model/algae_bloom_dataset\test\algae_bloom_8188.png,0
C:/Users/somal/OneDrive/Desktop/Capstone_Model/algae_bloom_dataset\test\algae_bloom_8189.png,0
C:/Users/somal/OneDrive/Desktop/Capstone_Model/algae_bloom_dataset\test\algae_bloom_8190.png,1
C:/Users/somal/OneDrive/Desktop/Capstone_Model/algae_bloom_dataset\test\algae_bloom_8191.png,0
C:/Users/somal/OneDrive/Desktop/Capstone_Model/algae_bloom_dataset\test\algae_bloom_8192.png,0
C:/Users/somal/OneDrive/Desktop/Capstone_Model/algae_bloom_dataset\test\algae_bloom_8193.png,1
C:/Users/somal/OneDrive/Desktop/Capstone_Model/algae_bloom_dataset\test\algae_bloom_8194.png,0
C:/Users/somal/OneDrive/Desktop/Capstone_Model/algae_bloom_dataset\test\algae_bloom_8195.png,0
C:/Users/somal/OneDrive/Desktop/Capstone_Model/algae_bloom_dataset\test\algae_bloom_8196.png,0
C:/Users/somal/OneDrive/Desktop/Capstone_Model/algae_bloom_dataset\test\algae_bloom_8197.png,0
C:/Users/somal/OneDrive/Desktop/Capstone_Model/algae_bloom_dataset\test\algae_bloom_8198.png,0
C:/Users/somal/OneDrive/Desktop/Capstone_Model/algae_bloom_dataset\test\algae_bloom_8199.png,0
C:/Users/somal/OneDrive/Desktop/Capstone_Model/algae_bloom_dataset\test\algae_bloom_8200.png,0
C:/Users/somal/OneDrive/Desktop/Capstone_Model/algae_bloom_dataset\test\algae_bloom_8201.png,0
C:/Users/somal/OneDrive/Desktop/Capstone_Model/algae_bloom_dataset\test\algae_bloom_8202.png,0
C:/Users/somal/OneDrive/Desktop/Capstone_Model/algae_bloom_dataset\test\algae_bloom_8203.png,0
C:/Users/somal/OneDrive/Desktop/Capstone_Model/algae_bloom_dataset\test\algae_bloom_8204.png,0
C:/Users/somal/OneDrive/Desktop/Capstone_Model/algae_bloom_dataset\test\algae_bloom_8205.png,1
C:/Users/somal/OneDrive/Desktop/Capstone_Model/algae_bloom_dataset\test\algae_bloom_8206.png,0
C:/Users/somal/OneDrive/Desktop/Capstone_Model/algae_bloom_dataset\test\algae_bloom_8207.png,0
C:/Users/somal/OneDrive/Desktop/Capstone_Model/algae_bloom_dataset\test\algae_bloom_8208.png,0
C:/Users/somal/OneDrive/Desktop/Capstone_Model/algae_bloom_dataset\test\algae_bloom_8209.png,0
C:/Users/somal/OneDrive/Desktop/Capstone_Model/algae_bloom_dataset\test\algae_bloom_8210.png,0
C:/Users/somal/OneDrive/Desktop/Capstone_Model/algae_bloom_dataset\test\algae_bloom_8211.png,0
C:/Users/somal/OneDrive/Desktop/Capstone_Model/algae_bloom_dataset\test\algae_bloom_8212.png,0
C:/Users/somal/OneDrive/Desktop/Capstone_Model/algae_bloom_dataset\test\algae_bloom_8213.png,0
C:/Users/somal/OneDrive/Desktop/Capstone_Model/algae_bloom_dataset\test\algae_bloom_8214.png,1
C:/Users/somal/OneDrive/Desktop/Capstone_Model/algae_bloom_dataset\test\algae_bloom_8215.png,0
C:/Users/somal/OneDrive/Desktop/Capstone_Model/algae_bloom_dataset\test\algae_bloom_8216.png,0
C:/Users/somal/OneDrive/Desktop/Capstone_Model/algae_bloom_dataset\test\algae_bloom_8217.png,0
C:/Users/somal/OneDrive/Desktop/Capstone_Model/algae_bloom_dataset\test\algae_bloom_8218.png,0
C:/Users/somal/OneDrive/Desktop/Capstone_Model/algae_bloom_dataset\test\algae_bloom_8219.png,1
C:/Users/somal/OneDrive/Desktop/Capstone_Model/algae_bloom_dataset\test\algae_bloom_8220.png,1
C:/Users/somal/OneDrive/Desktop/Capstone_Model/algae_bloom_dataset\test\algae_bloom_8221.png,0
C:/Users/somal/OneDrive/Desktop/Capstone_Model/algae_bloom_dataset\test\algae_bloom_8222.png,0
C:/Users/somal/OneDrive/Desktop/Capstone_Model/algae_bloom_dataset\test\algae_bloom_8223.png,0
C:/Users/somal/OneDrive/Desktop/Capstone_Model/algae_bloom_dataset\test\algae_bloom_8224.png,1
C:/Users/somal/OneDrive/Desktop/Capstone_Model/algae_bloom_dataset\test\algae_bloom_8225.png,0
C:/Users/somal/OneDrive/Desktop/Capstone_Model/algae_bloom_dataset\test\algae_bloom_8226.png,0
C:/Users/somal/OneDrive/Desktop/Capstone_Model/algae_bloom_dataset\test\algae_bloom_8227.png,1
C:/Users/somal/OneDrive/Desktop/Capstone_Model/algae_bloom_dataset\test\algae_bloom_8228.png,0
C:/Users/somal/OneDrive/Desktop/Capstone_Model/algae_bloom_dataset\test\algae_bloom_8229.png,0
C:/Users/somal/OneDrive/Desktop/Capstone_Model/algae_bloom_dataset\test\algae_bloom_8230.png,1
C:/Users/somal/OneDrive/Desktop/Capstone_Model/algae_bloom_dataset\test\algae_bloom_8231.png,0
C:/Users/somal/OneDrive/Desktop/Capstone_Model/algae_bloom_dataset\test\algae_bloom_8232.png,0
C:/Users/somal/OneDrive/Desktop/Capstone_Model/algae_bloom_dataset\test\algae_bloom_8233.png,0
C:/Users/somal/OneDrive/Desktop/Capstone_Model/algae_bloom_dataset\test\algae_bloom_8234.png,1
C:/Users/somal/OneDrive/Desktop/Capstone_Model/algae_bloom_dataset\test\algae_bloom_8235.png,1
C:/Users/somal/OneDrive/Desktop/Capstone_Model/algae_bloom_dataset\test\algae_bloom_8236.png,0
C:/Users/somal/OneDrive/Desktop/Capstone_Model/algae_bloom_dataset\test\algae_bloom_8237.png,0
C:/Users/somal/OneDrive/Desktop/Capstone_Model/algae_bloom_dataset\test\algae_bloom_8238.png,0
C:/Users/somal/OneDrive/Desktop/Capstone_Model/algae_bloom_dataset\test\algae_bloom_8239.png,0
C:/Users/somal/OneDrive/Desktop/Capstone_Model/algae_bloom_dataset\test\algae_bloom_8240.png,0
C:/Users/somal/OneDrive/Desktop/Capstone_Model/algae_bloom_dataset\test\algae_bloom_8241.png,1
C:/Users/somal/OneDrive/Desktop/Capstone_Model/algae_bloom_dataset\test\algae_bloom_8242.png,0
C:/Users/somal/OneDrive/Desktop/Capstone_Model/algae_bloom_dataset\test\algae_bloom_8243.png,0
C:/Users/somal/OneDrive/Desktop/Capstone_Model/algae_bloom_dataset\test\algae_bloom_8244.png,0
C:/Users/somal/OneDrive/Desktop/Capstone_Model/algae_bloom_dataset\test\algae_bloom_8245.png,0
C:/Users/somal/OneDrive/Desktop/Capstone_Model/algae_bloom_dataset\test\algae_bloom_8246.png,0
C:/Users/somal/OneDrive/Desktop/Capstone_Model/algae_bloom_dataset\test\algae_bloom_8247.png,0
C:/Users/somal/OneDrive/Desktop/Capstone_Model/algae_bloom_dataset\test\algae_bloom_8248.png,0
C:/Users/somal/OneDrive/Desktop/Capstone_Model/algae_bloom_dataset\test\algae_bloom_8249.png,0
C:/Users/somal/OneDrive/Desktop/Capstone_Model/algae_bloom_dataset\test\algae_bloom_8250.png,1
C:/Users/somal/OneDrive/Desktop/Capstone_Model/algae_bloom_dataset\test\algae_bloom_8251.png,0
C:/Users/somal/OneDrive/Desktop/Capstone_Model/algae_bloom_dataset\test\algae_bloom_8252.png,0
C:/Users/somal/OneDrive/Desktop/Capstone_Model/algae_bloom_dataset\test\algae_bloom_8253.png,1
C:/Users/somal/OneDrive/Desktop/Capstone_Model/algae_bloom_dataset\test\algae_bloom_8254.png,0
C:/Users/somal/OneDrive/Desktop/Capstone_Model/algae_bloom_dataset\test\algae_bloom_8255.png,0
C:/Users/somal/OneDrive/Desktop/Capstone_Model/algae_bloom_dataset\test\algae_bloom_8256.png,0
C:/Users/somal/OneDrive/Desktop/Capstone_Model/algae_bloom_dataset\test\algae_bloom_8257.png,0
C:/Users/somal/OneDrive/Desktop/Capstone_Model/algae_bloom_dataset\test\algae_bloom_8258.png,0
C:/Users/somal/OneDrive/Desktop/Capstone_Model/algae_bloom_dataset\test\algae_bloom_8259.png,0
C:/Users/somal/OneDrive/Desktop/Capstone_Model/algae_bloom_dataset\test\algae_bloom_8260.png,0
C:/Users/somal/OneDrive/Desktop/Capstone_Model/algae_bloom_dataset\test\algae_bloom_8261.png,0
C:/Users/somal/OneDrive/Desktop/Capstone_Model/algae_bloom_dataset\test\algae_bloom_8262.png,1
C:/Users/somal/OneDrive/Desktop/Capstone_Model/algae_bloom_dataset\test\algae_bloom_8263.png,0
C:/Users/somal/OneDrive/Desktop/Capstone_Model/algae_bloom_dataset\test\algae_bloom_8264.png,0
C:/Users/somal/OneDrive/Desktop/Capstone_Model/algae_bloom_dataset\test\algae_bloom_8265.png,0
C:/Users/somal/OneDrive/Desktop/Capstone_Model/algae_bloom_dataset\test\algae_bloom_8266.png,0
C:/Users/somal/OneDrive/Desktop/Capstone_Model/algae_bloom_dataset\test\algae_bloom_8267.png,0
C:/Users/somal/OneDrive/Desktop/Capstone_Model/algae_bloom_dataset\test\algae_bloom_8268.png,0
C:/Users/somal/OneDrive/Desktop/Capstone_Model/algae_bloom_dataset\test\algae_bloom_8269.png,1
C:/Users/somal/OneDrive/Desktop/Capstone_Model/algae_bloom_dataset\test\algae_bloom_8270.png,1
C:/Users/somal/OneDrive/Desktop/Capstone_Model/algae_bloom_dataset\test\algae_bloom_8271.png,0
C:/Users/somal/OneDrive/Desktop/Capstone_Model/algae_bloom_dataset\test\algae_bloom_8272.png,0
C:/Users/somal/OneDrive/Desktop/Capstone_Model/algae_bloom_dataset\test\algae_bloom_8273.png,0
C:/Users/somal/OneDrive/Desktop/Capstone_Model/algae_bloom_dataset\test\algae_bloom_8274.png,0
C:/Users/somal/OneDrive/Desktop/Capstone_Model/algae_bloom_dataset\test\algae_bloom_8275.png,1
C:/Users/somal/OneDrive/Desktop/Capstone_Model/algae_bloom_dataset\test\algae_bloom_8276.png,0
C:/Users/somal/OneDrive/Desktop/Capstone_Model/algae_bloom_dataset\test\algae_bloom_8277.png,0
C:/Users/somal/OneDrive/Desktop/Capstone_Model/algae_bloom_dataset\test\algae_bloom_8278.png,1
C:/Users/somal/OneDrive/Desktop/Capstone_Model/algae_bloom_dataset\test\algae_bloom_8279.png,0
C:/Users/somal/OneDrive/Desktop/Capstone_Model/algae_bloom_dataset\test\algae_bloom_8280.png,0
C:/Users/somal/OneDrive/Desktop/Capstone_Model/algae_bloom_dataset\test\algae_bloom_8281.png,0
C:/Users/somal/OneDrive/Desktop/Capstone_Model/algae_bloom_dataset\test\algae_bloom_8282.png,1
C:/Users/somal/OneDrive/Desktop/Capstone_Model/algae_bloom_dataset\test\algae_bloom_8283.png,0
C:/Users/somal/OneDrive/Desktop/Capstone_Model/algae_bloom_dataset\test\algae_bloom_8284.png,1
C:/Users/somal/OneDrive/Desktop/Capstone_Model/algae_bloom_dataset\test\algae_bloom_8285.png,0
C:/Users/somal/OneDrive/Desktop/Capstone_Model/algae_bloom_dataset\test\algae_bloom_8286.png,1
C:/Users/somal/OneDrive/Desktop/Capstone_Model/algae_bloom_dataset\test\algae_bloom_8287.png,1
C:/Users/somal/OneDrive/Desktop/Capstone_Model/algae_bloom_dataset\test\algae_bloom_8288.png,1
C:/Users/somal/OneDrive/Desktop/Capstone_Model/algae_bloom_dataset\test\algae_bloom_8289.png,0
C:/Users/somal/OneDrive/Desktop/Capstone_Model/algae_bloom_dataset\test\algae_bloom_8290.png,0
C:/Users/somal/OneDrive/Desktop/Capstone_Model/algae_bloom_dataset\test\algae_bloom_8291.png,1
C:/Users/somal/OneDrive/Desktop/Capstone_Model/algae_bloom_dataset\test\algae_bloom_8292.png,0
C:/Users/somal/OneDrive/Desktop/Capstone_Model/algae_bloom_dataset\test\algae_bloom_8293.png,0
C:/Users/somal/OneDrive/Desktop/Capstone_Model/algae_bloom_dataset\test\algae_bloom_8294.png,1
C:/Users/somal/OneDrive/Desktop/Capstone_Model/algae_bloom_dataset\test\algae_bloom_8295.png,0
C:/Users/somal/OneDrive/Desktop/Capstone_Model/algae_bloom_dataset\test\algae_bloom_8296.png,0
C:/Users/somal/OneDrive/Desktop/Capstone_Model/algae_bloom_dataset\test\algae_bloom_8297.png,0
C:/Users/somal/OneDrive/Desktop/Capstone_Model/algae_bloom_dataset\test\algae_bloom_8298.png,0
C:/Users/somal/OneDrive/Desktop/Capstone_Model/algae_bloom_dataset\test\algae_bloom_8299.png,0
C:/Users/somal/OneDrive/Desktop/Capstone_Model/algae_bloom_dataset\test\algae_bloom_8300.png,0
C:/Users/somal/OneDrive/Desktop/Capstone_Model/algae_bloom_dataset\test\algae_bloom_8301.png,0
C:/Users/somal/OneDrive/Desktop/Capstone_Model/algae_bloom_dataset\test\algae_bloom_8302.png,1
C:/Users/somal/OneDrive/Desktop/Capstone_Model/algae_bloom_dataset\test\algae_bloom_8303.png,0
C:/Users/somal/OneDrive/Desktop/Capstone_Model/algae_bloom_dataset\test\algae_bloom_8304.png,0
C:/Users/somal/OneDrive/Desktop/Capstone_Model/algae_bloom_dataset\test\algae_bloom_8305.png,0
C:/Users/somal/OneDrive/Desktop/Capstone_Model/algae_bloom_dataset\test\algae_bloom_8306.png,0
C:/Users/somal/OneDrive/Desktop/Capstone_Model/algae_bloom_dataset\test\algae_bloom_8307.png,0
C:/Users/somal/OneDrive/Desktop/Capstone_Model/algae_bloom_dataset\test\algae_bloom_8308.png,1
C:/Users/somal/OneDrive/Desktop/Capstone_Model/algae_bloom_dataset\test\algae_bloom_8309.png,0
C:/Users/somal/OneDrive/Desktop/Capstone_Model/algae_bloom_dataset\test\algae_bloom_8310.png,0
C:/Users/somal/OneDrive/Desktop/Capstone_Model/algae_bloom_dataset\test\algae_bloom_8311.png,1
C:/Users/somal/OneDrive/Desktop/Capstone_Model/algae_bloom_dataset\test\algae_bloom_8312.png,0
C:/Users/somal/OneDrive/Desktop/Capstone_Model/algae_bloom_dataset\test\algae_bloom_8313.png,1
C:/Users/somal/OneDrive/Desktop/Capstone_Model/algae_bloom_dataset\test\algae_bloom_8314.png,0
C:/Users/somal/OneDrive/Desktop/Capstone_Model/algae_bloom_dataset\test\algae_bloom_8315.png,1
C:/Users/somal/OneDrive/Desktop/Capstone_Model/algae_bloom_dataset\test\algae_bloom_8316.png,0
C:/Users/somal/OneDrive/Desktop/Capstone_Model/algae_bloom_dataset\test\algae_bloom_8317.png,1
C:/Users/somal/OneDrive/Desktop/Capstone_Model/algae_bloom_dataset\test\algae_bloom_8318.png,0
C:/Users/somal/OneDrive/Desktop/Capstone_Model/algae_bloom_dataset\test\algae_bloom_8319.png,0
C:/Users/somal/OneDrive/Desktop/Capstone_Model/algae_bloom_dataset\test\algae_bloom_8320.png,0
C:/Users/somal/OneDrive/Desktop/Capstone_Model/algae_bloom_dataset\test\algae_bloom_8321.png,0
C:/Users/somal/OneDrive/Desktop/Capstone_Model/algae_bloom_dataset\test\algae_bloom_8322.png,0
C:/Users/somal/OneDrive/Desktop/Capstone_Model/algae_bloom_dataset\test\algae_bloom_8323.png,0
C:/Users/somal/OneDrive/Desktop/Capstone_Model/algae_bloom_dataset\test\algae_bloom_8324.png,0
C:/Users/somal/OneDrive/Desktop/Capstone_Model/algae_bloom_dataset\test\algae_bloom_8325.png,0
C:/Users/somal/OneDrive/Desktop/Capstone_Model/algae_bloom_dataset\test\algae_bloom_8326.png,0
C:/Users/somal/OneDrive/Desktop/Capstone_Model/algae_bloom_dataset\test\algae_bloom_8327.png,0
C:/Users/somal/OneDrive/Desktop/Capstone_Model/algae_bloom_dataset\test\algae_bloom_8328.png,0
C:/Users/somal/OneDrive/Desktop/Capstone_Model/algae_bloom_dataset\test\algae_bloom_8329.png,0
C:/Users/somal/OneDrive/Desktop/Capstone_Model/algae_bloom_dataset\test\algae_bloom_8330.png,0
C:/Users/somal/OneDrive/Desktop/Capstone_Model/algae_bloom_dataset\test\algae_bloom_8331.png,0
C:/Users/somal/OneDrive/Desktop/Capstone_Model/algae_bloom_dataset\test\algae_bloom_8332.png,0
C:/Users/somal/OneDrive/Desktop/Capstone_Model/algae_bloom_dataset\test\algae_bloom_8333.png,0
C:/Users/somal/OneDrive/Desktop/Capstone_Model/algae_bloom_dataset\test\algae_bloom_8334.png,0
C:/Users/somal/OneDrive/Desktop/Capstone_Model/algae_bloom_dataset\test\algae_bloom_8335.png,0
C:/Users/somal/OneDrive/Desktop/Capstone_Model/algae_bloom_dataset\test\algae_bloom_8336.png,0
C:/Users/somal/OneDrive/Desktop/Capstone_Model/algae_bloom_dataset\test\algae_bloom_8337.png,1
C:/Users/somal/OneDrive/Desktop/Capstone_Model/algae_bloom_dataset\test\algae_bloom_8338.png,1
C:/Users/somal/OneDrive/Desktop/Capstone_Model/algae_bloom_dataset\test\algae_bloom_8339.png,1
C:/Users/somal/OneDrive/Desktop/Capstone_Model/algae_bloom_dataset\test\algae_bloom_8340.png,1
C:/Users/somal/OneDrive/Desktop/Capstone_Model/algae_bloom_dataset\test\algae_bloom_8341.png,1
C:/Users/somal/OneDrive/Desktop/Capstone_Model/algae_bloom_dataset\test\algae_bloom_8342.png,0
C:/Users/somal/OneDrive/Desktop/Capstone_Model/algae_bloom_dataset\test\algae_bloom_8343.png,1
C:/Users/somal/OneDrive/Desktop/Capstone_Model/algae_bloom_dataset\test\algae_bloom_8344.png,1
C:/Users/somal/OneDrive/Desktop/Capstone_Model/algae_bloom_dataset\test\algae_bloom_8345.png,0
C:/Users/somal/OneDrive/Desktop/Capstone_Model/algae_bloom_dataset\test\algae_bloom_8346.png,0
C:/Users/somal/OneDrive/Desktop/Capstone_Model/algae_bloom_dataset\test\algae_bloom_8347.png,1
C:/Users/somal/OneDrive/Desktop/Capstone_Model/algae_bloom_dataset\test\algae_bloom_8348.png,1
C:/Users/somal/OneDrive/Desktop/Capstone_Model/algae_bloom_dataset\test\algae_bloom_8349.png,0
C:/Users/somal/OneDrive/Desktop/Capstone_Model/algae_bloom_dataset\test\algae_bloom_8350.png,0
C:/Users/somal/OneDrive/Desktop/Capstone_Model/algae_bloom_dataset\test\algae_bloom_8351.png,0
C:/Users/somal/OneDrive/Desktop/Capstone_Model/algae_bloom_dataset\test\algae_bloom_8352.png,0
C:/Users/somal/OneDrive/Desktop/Capstone_Model/algae_bloom_dataset\test\algae_bloom_8353.png,0
C:/Users/somal/OneDrive/Desktop/Capstone_Model/algae_bloom_dataset\test\algae_bloom_8354.png,1
C:/Users/somal/OneDrive/Desktop/Capstone_Model/algae_bloom_dataset\test\algae_bloom_8355.png,1
C:/Users/somal/OneDrive/Desktop/Capstone_Model/algae_bloom_dataset\test\algae_bloom_8356.png,0
C:/Users/somal/OneDrive/Desktop/Capstone_Model/algae_bloom_dataset\test\algae_bloom_8357.png,1
C:/Users/somal/OneDrive/Desktop/Capstone_Model/algae_bloom_dataset\test\algae_bloom_8358.png,1
C:/Users/somal/OneDrive/Desktop/Capstone_Model/algae_bloom_dataset\test\algae_bloom_8359.png,0
C:/Users/somal/OneDrive/Desktop/Capstone_Model/algae_bloom_dataset\test\algae_bloom_8360.png,0
C:/Users/somal/OneDrive/Desktop/Capstone_Model/algae_bloom_dataset\test\algae_bloom_8361.png,0
C:/Users/somal/OneDrive/Desktop/Capstone_Model/algae_bloom_dataset\test\algae_bloom_8362.png,1
C:/Users/somal/OneDrive/Desktop/Capstone_Model/algae_bloom_dataset\test\algae_bloom_8363.png,1
C:/Users/somal/OneDrive/Desktop/Capstone_Model/algae_bloom_dataset\test\algae_bloom_8364.png,0
C:/Users/somal/OneDrive/Desktop/Capstone_Model/algae_bloom_dataset\test\algae_bloom_8365.png,0
C:/Users/somal/OneDrive/Desktop/Capstone_Model/algae_bloom_dataset\test\algae_bloom_8366.png,1
C:/Users/somal/OneDrive/Desktop/Capstone_Model/algae_bloom_dataset\test\algae_bloom_8367.png,0
C:/Users/somal/OneDrive/Desktop/Capstone_Model/algae_bloom_dataset\test\algae_bloom_8368.png,0
C:/Users/somal/OneDrive/Desktop/Capstone_Model/algae_bloom_dataset\test\algae_bloom_8369.png,0
C:/Users/somal/OneDrive/Desktop/Capstone_Model/algae_bloom_dataset\test\algae_bloom_8370.png,0
C:/Users/somal/OneDrive/Desktop/Capstone_Model/algae_bloom_dataset\test\algae_bloom_8371.png,0
C:/Users/somal/OneDrive/Desktop/Capstone_Model/algae_bloom_dataset\test\algae_bloom_8372.png,0
C:/Users/somal/OneDrive/Desktop/Capstone_Model/algae_bloom_dataset\test\algae_bloom_8373.png,1
C:/Users/somal/OneDrive/Desktop/Capstone_Model/algae_bloom_dataset\test\algae_bloom_8374.png,0
C:/Users/somal/OneDrive/Desktop/Capstone_Model/algae_bloom_dataset\test\algae_bloom_8375.png,0
C:/Users/somal/OneDrive/Desktop/Capstone_Model/algae_bloom_dataset\test\algae_bloom_8376.png,0
C:/Users/somal/OneDrive/Desktop/Capstone_Model/algae_bloom_dataset\test\algae_bloom_8377.png,0
C:/Users/somal/OneDrive/Desktop/Capstone_Model/algae_bloom_dataset\test\algae_bloom_8378.png,0
C:/Users/somal/OneDrive/Desktop/Capstone_Model/algae_bloom_dataset\test\algae_bloom_8379.png,0
C:/Users/somal/OneDrive/Desktop/Capstone_Model/algae_bloom_dataset\test\algae_bloom_8380.png,0
C:/Users/somal/OneDrive/Desktop/Capstone_Model/algae_bloom_dataset\test\algae_bloom_8381.png,0
C:/Users/somal/OneDrive/Desktop/Capstone_Model/algae_bloom_dataset\test\algae_bloom_8382.png,1
C:/Users/somal/OneDrive/Desktop/Capstone_Model/algae_bloom_dataset\test\algae_bloom_8383.png,1
C:/Users/somal/OneDrive/Desktop/Capstone_Model/algae_bloom_dataset\test\algae_bloom_8384.png,0
C:/Users/somal/OneDrive/Desktop/Capstone_Model/algae_bloom_dataset\test\algae_bloom_8385.png,0
C:/Users/somal/OneDrive/Desktop/Capstone_Model/algae_bloom_dataset\test\algae_bloom_8386.png,0
C:/Users/somal/OneDrive/Desktop/Capstone_Model/algae_bloom_dataset\test\algae_bloom_8387.png,0
C:/Users/somal/OneDrive/Desktop/Capstone_Model/algae_bloom_dataset\test\algae_bloom_8388.png,0
C:/Users/somal/OneDrive/Desktop/Capstone_Model/algae_bloom_dataset\test\algae_bloom_8389.png,1
C:/Users/somal/OneDrive/Desktop/Capstone_Model/algae_bloom_dataset\test\algae_bloom_8390.png,1
C:/Users/somal/OneDrive/Desktop/Capstone_Model/algae_bloom_dataset\test\algae_bloom_8391.png,0
C:/Users/somal/OneDrive/Desktop/Capstone_Model/algae_bloom_dataset\test\algae_bloom_8392.png,0
C:/Users/somal/OneDrive/Desktop/Capstone_Model/algae_bloom_dataset\test\algae_bloom_8393.png,1
C:/Users/somal/OneDrive/Desktop/Capstone_Model/algae_bloom_dataset\test\algae_bloom_8394.png,0
C:/Users/somal/OneDrive/Desktop/Capstone_Model/algae_bloom_dataset\test\algae_bloom_8395.png,0
C:/Users/somal/OneDrive/Desktop/Capstone_Model/algae_bloom_dataset\test\algae_bloom_8396.png,0
C:/Users/somal/OneDrive/Desktop/Capstone_Model/algae_bloom_dataset\test\algae_bloom_8397.png,0
C:/Users/somal/OneDrive/Desktop/Capstone_Model/algae_bloom_dataset\test\algae_bloom_8398.png,1
C:/Users/somal/OneDrive/Desktop/Capstone_Model/algae_bloom_dataset\test\algae_bloom_8399.png,1
C:/Users/somal/OneDrive/Desktop/Capstone_Model/algae_bloom_dataset\test\algae_bloom_8400.png,1
C:/Users/somal/OneDrive/Desktop/Capstone_Model/algae_bloom_dataset\test\algae_bloom_8401.png,0
C:/Users/somal/OneDrive/Desktop/Capstone_Model/algae_bloom_dataset\test\algae_bloom_8402.png,0
C:/Users/somal/OneDrive/Desktop/Capstone_Model/algae_bloom_dataset\test\algae_bloom_8403.png,0
C:/Users/somal/OneDrive/Desktop/Capstone_Model/algae_bloom_dataset\test\algae_bloom_8404.png,0
C:/Users/somal/OneDrive/Desktop/Capstone_Model/algae_bloom_dataset\test\algae_bloom_8405.png,0
C:/Users/somal/OneDrive/Desktop/Capstone_Model/algae_bloom_dataset\test\algae_bloom_8406.png,0
C:/Users/somal/OneDrive/Desktop/Capstone_Model/algae_bloom_dataset\test\algae_bloom_8407.png,1
C:/Users/somal/OneDrive/Desktop/Capstone_Model/algae_bloom_dataset\test\algae_bloom_8408.png,1
C:/Users/somal/OneDrive/Desktop/Capstone_Model/algae_bloom_dataset\test\algae_bloom_8409.png,1
C:/Users/somal/OneDrive/Desktop/Capstone_Model/algae_bloom_dataset\test\algae_bloom_8410.png,0
C:/Users/somal/OneDrive/Desktop/Capstone_Model/algae_bloom_dataset\test\algae_bloom_8411.png,0
C:/Users/somal/OneDrive/Desktop/Capstone_Model/algae_bloom_dataset\test\algae_bloom_8412.png,0
C:/Users/somal/OneDrive/Desktop/Capstone_Model/algae_bloom_dataset\test\algae_bloom_8413.png,0
C:/Users/somal/OneDrive/Desktop/Capstone_Model/algae_bloom_dataset\test\algae_bloom_8414.png,0
C:/Users/somal/OneDrive/Desktop/Capstone_Model/algae_bloom_dataset\test\algae_bloom_8415.png,1
C:/Users/somal/OneDrive/Desktop/Capstone_Model/algae_bloom_dataset\test\algae_bloom_8416.png,0
C:/Users/somal/OneDrive/Desktop/Capstone_Model/algae_bloom_dataset\test\algae_bloom_8417.png,0
C:/Users/somal/OneDrive/Desktop/Capstone_Model/algae_bloom_dataset\test\algae_bloom_8418.png,0
C:/Users/somal/OneDrive/Desktop/Capstone_Model/algae_bloom_dataset\test\algae_bloom_8419.png,0
C:/Users/somal/OneDrive/Desktop/Capstone_Model/algae_bloom_dataset\test\algae_bloom_8420.png,0
C:/Users/somal/OneDrive/Desktop/Capstone_Model/algae_bloom_dataset\test\algae_bloom_8421.png,1
C:/Users/somal/OneDrive/Desktop/Capstone_Model/algae_bloom_dataset\test\algae_bloom_8422.png,0
C:/Users/somal/OneDrive/Desktop/Capstone_Model/algae_bloom_dataset\test\algae_bloom_8423.png,0
C:/Users/somal/OneDrive/Desktop/Capstone_Model/algae_bloom_dataset\test\algae_bloom_8424.png,0
C:/Users/somal/OneDrive/Desktop/Capstone_Model/algae_bloom_dataset\test\algae_bloom_8425.png,0
C:/Users/somal/OneDrive/Desktop/Capstone_Model/algae_bloom_dataset\test\algae_bloom_8426.png,1
C:/Users/somal/OneDrive/Desktop/Capstone_Model/algae_bloom_dataset\test\algae_bloom_8427.png,0
C:/Users/somal/OneDrive/Desktop/Capstone_Model/algae_bloom_dataset\test\algae_bloom_8428.png,0
C:/Users/somal/OneDrive/Desktop/Capstone_Model/algae_bloom_dataset\test\algae_bloom_8429.png,0
C:/Users/somal/OneDrive/Desktop/Capstone_Model/algae_bloom_dataset\test\algae_bloom_8430.png,1
C:/Users/somal/OneDrive/Desktop/Capstone_Model/algae_bloom_dataset\test\algae_bloom_8431.png,0
C:/Users/somal/OneDrive/Desktop/Capstone_Model/algae_bloom_dataset\test\algae_bloom_8432.png,0
C:/Users/somal/OneDrive/Desktop/Capstone_Model/algae_bloom_dataset\test\algae_bloom_8433.png,1
C:/Users/somal/OneDrive/Desktop/Capstone_Model/algae_bloom_dataset\test\algae_bloom_8434.png,0
C:/Users/somal/OneDrive/Desktop/Capstone_Model/algae_bloom_dataset\test\algae_bloom_8435.png,1
C:/Users/somal/OneDrive/Desktop/Capstone_Model/algae_bloom_dataset\test\algae_bloom_8436.png,0
C:/Users/somal/OneDrive/Desktop/Capstone_Model/algae_bloom_dataset\test\algae_bloom_8437.png,0
C:/Users/somal/OneDrive/Desktop/Capstone_Model/algae_bloom_dataset\test\algae_bloom_8438.png,1
C:/Users/somal/OneDrive/Desktop/Capstone_Model/algae_bloom_dataset\test\algae_bloom_8439.png,0
C:/Users/somal/OneDrive/Desktop/Capstone_Model/algae_bloom_dataset\test\algae_bloom_8440.png,1
C:/Users/somal/OneDrive/Desktop/Capstone_Model/algae_bloom_dataset\test\algae_bloom_8441.png,1
C:/Users/somal/OneDrive/Desktop/Capstone_Model/algae_bloom_dataset\test\algae_bloom_8442.png,0
C:/Users/somal/OneDrive/Desktop/Capstone_Model/algae_bloom_dataset\test\algae_bloom_8443.png,0
C:/Users/somal/OneDrive/Desktop/Capstone_Model/algae_bloom_dataset\test\algae_bloom_8444.png,1
C:/Users/somal/OneDrive/Desktop/Capstone_Model/algae_bloom_dataset\test\algae_bloom_8445.png,0
C:/Users/somal/OneDrive/Desktop/Capstone_Model/algae_bloom_dataset\test\algae_bloom_8446.png,1
C:/Users/somal/OneDrive/Desktop/Capstone_Model/algae_bloom_dataset\test\algae_bloom_8447.png,0
C:/Users/somal/OneDrive/Desktop/Capstone_Model/algae_bloom_dataset\test\algae_bloom_8448.png,0
C:/Users/somal/OneDrive/Desktop/Capstone_Model/algae_bloom_dataset\test\algae_bloom_8449.png,0
C:/Users/somal/OneDrive/Desktop/Capstone_Model/algae_bloom_dataset\test\algae_bloom_8450.png,0
C:/Users/somal/OneDrive/Desktop/Capstone_Model/algae_bloom_dataset\test\algae_bloom_8451.png,0
C:/Users/somal/OneDrive/Desktop/Capstone_Model/algae_bloom_dataset\test\algae_bloom_8452.png,0
C:/Users/somal/OneDrive/Desktop/Capstone_Model/algae_bloom_dataset\test\algae_bloom_8453.png,0
C:/Users/somal/OneDrive/Desktop/Capstone_Model/algae_bloom_dataset\test\algae_bloom_8454.png,0
C:/Users/somal/OneDrive/Desktop/Capstone_Model/algae_bloom_dataset\test\algae_bloom_8455.png,0
C:/Users/somal/OneDrive/Desktop/Capstone_Model/algae_bloom_dataset\test\algae_bloom_8456.png,0
C:/Users/somal/OneDrive/Desktop/Capstone_Model/algae_bloom_dataset\test\algae_bloom_8457.png,0
C:/Users/somal/OneDrive/Desktop/Capstone_Model/algae_bloom_dataset\test\algae_bloom_8458.png,0
C:/Users/somal/OneDrive/Desktop/Capstone_Model/algae_bloom_dataset\test\algae_bloom_8459.png,0
C:/Users/somal/OneDrive/Desktop/Capstone_Model/algae_bloom_dataset\test\algae_bloom_8460.png,0
C:/Users/somal/OneDrive/Desktop/Capstone_Model/algae_bloom_dataset\test\algae_bloom_8461.png,0
C:/Users/somal/OneDrive/Desktop/Capstone_Model/algae_bloom_dataset\test\algae_bloom_8462.png,1
C:/Users/somal/OneDrive/Desktop/Capstone_Model/algae_bloom_dataset\test\algae_bloom_8463.png,1
C:/Users/somal/OneDrive/Desktop/Capstone_Model/algae_bloom_dataset\test\algae_bloom_8464.png,1
C:/Users/somal/OneDrive/Desktop/Capstone_Model/algae_bloom_dataset\test\algae_bloom_8465.png,0
C:/Users/somal/OneDrive/Desktop/Capstone_Model/algae_bloom_dataset\test\algae_bloom_8466.png,0
C:/Users/somal/OneDrive/Desktop/Capstone_Model/algae_bloom_dataset\test\algae_bloom_8467.png,0
C:/Users/somal/OneDrive/Desktop/Capstone_Model/algae_bloom_dataset\test\algae_bloom_8468.png,0
C:/Users/somal/OneDrive/Desktop/Capstone_Model/algae_bloom_dataset\test\algae_bloom_8469.png,0
C:/Users/somal/OneDrive/Desktop/Capstone_Model/algae_bloom_dataset\test\algae_bloom_8470.png,0
C:/Users/somal/OneDrive/Desktop/Capstone_Model/algae_bloom_dataset\test\algae_bloom_8471.png,0
C:/Users/somal/OneDrive/Desktop/Capstone_Model/algae_bloom_dataset\test\algae_bloom_8472.png,1
C:/Users/somal/OneDrive/Desktop/Capstone_Model/algae_bloom_dataset\test\algae_bloom_8473.png,0
C:/Users/somal/OneDrive/Desktop/Capstone_Model/algae_bloom_dataset\test\algae_bloom_8474.png,0
C:/Users/somal/OneDrive/Desktop/Capstone_Model/algae_bloom_dataset\test\algae_bloom_8475.png,0
C:/Users/somal/OneDrive/Desktop/Capstone_Model/algae_bloom_dataset\test\algae_bloom_8476.png,1
C:/Users/somal/OneDrive/Desktop/Capstone_Model/algae_bloom_dataset\test\algae_bloom_8477.png,0
C:/Users/somal/OneDrive/Desktop/Capstone_Model/algae_bloom_dataset\test\algae_bloom_8478.png,0
C:/Users/somal/OneDrive/Desktop/Capstone_Model/algae_bloom_dataset\test\algae_bloom_8479.png,1
C:/Users/somal/OneDrive/Desktop/Capstone_Model/algae_bloom_dataset\test\algae_bloom_8480.png,1
C:/Users/somal/OneDrive/Desktop/Capstone_Model/algae_bloom_dataset\test\algae_bloom_8481.png,1
C:/Users/somal/OneDrive/Desktop/Capstone_Model/algae_bloom_dataset\test\algae_bloom_8482.png,0
C:/Users/somal/OneDrive/Desktop/Capstone_Model/algae_bloom_dataset\test\algae_bloom_8483.png,1
C:/Users/somal/OneDrive/Desktop/Capstone_Model/algae_bloom_dataset\test\algae_bloom_8484.png,1
C:/Users/somal/OneDrive/Desktop/Capstone_Model/algae_bloom_dataset\test\algae_bloom_8485.png,1
C:/Users/somal/OneDrive/Desktop/Capstone_Model/algae_bloom_dataset\test\algae_bloom_8486.png,0
C:/Users/somal/OneDrive/Desktop/Capstone_Model/algae_bloom_dataset\test\algae_bloom_8487.png,0
C:/Users/somal/OneDrive/Desktop/Capstone_Model/algae_bloom_dataset\test\algae_bloom_8488.png,1
C:/Users/somal/OneDrive/Desktop/Capstone_Model/algae_bloom_dataset\test\algae_bloom_8489.png,0
C:/Users/somal/OneDrive/Desktop/Capstone_Model/algae_bloom_dataset\test\algae_bloom_8490.png,1
C:/Users/somal/OneDrive/Desktop/Capstone_Model/algae_bloom_dataset\test\algae_bloom_8491.png,0
C:/Users/somal/OneDrive/Desktop/Capstone_Model/algae_bloom_dataset\test\algae_bloom_8492.png,0
C:/Users/somal/OneDrive/Desktop/Capstone_Model/algae_bloom_dataset\test\algae_bloom_8493.png,0
C:/Users/somal/OneDrive/Desktop/Capstone_Model/algae_bloom_dataset\test\algae_bloom_8494.png,1
C:/Users/somal/OneDrive/Desktop/Capstone_Model/algae_bloom_dataset\test\algae_bloom_8495.png,0
C:/Users/somal/OneDrive/Desktop/Capstone_Model/algae_bloom_dataset\test\algae_bloom_8496.png,0
C:/Users/somal/OneDrive/Desktop/Capstone_Model/algae_bloom_dataset\test\algae_bloom_8497.png,1
C:/Users/somal/OneDrive/Desktop/Capstone_Model/algae_bloom_dataset\test\algae_bloom_8498.png,1
C:/Users/somal/OneDrive/Desktop/Capstone_Model/algae_bloom_dataset\test\algae_bloom_8499.png,1
C:/Users/somal/OneDrive/Desktop/Capstone_Model/algae_bloom_dataset\test\algae_bloom_8500.png,0
C:/Users/somal/OneDrive/Desktop/Capstone_Model/algae_bloom_dataset\test\algae_bloom_8501.png,1
C:/Users/somal/OneDrive/Desktop/Capstone_Model/algae_bloom_dataset\test\algae_bloom_8502.png,0
C:/Users/somal/OneDrive/Desktop/Capstone_Model/algae_bloom_dataset\test\algae_bloom_8503.png,0
C:/Users/somal/OneDrive/Desktop/Capstone_Model/algae_bloom_dataset\test\algae_bloom_8504.png,0
C:/Users/somal/OneDrive/Desktop/Capstone_Model/algae_bloom_dataset\test\algae_bloom_8505.png,0
C:/Users/somal/OneDrive/Desktop/Capstone_Model/algae_bloom_dataset\test\algae_bloom_8506.png,0
C:/Users/somal/OneDrive/Desktop/Capstone_Model/algae_bloom_dataset\test\algae_bloom_8507.png,0
C:/Users/somal/OneDrive/Desktop/Capstone_Model/algae_bloom_dataset\test\algae_bloom_8508.png,0
C:/Users/somal/OneDrive/Desktop/Capstone_Model/algae_bloom_dataset\test\algae_bloom_8509.png,0
C:/Users/somal/OneDrive/Desktop/Capstone_Model/algae_bloom_dataset\test\algae_bloom_8510.png,0
C:/Users/somal/OneDrive/Desktop/Capstone_Model/algae_bloom_dataset\test\algae_bloom_8511.png,1
C:/Users/somal/OneDrive/Desktop/Capstone_Model/algae_bloom_dataset\test\algae_bloom_8512.png,0
C:/Users/somal/OneDrive/Desktop/Capstone_Model/algae_bloom_dataset\test\algae_bloom_8513.png,0
C:/Users/somal/OneDrive/Desktop/Capstone_Model/algae_bloom_dataset\test\algae_bloom_8514.png,1
C:/Users/somal/OneDrive/Desktop/Capstone_Model/algae_bloom_dataset\test\algae_bloom_8515.png,1
C:/Users/somal/OneDrive/Desktop/Capstone_Model/algae_bloom_dataset\test\algae_bloom_8516.png,0
C:/Users/somal/OneDrive/Desktop/Capstone_Model/algae_bloom_dataset\test\algae_bloom_8517.png,1
C:/Users/somal/OneDrive/Desktop/Capstone_Model/algae_bloom_dataset\test\algae_bloom_8518.png,0
C:/Users/somal/OneDrive/Desktop/Capstone_Model/algae_bloom_dataset\test\algae_bloom_8519.png,0
C:/Users/somal/OneDrive/Desktop/Capstone_Model/algae_bloom_dataset\test\algae_bloom_8520.png,0
C:/Users/somal/OneDrive/Desktop/Capstone_Model/algae_bloom_dataset\test\algae_bloom_8521.png,0
C:/Users/somal/OneDrive/Desktop/Capstone_Model/algae_bloom_dataset\test\algae_bloom_8522.png,0
C:/Users/somal/OneDrive/Desktop/Capstone_Model/algae_bloom_dataset\test\algae_bloom_8523.png,0
C:/Users/somal/OneDrive/Desktop/Capstone_Model/algae_bloom_dataset\test\algae_bloom_8524.png,0
C:/Users/somal/OneDrive/Desktop/Capstone_Model/algae_bloom_dataset\test\algae_bloom_8525.png,0
C:/Users/somal/OneDrive/Desktop/Capstone_Model/algae_bloom_dataset\test\algae_bloom_8526.png,1
C:/Users/somal/OneDrive/Desktop/Capstone_Model/algae_bloom_dataset\test\algae_bloom_8527.png,0
C:/Users/somal/OneDrive/Desktop/Capstone_Model/algae_bloom_dataset\test\algae_bloom_8528.png,0
C:/Users/somal/OneDrive/Desktop/Capstone_Model/algae_bloom_dataset\test\algae_bloom_8529.png,0
C:/Users/somal/OneDrive/Desktop/Capstone_Model/algae_bloom_dataset\test\algae_bloom_8530.png,0
C:/Users/somal/OneDrive/Desktop/Capstone_Model/algae_bloom_dataset\test\algae_bloom_8531.png,0
C:/Users/somal/OneDrive/Desktop/Capstone_Model/algae_bloom_dataset\test\algae_bloom_8532.png,0
C:/Users/somal/OneDrive/Desktop/Capstone_Model/algae_bloom_dataset\test\algae_bloom_8533.png,0
C:/Users/somal/OneDrive/Desktop/Capstone_Model/algae_bloom_dataset\test\algae_bloom_8534.png,0
C:/Users/somal/OneDrive/Desktop/Capstone_Model/algae_bloom_dataset\test\algae_bloom_8535.png,0
C:/Users/somal/OneDrive/Desktop/Capstone_Model/algae_bloom_dataset\test\algae_bloom_8536.png,1
C:/Users/somal/OneDrive/Desktop/Capstone_Model/algae_bloom_dataset\test\algae_bloom_8537.png,0
C:/Users/somal/OneDrive/Desktop/Capstone_Model/algae_bloom_dataset\test\algae_bloom_8538.png,0
C:/Users/somal/OneDrive/Desktop/Capstone_Model/algae_bloom_dataset\test\algae_bloom_8539.png,1
C:/Users/somal/OneDrive/Desktop/Capstone_Model/algae_bloom_dataset\test\algae_bloom_8540.png,0
C:/Users/somal/OneDrive/Desktop/Capstone_Model/algae_bloom_dataset\test\algae_bloom_8541.png,0
C:/Users/somal/OneDrive/Desktop/Capstone_Model/algae_bloom_dataset\test\algae_bloom_8542.png,0
C:/Users/somal/OneDrive/Desktop/Capstone_Model/algae_bloom_dataset\test\algae_bloom_8543.png,0
C:/Users/somal/OneDrive/Desktop/Capstone_Model/algae_bloom_dataset\test\algae_bloom_8544.png,0
C:/Users/somal/OneDrive/Desktop/Capstone_Model/algae_bloom_dataset\test\algae_bloom_8545.png,1
C:/Users/somal/OneDrive/Desktop/Capstone_Model/algae_bloom_dataset\test\algae_bloom_8546.png,1
C:/Users/somal/OneDrive/Desktop/Capstone_Model/algae_bloom_dataset\test\algae_bloom_8547.png,1
C:/Users/somal/OneDrive/Desktop/Capstone_Model/algae_bloom_dataset\test\algae_bloom_8548.png,0
C:/Users/somal/OneDrive/Desktop/Capstone_Model/algae_bloom_dataset\test\algae_bloom_8549.png,0
C:/Users/somal/OneDrive/Desktop/Capstone_Model/algae_bloom_dataset\test\algae_bloom_8550.png,0
C:/Users/somal/OneDrive/Desktop/Capstone_Model/algae_bloom_dataset\test\algae_bloom_8551.png,0
C:/Users/somal/OneDrive/Desktop/Capstone_Model/algae_bloom_dataset\test\algae_bloom_8552.png,1
C:/Users/somal/OneDrive/Desktop/Capstone_Model/algae_bloom_dataset\test\algae_bloom_8553.png,1
C:/Users/somal/OneDrive/Desktop/Capstone_Model/algae_bloom_dataset\test\algae_bloom_8554.png,0
C:/Users/somal/OneDrive/Desktop/Capstone_Model/algae_bloom_dataset\test\algae_bloom_8555.png,0
C:/Users/somal/OneDrive/Desktop/Capstone_Model/algae_bloom_dataset\test\algae_bloom_8556.png,0
C:/Users/somal/OneDrive/Desktop/Capstone_Model/algae_bloom_dataset\test\algae_bloom_8557.png,0
C:/Users/somal/OneDrive/Desktop/Capstone_Model/algae_bloom_dataset\test\algae_bloom_8558.png,1
C:/Users/somal/OneDrive/Desktop/Capstone_Model/algae_bloom_dataset\test\algae_bloom_8559.png,0
C:/Users/somal/OneDrive/Desktop/Capstone_Model/algae_bloom_dataset\test\algae_bloom_8560.png,0
C:/Users/somal/OneDrive/Desktop/Capstone_Model/algae_bloom_dataset\test\algae_bloom_8561.png,0
C:/Users/somal/OneDrive/Desktop/Capstone_Model/algae_bloom_dataset\test\algae_bloom_8562.png,0
C:/Users/somal/OneDrive/Desktop/Capstone_Model/algae_bloom_dataset\test\algae_bloom_8563.png,1
C:/Users/somal/OneDrive/Desktop/Capstone_Model/algae_bloom_dataset\test\algae_bloom_8564.png,0
C:/Users/somal/OneDrive/Desktop/Capstone_Model/algae_bloom_dataset\test\algae_bloom_8565.png,0
C:/Users/somal/OneDrive/Desktop/Capstone_Model/algae_bloom_dataset\test\algae_bloom_8566.png,0
C:/Users/somal/OneDrive/Desktop/Capstone_Model/algae_bloom_dataset\test\algae_bloom_8567.png,0
C:/Users/somal/OneDrive/Desktop/Capstone_Model/algae_bloom_dataset\test\algae_bloom_8568.png,0
C:/Users/somal/OneDrive/Desktop/Capstone_Model/algae_bloom_dataset\test\algae_bloom_8569.png,1
C:/Users/somal/OneDrive/Desktop/Capstone_Model/algae_bloom_dataset\test\algae_bloom_8570.png,1
C:/Users/somal/OneDrive/Desktop/Capstone_Model/algae_bloom_dataset\test\algae_bloom_8571.png,1
C:/Users/somal/OneDrive/Desktop/Capstone_Model/algae_bloom_dataset\test\algae_bloom_8572.png,0
C:/Users/somal/OneDrive/Desktop/Capstone_Model/algae_bloom_dataset\test\algae_bloom_8573.png,0
C:/Users/somal/OneDrive/Desktop/Capstone_Model/algae_bloom_dataset\test\algae_bloom_8574.png,1
C:/Users/somal/OneDrive/Desktop/Capstone_Model/algae_bloom_dataset\test\algae_bloom_8575.png,1
C:/Users/somal/OneDrive/Desktop/Capstone_Model/algae_bloom_dataset\test\algae_bloom_8576.png,0
C:/Users/somal/OneDrive/Desktop/Capstone_Model/algae_bloom_dataset\test\algae_bloom_8577.png,0
C:/Users/somal/OneDrive/Desktop/Capstone_Model/algae_bloom_dataset\test\algae_bloom_8578.png,1
C:/Users/somal/OneDrive/Desktop/Capstone_Model/algae_bloom_dataset\test\algae_bloom_8579.png,1
C:/Users/somal/OneDrive/Desktop/Capstone_Model/algae_bloom_dataset\test\algae_bloom_8580.png,0
C:/Users/somal/OneDrive/Desktop/Capstone_Model/algae_bloom_dataset\test\algae_bloom_8581.png,1
C:/Users/somal/OneDrive/Desktop/Capstone_Model/algae_bloom_dataset\test\algae_bloom_8582.png,0
C:/Users/somal/OneDrive/Desktop/Capstone_Model/algae_bloom_dataset\test\algae_bloom_8583.png,0
C:/Users/somal/OneDrive/Desktop/Capstone_Model/algae_bloom_dataset\test\algae_bloom_8584.png,0
C:/Users/somal/OneDrive/Desktop/Capstone_Model/algae_bloom_dataset\test\algae_bloom_8585.png,0
C:/Users/somal/OneDrive/Desktop/Capstone_Model/algae_bloom_dataset\test\algae_bloom_8586.png,0
C:/Users/somal/OneDrive/Desktop/Capstone_Model/algae_bloom_dataset\test\algae_bloom_8587.png,0
C:/Users/somal/OneDrive/Desktop/Capstone_Model/algae_bloom_dataset\test\algae_bloom_8588.png,0
C:/Users/somal/OneDrive/Desktop/Capstone_Model/algae_bloom_dataset\test\algae_bloom_8589.png,1
C:/Users/somal/OneDrive/Desktop/Capstone_Model/algae_bloom_dataset\test\algae_bloom_8590.png,0
C:/Users/somal/OneDrive/Desktop/Capstone_Model/algae_bloom_dataset\test\algae_bloom_8591.png,1
C:/Users/somal/OneDrive/Desktop/Capstone_Model/algae_bloom_dataset\test\algae_bloom_8592.png,0
C:/Users/somal/OneDrive/Desktop/Capstone_Model/algae_bloom_dataset\test\algae_bloom_8593.png,1
C:/Users/somal/OneDrive/Desktop/Capstone_Model/algae_bloom_dataset\test\algae_bloom_8594.png,0
C:/Users/somal/OneDrive/Desktop/Capstone_Model/algae_bloom_dataset\test\algae_bloom_8595.png,1
C:/Users/somal/OneDrive/Desktop/Capstone_Model/algae_bloom_dataset\test\algae_bloom_8596.png,0
C:/Users/somal/OneDrive/Desktop/Capstone_Model/algae_bloom_dataset\test\algae_bloom_8597.png,1
C:/Users/somal/OneDrive/Desktop/Capstone_Model/algae_bloom_dataset\test\algae_bloom_8598.png,1
C:/Users/somal/OneDrive/Desktop/Capstone_Model/algae_bloom_dataset\test\algae_bloom_8599.png,1
C:/Users/somal/OneDrive/Desktop/Capstone_Model/algae_bloom_dataset\test\algae_bloom_8600.png,0
C:/Users/somal/OneDrive/Desktop/Capstone_Model/algae_bloom_dataset\test\algae_bloom_8601.png,0
C:/Users/somal/OneDrive/Desktop/Capstone_Model/algae_bloom_dataset\test\algae_bloom_8602.png,0
C:/Users/somal/OneDrive/Desktop/Capstone_Model/algae_bloom_dataset\test\algae_bloom_8603.png,1
C:/Users/somal/OneDrive/Desktop/Capstone_Model/algae_bloom_dataset\test\algae_bloom_8604.png,0
C:/Users/somal/OneDrive/Desktop/Capstone_Model/algae_bloom_dataset\test\algae_bloom_8605.png,0
C:/Users/somal/OneDrive/Desktop/Capstone_Model/algae_bloom_dataset\test\algae_bloom_8606.png,1
C:/Users/somal/OneDrive/Desktop/Capstone_Model/algae_bloom_dataset\test\algae_bloom_8607.png,0
C:/Users/somal/OneDrive/Desktop/Capstone_Model/algae_bloom_dataset\test\algae_bloom_8608.png,0
C:/Users/somal/OneDrive/Desktop/Capstone_Model/algae_bloom_dataset\test\algae_bloom_8609.png,1
C:/Users/somal/OneDrive/Desktop/Capstone_Model/algae_bloom_dataset\test\algae_bloom_8610.png,0
C:/Users/somal/OneDrive/Desktop/Capstone_Model/algae_bloom_dataset\test\algae_bloom_8611.png,0
C:/Users/somal/OneDrive/Desktop/Capstone_Model/algae_bloom_dataset\test\algae_bloom_8612.png,0
C:/Users/somal/OneDrive/Desktop/Capstone_Model/algae_bloom_dataset\test\algae_bloom_8613.png,0
C:/Users/somal/OneDrive/Desktop/Capstone_Model/algae_bloom_dataset\test\algae_bloom_8614.png,1
C:/Users/somal/OneDrive/Desktop/Capstone_Model/algae_bloom_dataset\test\algae_bloom_8615.png,0
C:/Users/somal/OneDrive/Desktop/Capstone_Model/algae_bloom_dataset\test\algae_bloom_8616.png,0
C:/Users/somal/OneDrive/Desktop/Capstone_Model/algae_bloom_dataset\test\algae_bloom_8617.png,0
C:/Users/somal/OneDrive/Desktop/Capstone_Model/algae_bloom_dataset\test\algae_bloom_8618.png,1
C:/Users/somal/OneDrive/Desktop/Capstone_Model/algae_bloom_dataset\test\algae_bloom_8619.png,1
C:/Users/somal/OneDrive/Desktop/Capstone_Model/algae_bloom_dataset\test\algae_bloom_8620.png,0
C:/Users/somal/OneDrive/Desktop/Capstone_Model/algae_bloom_dataset\test\algae_bloom_8621.png,1
C:/Users/somal/OneDrive/Desktop/Capstone_Model/algae_bloom_dataset\test\algae_bloom_8622.png,1
C:/Users/somal/OneDrive/Desktop/Capstone_Model/algae_bloom_dataset\test\algae_bloom_8623.png,1
C:/Users/somal/OneDrive/Desktop/Capstone_Model/algae_bloom_dataset\test\algae_bloom_8624.png,0
C:/Users/somal/OneDrive/Desktop/Capstone_Model/algae_bloom_dataset\test\algae_bloom_8625.png,1
C:/Users/somal/OneDrive/Desktop/Capstone_Model/algae_bloom_dataset\test\algae_bloom_8626.png,0
C:/Users/somal/OneDrive/Desktop/Capstone_Model/algae_bloom_dataset\test\algae_bloom_8627.png,0
C:/Users/somal/OneDrive/Desktop/Capstone_Model/algae_bloom_dataset\test\algae_bloom_8628.png,0
C:/Users/somal/OneDrive/Desktop/Capstone_Model/algae_bloom_dataset\test\algae_bloom_8629.png,1
C:/Users/somal/OneDrive/Desktop/Capstone_Model/algae_bloom_dataset\test\algae_bloom_8630.png,0
C:/Users/somal/OneDrive/Desktop/Capstone_Model/algae_bloom_dataset\test\algae_bloom_8631.png,0
C:/Users/somal/OneDrive/Desktop/Capstone_Model/algae_bloom_dataset\test\algae_bloom_8632.png,0
C:/Users/somal/OneDrive/Desktop/Capstone_Model/algae_bloom_dataset\test\algae_bloom_8633.png,1
C:/Users/somal/OneDrive/Desktop/Capstone_Model/algae_bloom_dataset\test\algae_bloom_8634.png,1
C:/Users/somal/OneDrive/Desktop/Capstone_Model/algae_bloom_dataset\test\algae_bloom_8635.png,1
C:/Users/somal/OneDrive/Desktop/Capstone_Model/algae_bloom_dataset\test\algae_bloom_8636.png,0
C:/Users/somal/OneDrive/Desktop/Capstone_Model/algae_bloom_dataset\test\algae_bloom_8637.png,0
C:/Users/somal/OneDrive/Desktop/Capstone_Model/algae_bloom_dataset\test\algae_bloom_8638.png,0
C:/Users/somal/OneDrive/Desktop/Capstone_Model/algae_bloom_dataset\test\algae_bloom_8639.png,1
C:/Users/somal/OneDrive/Desktop/Capstone_Model/algae_bloom_dataset\test\algae_bloom_8640.png,1
C:/Users/somal/OneDrive/Desktop/Capstone_Model/algae_bloom_dataset\test\algae_bloom_8641.png,1
C:/Users/somal/OneDrive/Desktop/Capstone_Model/algae_bloom_dataset\test\algae_bloom_8642.png,0
C:/Users/somal/OneDrive/Desktop/Capstone_Model/algae_bloom_dataset\test\algae_bloom_8643.png,0
C:/Users/somal/OneDrive/Desktop/Capstone_Model/algae_bloom_dataset\test\algae_bloom_8644.png,0
C:/Users/somal/OneDrive/Desktop/Capstone_Model/algae_bloom_dataset\test\algae_bloom_8645.png,1
C:/Users/somal/OneDrive/Desktop/Capstone_Model/algae_bloom_dataset\test\algae_bloom_8646.png,0
C:/Users/somal/OneDrive/Desktop/Capstone_Model/algae_bloom_dataset\test\algae_bloom_8647.png,0
C:/Users/somal/OneDrive/Desktop/Capstone_Model/algae_bloom_dataset\test\algae_bloom_8648.png,0
C:/Users/somal/OneDrive/Desktop/Capstone_Model/algae_bloom_dataset\test\algae_bloom_8649.png,0
C:/Users/somal/OneDrive/Desktop/Capstone_Model/algae_bloom_dataset\test\algae_bloom_8650.png,1
C:/Users/somal/OneDrive/Desktop/Capstone_Model/algae_bloom_dataset\test\algae_bloom_8651.png,0
C:/Users/somal/OneDrive/Desktop/Capstone_Model/algae_bloom_dataset\test\algae_bloom_8652.png,0
C:/Users/somal/OneDrive/Desktop/Capstone_Model/algae_bloom_dataset\test\algae_bloom_8653.png,0
C:/Users/somal/OneDrive/Desktop/Capstone_Model/algae_bloom_dataset\test\algae_bloom_8654.png,1
C:/Users/somal/OneDrive/Desktop/Capstone_Model/algae_bloom_dataset\test\algae_bloom_8655.png,1
C:/Users/somal/OneDrive/Desktop/Capstone_Model/algae_bloom_dataset\test\algae_bloom_8656.png,0
C:/Users/somal/OneDrive/Desktop/Capstone_Model/algae_bloom_dataset\test\algae_bloom_8657.png,0
C:/Users/somal/OneDrive/Desktop/Capstone_Model/algae_bloom_dataset\test\algae_bloom_8658.png,0
C:/Users/somal/OneDrive/Desktop/Capstone_Model/algae_bloom_dataset\test\algae_bloom_8659.png,0
C:/Users/somal/OneDrive/Desktop/Capstone_Model/algae_bloom_dataset\test\algae_bloom_8660.png,0
C:/Users/somal/OneDrive/Desktop/Capstone_Model/algae_bloom_dataset\test\algae_bloom_8661.png,1
C:/Users/somal/OneDrive/Desktop/Capstone_Model/algae_bloom_dataset\test\algae_bloom_8662.png,0
C:/Users/somal/OneDrive/Desktop/Capstone_Model/algae_bloom_dataset\test\algae_bloom_8663.png,0
C:/Users/somal/OneDrive/Desktop/Capstone_Model/algae_bloom_dataset\test\algae_bloom_8664.png,0
C:/Users/somal/OneDrive/Desktop/Capstone_Model/algae_bloom_dataset\test\algae_bloom_8665.png,0
C:/Users/somal/OneDrive/Desktop/Capstone_Model/algae_bloom_dataset\test\algae_bloom_8666.png,1
C:/Users/somal/OneDrive/Desktop/Capstone_Model/algae_bloom_dataset\test\algae_bloom_8667.png,0
C:/Users/somal/OneDrive/Desktop/Capstone_Model/algae_bloom_dataset\test\algae_bloom_8668.png,0
C:/Users/somal/OneDrive/Desktop/Capstone_Model/algae_bloom_dataset\test\algae_bloom_8669.png,0
C:/Users/somal/OneDrive/Desktop/Capstone_Model/algae_bloom_dataset\test\algae_bloom_8670.png,1
C:/Users/somal/OneDrive/Desktop/Capstone_Model/algae_bloom_dataset\test\algae_bloom_8671.png,1
C:/Users/somal/OneDrive/Desktop/Capstone_Model/algae_bloom_dataset\test\algae_bloom_8672.png,1
C:/Users/somal/OneDrive/Desktop/Capstone_Model/algae_bloom_dataset\test\algae_bloom_8673.png,1
C:/Users/somal/OneDrive/Desktop/Capstone_Model/algae_bloom_dataset\test\algae_bloom_8674.png,0
C:/Users/somal/OneDrive/Desktop/Capstone_Model/algae_bloom_dataset\test\algae_bloom_8675.png,0
C:/Users/somal/OneDrive/Desktop/Capstone_Model/algae_bloom_dataset\test\algae_bloom_8676.png,0
C:/Users/somal/OneDrive/Desktop/Capstone_Model/algae_bloom_dataset\test\algae_bloom_8677.png,0
C:/Users/somal/OneDrive/Desktop/Capstone_Model/algae_bloom_dataset\test\algae_bloom_8678.png,0
C:/Users/somal/OneDrive/Desktop/Capstone_Model/algae_bloom_dataset\test\algae_bloom_8679.png,1
C:/Users/somal/OneDrive/Desktop/Capstone_Model/algae_bloom_dataset\test\algae_bloom_8680.png,1
C:/Users/somal/OneDrive/Desktop/Capstone_Model/algae_bloom_dataset\test\algae_bloom_8681.png,0
C:/Users/somal/OneDrive/Desktop/Capstone_Model/algae_bloom_dataset\test\algae_bloom_8682.png,0
C:/Users/somal/OneDrive/Desktop/Capstone_Model/algae_bloom_dataset\test\algae_bloom_8683.png,0
C:/Users/somal/OneDrive/Desktop/Capstone_Model/algae_bloom_dataset\test\algae_bloom_8684.png,0
C:/Users/somal/OneDrive/Desktop/Capstone_Model/algae_bloom_dataset\test\algae_bloom_8685.png,1
C:/Users/somal/OneDrive/Desktop/Capstone_Model/algae_bloom_dataset\test\algae_bloom_8686.png,1
C:/Users/somal/OneDrive/Desktop/Capstone_Model/algae_bloom_dataset\test\algae_bloom_8687.png,0
C:/Users/somal/OneDrive/Desktop/Capstone_Model/algae_bloom_dataset\test\algae_bloom_8688.png,0
C:/Users/somal/OneDrive/Desktop/Capstone_Model/algae_bloom_dataset\test\algae_bloom_8689.png,0
C:/Users/somal/OneDrive/Desktop/Capstone_Model/algae_bloom_dataset\test\algae_bloom_8690.png,0
C:/Users/somal/OneDrive/Desktop/Capstone_Model/algae_bloom_dataset\test\algae_bloom_8691.png,0
C:/Users/somal/OneDrive/Desktop/Capstone_Model/algae_bloom_dataset\test\algae_bloom_8692.png,0
C:/Users/somal/OneDrive/Desktop/Capstone_Model/algae_bloom_dataset\test\algae_bloom_8693.png,0
C:/Users/somal/OneDrive/Desktop/Capstone_Model/algae_bloom_dataset\test\algae_bloom_8694.png,0
C:/Users/somal/OneDrive/Desktop/Capstone_Model/algae_bloom_dataset\test\algae_bloom_8695.png,0
C:/Users/somal/OneDrive/Desktop/Capstone_Model/algae_bloom_dataset\test\algae_bloom_8696.png,1
C:/Users/somal/OneDrive/Desktop/Capstone_Model/algae_bloom_dataset\test\algae_bloom_8697.png,1
C:/Users/somal/OneDrive/Desktop/Capstone_Model/algae_bloom_dataset\test\algae_bloom_8698.png,0
C:/Users/somal/OneDrive/Desktop/Capstone_Model/algae_bloom_dataset\test\algae_bloom_8699.png,0
C:/Users/somal/OneDrive/Desktop/Capstone_Model/algae_bloom_dataset\test\algae_bloom_8700.png,0
C:/Users/somal/OneDrive/Desktop/Capstone_Model/algae_bloom_dataset\test\algae_bloom_8701.png,1
C:/Users/somal/OneDrive/Desktop/Capstone_Model/algae_bloom_dataset\test\algae_bloom_8702.png,1
C:/Users/somal/OneDrive/Desktop/Capstone_Model/algae_bloom_dataset\test\algae_bloom_8703.png,1
C:/Users/somal/OneDrive/Desktop/Capstone_Model/algae_bloom_dataset\test\algae_bloom_8704.png,0
C:/Users/somal/OneDrive/Desktop/Capstone_Model/algae_bloom_dataset\test\algae_bloom_8705.png,0
C:/Users/somal/OneDrive/Desktop/Capstone_Model/algae_bloom_dataset\test\algae_bloom_8706.png,1
C:/Users/somal/OneDrive/Desktop/Capstone_Model/algae_bloom_dataset\test\algae_bloom_8707.png,0
C:/Users/somal/OneDrive/Desktop/Capstone_Model/algae_bloom_dataset\test\algae_bloom_8708.png,1
C:/Users/somal/OneDrive/Desktop/Capstone_Model/algae_bloom_dataset\test\algae_bloom_8709.png,0
C:/Users/somal/OneDrive/Desktop/Capstone_Model/algae_bloom_dataset\test\algae_bloom_8710.png,0
C:/Users/somal/OneDrive/Desktop/Capstone_Model/algae_bloom_dataset\test\algae_bloom_8711.png,0
C:/Users/somal/OneDrive/Desktop/Capstone_Model/algae_bloom_dataset\test\algae_bloom_8712.png,1
C:/Users/somal/OneDrive/Desktop/Capstone_Model/algae_bloom_dataset\test\algae_bloom_8713.png,1
C:/Users/somal/OneDrive/Desktop/Capstone_Model/algae_bloom_dataset\test\algae_bloom_8714.png,0
C:/Users/somal/OneDrive/Desktop/Capstone_Model/algae_bloom_dataset\test\algae_bloom_8715.png,0
C:/Users/somal/OneDrive/Desktop/Capstone_Model/algae_bloom_dataset\test\algae_bloom_8716.png,0
C:/Users/somal/OneDrive/Desktop/Capstone_Model/algae_bloom_dataset\test\algae_bloom_8717.png,0
C:/Users/somal/OneDrive/Desktop/Capstone_Model/algae_bloom_dataset\test\algae_bloom_8718.png,0
C:/Users/somal/OneDrive/Desktop/Capstone_Model/algae_bloom_dataset\test\algae_bloom_8719.png,1
C:/Users/somal/OneDrive/Desktop/Capstone_Model/algae_bloom_dataset\test\algae_bloom_8720.png,0
C:/Users/somal/OneDrive/Desktop/Capstone_Model/algae_bloom_dataset\test\algae_bloom_8721.png,1
C:/Users/somal/OneDrive/Desktop/Capstone_Model/algae_bloom_dataset\test\algae_bloom_8722.png,1
C:/Users/somal/OneDrive/Desktop/Capstone_Model/algae_bloom_dataset\test\algae_bloom_8723.png,0
C:/Users/somal/OneDrive/Desktop/Capstone_Model/algae_bloom_dataset\test\algae_bloom_8724.png,0
C:/Users/somal/OneDrive/Desktop/Capstone_Model/algae_bloom_dataset\test\algae_bloom_8725.png,1
C:/Users/somal/OneDrive/Desktop/Capstone_Model/algae_bloom_dataset\test\algae_bloom_8726.png,0
C:/Users/somal/OneDrive/Desktop/Capstone_Model/algae_bloom_dataset\test\algae_bloom_8727.png,0
C:/Users/somal/OneDrive/Desktop/Capstone_Model/algae_bloom_dataset\test\algae_bloom_8728.png,1
C:/Users/somal/OneDrive/Desktop/Capstone_Model/algae_bloom_dataset\test\algae_bloom_8729.png,0
C:/Users/somal/OneDrive/Desktop/Capstone_Model/algae_bloom_dataset\test\algae_bloom_8730.png,0
C:/Users/somal/OneDrive/Desktop/Capstone_Model/algae_bloom_dataset\test\algae_bloom_8731.png,0
C:/Users/somal/OneDrive/Desktop/Capstone_Model/algae_bloom_dataset\test\algae_bloom_8732.png,0
C:/Users/somal/OneDrive/Desktop/Capstone_Model/algae_bloom_dataset\test\algae_bloom_8733.png,0
C:/Users/somal/OneDrive/Desktop/Capstone_Model/algae_bloom_dataset\test\algae_bloom_8734.png,1
C:/Users/somal/OneDrive/Desktop/Capstone_Model/algae_bloom_dataset\test\algae_bloom_8735.png,0
C:/Users/somal/OneDrive/Desktop/Capstone_Model/algae_bloom_dataset\test\algae_bloom_8736.png,1
C:/Users/somal/OneDrive/Desktop/Capstone_Model/algae_bloom_dataset\test\algae_bloom_8737.png,0
C:/Users/somal/OneDrive/Desktop/Capstone_Model/algae_bloom_dataset\test\algae_bloom_8738.png,1
C:/Users/somal/OneDrive/Desktop/Capstone_Model/algae_bloom_dataset\test\algae_bloom_8739.png,1
C:/Users/somal/OneDrive/Desktop/Capstone_Model/algae_bloom_dataset\test\algae_bloom_8740.png,1
C:/Users/somal/OneDrive/Desktop/Capstone_Model/algae_bloom_dataset\test\algae_bloom_8741.png,0
C:/Users/somal/OneDrive/Desktop/Capstone_Model/algae_bloom_dataset\test\algae_bloom_8742.png,0
C:/Users/somal/OneDrive/Desktop/Capstone_Model/algae_bloom_dataset\test\algae_bloom_8743.png,0
C:/Users/somal/OneDrive/Desktop/Capstone_Model/algae_bloom_dataset\test\algae_bloom_8744.png,0
C:/Users/somal/OneDrive/Desktop/Capstone_Model/algae_bloom_dataset\test\algae_bloom_8745.png,0
C:/Users/somal/OneDrive/Desktop/Capstone_Model/algae_bloom_dataset\test\algae_bloom_8746.png,0
C:/Users/somal/OneDrive/Desktop/Capstone_Model/algae_bloom_dataset\test\algae_bloom_8747.png,0
C:/Users/somal/OneDrive/Desktop/Capstone_Model/algae_bloom_dataset\test\algae_bloom_8748.png,1
C:/Users/somal/OneDrive/Desktop/Capstone_Model/algae_bloom_dataset\test\algae_bloom_8749.png,0
C:/Users/somal/OneDrive/Desktop/Capstone_Model/algae_bloom_dataset\test\algae_bloom_8750.png,0
C:/Users/somal/OneDrive/Desktop/Capstone_Model/algae_bloom_dataset\test\algae_bloom_8751.png,1
C:/Users/somal/OneDrive/Desktop/Capstone_Model/algae_bloom_dataset\test\algae_bloom_8752.png,0
C:/Users/somal/OneDrive/Desktop/Capstone_Model/algae_bloom_dataset\test\algae_bloom_8753.png,0
C:/Users/somal/OneDrive/Desktop/Capstone_Model/algae_bloom_dataset\test\algae_bloom_8754.png,0
C:/Users/somal/OneDrive/Desktop/Capstone_Model/algae_bloom_dataset\test\algae_bloom_8755.png,0
C:/Users/somal/OneDrive/Desktop/Capstone_Model/algae_bloom_dataset\test\algae_bloom_8756.png,0
C:/Users/somal/OneDrive/Desktop/Capstone_Model/algae_bloom_dataset\test\algae_bloom_8757.png,0
C:/Users/somal/OneDrive/Desktop/Capstone_Model/algae_bloom_dataset\test\algae_bloom_8758.png,0
C:/Users/somal/OneDrive/Desktop/Capstone_Model/algae_bloom_dataset\test\algae_bloom_8759.png,0
C:/Users/somal/OneDrive/Desktop/Capstone_Model/algae_bloom_dataset\test\algae_bloom_8760.png,0
C:/Users/somal/OneDrive/Desktop/Capstone_Model/algae_bloom_dataset\test\algae_bloom_8761.png,0
C:/Users/somal/OneDrive/Desktop/Capstone_Model/algae_bloom_dataset\test\algae_bloom_8762.png,0
C:/Users/somal/OneDrive/Desktop/Capstone_Model/algae_bloom_dataset\test\algae_bloom_8763.png,0
C:/Users/somal/OneDrive/Desktop/Capstone_Model/algae_bloom_dataset\test\algae_bloom_8764.png,0
C:/Users/somal/OneDrive/Desktop/Capstone_Model/algae_bloom_dataset\test\algae_bloom_8765.png,1
C:/Users/somal/OneDrive/Desktop/Capstone_Model/algae_bloom_dataset\test\algae_bloom_8766.png,0
C:/Users/somal/OneDrive/Desktop/Capstone_Model/algae_bloom_dataset\test\algae_bloom_8767.png,0
C:/Users/somal/OneDrive/Desktop/Capstone_Model/algae_bloom_dataset\test\algae_bloom_8768.png,0
C:/Users/somal/OneDrive/Desktop/Capstone_Model/algae_bloom_dataset\test\algae_bloom_8769.png,0
C:/Users/somal/OneDrive/Desktop/Capstone_Model/algae_bloom_dataset\test\algae_bloom_8770.png,1
C:/Users/somal/OneDrive/Desktop/Capstone_Model/algae_bloom_dataset\test\algae_bloom_8771.png,0
C:/Users/somal/OneDrive/Desktop/Capstone_Model/algae_bloom_dataset\test\algae_bloom_8772.png,1
C:/Users/somal/OneDrive/Desktop/Capstone_Model/algae_bloom_dataset\test\algae_bloom_8773.png,1
C:/Users/somal/OneDrive/Desktop/Capstone_Model/algae_bloom_dataset\test\algae_bloom_8774.png,0
C:/Users/somal/OneDrive/Desktop/Capstone_Model/algae_bloom_dataset\test\algae_bloom_8775.png,0
C:/Users/somal/OneDrive/Desktop/Capstone_Model/algae_bloom_dataset\test\algae_bloom_8776.png,0
C:/Users/somal/OneDrive/Desktop/Capstone_Model/algae_bloom_dataset\test\algae_bloom_8777.png,1
C:/Users/somal/OneDrive/Desktop/Capstone_Model/algae_bloom_dataset\test\algae_bloom_8778.png,0
C:/Users/somal/OneDrive/Desktop/Capstone_Model/algae_bloom_dataset\test\algae_bloom_8779.png,0
C:/Users/somal/OneDrive/Desktop/Capstone_Model/algae_bloom_dataset\test\algae_bloom_8780.png,0
C:/Users/somal/OneDrive/Desktop/Capstone_Model/algae_bloom_dataset\test\algae_bloom_8781.png,1
C:/Users/somal/OneDrive/Desktop/Capstone_Model/algae_bloom_dataset\test\algae_bloom_8782.png,1
C:/Users/somal/OneDrive/Desktop/Capstone_Model/algae_bloom_dataset\test\algae_bloom_8783.png,0
C:/Users/somal/OneDrive/Desktop/Capstone_Model/algae_bloom_dataset\test\algae_bloom_8784.png,0
C:/Users/somal/OneDrive/Desktop/Capstone_Model/algae_bloom_dataset\test\algae_bloom_8785.png,1
C:/Users/somal/OneDrive/Desktop/Capstone_Model/algae_bloom_dataset\test\algae_bloom_8786.png,1
C:/Users/somal/OneDrive/Desktop/Capstone_Model/algae_bloom_dataset\test\algae_bloom_8787.png,0
C:/Users/somal/OneDrive/Desktop/Capstone_Model/algae_bloom_dataset\test\algae_bloom_8788.png,1
C:/Users/somal/OneDrive/Desktop/Capstone_Model/algae_bloom_dataset\test\algae_bloom_8789.png,0
C:/Users/somal/OneDrive/Desktop/Capstone_Model/algae_bloom_dataset\test\algae_bloom_8790.png,0
C:/Users/somal/OneDrive/Desktop/Capstone_Model/algae_bloom_dataset\test\algae_bloom_8791.png,0
C:/Users/somal/OneDrive/Desktop/Capstone_Model/algae_bloom_dataset\test\algae_bloom_8792.png,0
C:/Users/somal/OneDrive/Desktop/Capstone_Model/algae_bloom_dataset\test\algae_bloom_8793.png,0
C:/Users/somal/OneDrive/Desktop/Capstone_Model/algae_bloom_dataset\test\algae_bloom_8794.png,0
C:/Users/somal/OneDrive/Desktop/Capstone_Model/algae_bloom_dataset\test\algae_bloom_8795.png,1
C:/Users/somal/OneDrive/Desktop/Capstone_Model/algae_bloom_dataset\test\algae_bloom_8796.png,0
C:/Users/somal/OneDrive/Desktop/Capstone_Model/algae_bloom_dataset\test\algae_bloom_8797.png,0
C:/Users/somal/OneDrive/Desktop/Capstone_Model/algae_bloom_dataset\test\algae_bloom_8798.png,0
C:/Users/somal/OneDrive/Desktop/Capstone_Model/algae_bloom_dataset\test\algae_bloom_8799.png,0
C:/Users/somal/OneDrive/Desktop/Capstone_Model/algae_bloom_dataset\test\algae_bloom_8800.png,0
C:/Users/somal/OneDrive/Desktop/Capstone_Model/algae_bloom_dataset\test\algae_bloom_8801.png,0
C:/Users/somal/OneDrive/Desktop/Capstone_Model/algae_bloom_dataset\test\algae_bloom_8802.png,0
C:/Users/somal/OneDrive/Desktop/Capstone_Model/algae_bloom_dataset\test\algae_bloom_8803.png,0
C:/Users/somal/OneDrive/Desktop/Capstone_Model/algae_bloom_dataset\test\algae_bloom_8804.png,0
C:/Users/somal/OneDrive/Desktop/Capstone_Model/algae_bloom_dataset\test\algae_bloom_8805.png,0
C:/Users/somal/OneDrive/Desktop/Capstone_Model/algae_bloom_dataset\test\algae_bloom_8806.png,1
C:/Users/somal/OneDrive/Desktop/Capstone_Model/algae_bloom_dataset\test\algae_bloom_8807.png,0
C:/Users/somal/OneDrive/Desktop/Capstone_Model/algae_bloom_dataset\test\algae_bloom_8808.png,1
C:/Users/somal/OneDrive/Desktop/Capstone_Model/algae_bloom_dataset\test\algae_bloom_8809.png,0
C:/Users/somal/OneDrive/Desktop/Capstone_Model/algae_bloom_dataset\test\algae_bloom_8810.png,0
C:/Users/somal/OneDrive/Desktop/Capstone_Model/algae_bloom_dataset\test\algae_bloom_8811.png,0
C:/Users/somal/OneDrive/Desktop/Capstone_Model/algae_bloom_dataset\test\algae_bloom_8812.png,0
C:/Users/somal/OneDrive/Desktop/Capstone_Model/algae_bloom_dataset\test\algae_bloom_8813.png,0
C:/Users/somal/OneDrive/Desktop/Capstone_Model/algae_bloom_dataset\test\algae_bloom_8814.png,0
C:/Users/somal/OneDrive/Desktop/Capstone_Model/algae_bloom_dataset\test\algae_bloom_8815.png,0
C:/Users/somal/OneDrive/Desktop/Capstone_Model/algae_bloom_dataset\test\algae_bloom_8816.png,1
C:/Users/somal/OneDrive/Desktop/Capstone_Model/algae_bloom_dataset\test\algae_bloom_8817.png,1
C:/Users/somal/OneDrive/Desktop/Capstone_Model/algae_bloom_dataset\test\algae_bloom_8818.png,0
C:/Users/somal/OneDrive/Desktop/Capstone_Model/algae_bloom_dataset\test\algae_bloom_8819.png,0
C:/Users/somal/OneDrive/Desktop/Capstone_Model/algae_bloom_dataset\test\algae_bloom_8820.png,0
C:/Users/somal/OneDrive/Desktop/Capstone_Model/algae_bloom_dataset\test\algae_bloom_8821.png,0
C:/Users/somal/OneDrive/Desktop/Capstone_Model/algae_bloom_dataset\test\algae_bloom_8822.png,0
C:/Users/somal/OneDrive/Desktop/Capstone_Model/algae_bloom_dataset\test\algae_bloom_8823.png,0
C:/Users/somal/OneDrive/Desktop/Capstone_Model/algae_bloom_dataset\test\algae_bloom_8824.png,1
C:/Users/somal/OneDrive/Desktop/Capstone_Model/algae_bloom_dataset\test\algae_bloom_8825.png,1
C:/Users/somal/OneDrive/Desktop/Capstone_Model/algae_bloom_dataset\test\algae_bloom_8826.png,0
C:/Users/somal/OneDrive/Desktop/Capstone_Model/algae_bloom_dataset\test\algae_bloom_8827.png,0
C:/Users/somal/OneDrive/Desktop/Capstone_Model/algae_bloom_dataset\test\algae_bloom_8828.png,0
C:/Users/somal/OneDrive/Desktop/Capstone_Model/algae_bloom_dataset\test\algae_bloom_8829.png,0
C:/Users/somal/OneDrive/Desktop/Capstone_Model/algae_bloom_dataset\test\algae_bloom_8830.png,1
C:/Users/somal/OneDrive/Desktop/Capstone_Model/algae_bloom_dataset\test\algae_bloom_8831.png,0
C:/Users/somal/OneDrive/Desktop/Capstone_Model/algae_bloom_dataset\test\algae_bloom_8832.png,0
C:/Users/somal/OneDrive/Desktop/Capstone_Model/algae_bloom_dataset\test\algae_bloom_8833.png,0
C:/Users/somal/OneDrive/Desktop/Capstone_Model/algae_bloom_dataset\test\algae_bloom_8834.png,0
C:/Users/somal/OneDrive/Desktop/Capstone_Model/algae_bloom_dataset\test\algae_bloom_8835.png,0
C:/Users/somal/OneDrive/Desktop/Capstone_Model/algae_bloom_dataset\test\algae_bloom_8836.png,1
C:/Users/somal/OneDrive/Desktop/Capstone_Model/algae_bloom_dataset\test\algae_bloom_8837.png,0
C:/Users/somal/OneDrive/Desktop/Capstone_Model/algae_bloom_dataset\test\algae_bloom_8838.png,1
C:/Users/somal/OneDrive/Desktop/Capstone_Model/algae_bloom_dataset\test\algae_bloom_8839.png,0
C:/Users/somal/OneDrive/Desktop/Capstone_Model/algae_bloom_dataset\test\algae_bloom_8840.png,0
C:/Users/somal/OneDrive/Desktop/Capstone_Model/algae_bloom_dataset\test\algae_bloom_8841.png,0
C:/Users/somal/OneDrive/Desktop/Capstone_Model/algae_bloom_dataset\test\algae_bloom_8842.png,0
C:/Users/somal/OneDrive/Desktop/Capstone_Model/algae_bloom_dataset\test\algae_bloom_8843.png,0
C:/Users/somal/OneDrive/Desktop/Capstone_Model/algae_bloom_dataset\test\algae_bloom_8844.png,0
C:/Users/somal/OneDrive/Desktop/Capstone_Model/algae_bloom_dataset\test\algae_bloom_8845.png,1
C:/Users/somal/OneDrive/Desktop/Capstone_Model/algae_bloom_dataset\test\algae_bloom_8846.png,1
C:/Users/somal/OneDrive/Desktop/Capstone_Model/algae_bloom_dataset\test\algae_bloom_8847.png,0
C:/Users/somal/OneDrive/Desktop/Capstone_Model/algae_bloom_dataset\test\algae_bloom_8848.png,0
C:/Users/somal/OneDrive/Desktop/Capstone_Model/algae_bloom_dataset\test\algae_bloom_8849.png,0
C:/Users/somal/OneDrive/Desktop/Capstone_Model/algae_bloom_dataset\test\algae_bloom_8850.png,0
C:/Users/somal/OneDrive/Desktop/Capstone_Model/algae_bloom_dataset\test\algae_bloom_8851.png,0
C:/Users/somal/OneDrive/Desktop/Capstone_Model/algae_bloom_dataset\test\algae_bloom_8852.png,1
C:/Users/somal/OneDrive/Desktop/Capstone_Model/algae_bloom_dataset\test\algae_bloom_8853.png,0
C:/Users/somal/OneDrive/Desktop/Capstone_Model/algae_bloom_dataset\test\algae_bloom_8854.png,1
C:/Users/somal/OneDrive/Desktop/Capstone_Model/algae_bloom_dataset\test\algae_bloom_8855.png,0
C:/Users/somal/OneDrive/Desktop/Capstone_Model/algae_bloom_dataset\test\algae_bloom_8856.png,0
C:/Users/somal/OneDrive/Desktop/Capstone_Model/algae_bloom_dataset\test\algae_bloom_8857.png,0
C:/Users/somal/OneDrive/Desktop/Capstone_Model/algae_bloom_dataset\test\algae_bloom_8858.png,1
C:/Users/somal/OneDrive/Desktop/Capstone_Model/algae_bloom_dataset\test\algae_bloom_8859.png,0
C:/Users/somal/OneDrive/Desktop/Capstone_Model/algae_bloom_dataset\test\algae_bloom_8860.png,0
C:/Users/somal/OneDrive/Desktop/Capstone_Model/algae_bloom_dataset\test\algae_bloom_8861.png,0
C:/Users/somal/OneDrive/Desktop/Capstone_Model/algae_bloom_dataset\test\algae_bloom_8862.png,0
C:/Users/somal/OneDrive/Desktop/Capstone_Model/algae_bloom_dataset\test\algae_bloom_8863.png,0
C:/Users/somal/OneDrive/Desktop/Capstone_Model/algae_bloom_dataset\test\algae_bloom_8864.png,0
C:/Users/somal/OneDrive/Desktop/Capstone_Model/algae_bloom_dataset\test\algae_bloom_8865.png,0
C:/Users/somal/OneDrive/Desktop/Capstone_Model/algae_bloom_dataset\test\algae_bloom_8866.png,1
C:/Users/somal/OneDrive/Desktop/Capstone_Model/algae_bloom_dataset\test\algae_bloom_8867.png,0
C:/Users/somal/OneDrive/Desktop/Capstone_Model/algae_bloom_dataset\test\algae_bloom_8868.png,0
C:/Users/somal/OneDrive/Desktop/Capstone_Model/algae_bloom_dataset\test\algae_bloom_8869.png,1
C:/Users/somal/OneDrive/Desktop/Capstone_Model/algae_bloom_dataset\test\algae_bloom_8870.png,0
C:/Users/somal/OneDrive/Desktop/Capstone_Model/algae_bloom_dataset\test\algae_bloom_8871.png,1
C:/Users/somal/OneDrive/Desktop/Capstone_Model/algae_bloom_dataset\test\algae_bloom_8872.png,0
C:/Users/somal/OneDrive/Desktop/Capstone_Model/algae_bloom_dataset\test\algae_bloom_8873.png,1
C:/Users/somal/OneDrive/Desktop/Capstone_Model/algae_bloom_dataset\test\algae_bloom_8874.png,0
C:/Users/somal/OneDrive/Desktop/Capstone_Model/algae_bloom_dataset\test\algae_bloom_8875.png,0
C:/Users/somal/OneDrive/Desktop/Capstone_Model/algae_bloom_dataset\test\algae_bloom_8876.png,1
C:/Users/somal/OneDrive/Desktop/Capstone_Model/algae_bloom_dataset\test\algae_bloom_8877.png,0
C:/Users/somal/OneDrive/Desktop/Capstone_Model/algae_bloom_dataset\test\algae_bloom_8878.png,0
C:/Users/somal/OneDrive/Desktop/Capstone_Model/algae_bloom_dataset\test\algae_bloom_8879.png,0
C:/Users/somal/OneDrive/Desktop/Capstone_Model/algae_bloom_dataset\test\algae_bloom_8880.png,1
C:/Users/somal/OneDrive/Desktop/Capstone_Model/algae_bloom_dataset\test\algae_bloom_8881.png,0
C:/Users/somal/OneDrive/Desktop/Capstone_Model/algae_bloom_dataset\test\algae_bloom_8882.png,1
C:/Users/somal/OneDrive/Desktop/Capstone_Model/algae_bloom_dataset\test\algae_bloom_8883.png,1
C:/Users/somal/OneDrive/Desktop/Capstone_Model/algae_bloom_dataset\test\algae_bloom_8884.png,1
C:/Users/somal/OneDrive/Desktop/Capstone_Model/algae_bloom_dataset\test\algae_bloom_8885.png,0
C:/Users/somal/OneDrive/Desktop/Capstone_Model/algae_bloom_dataset\test\algae_bloom_8886.png,0
C:/Users/somal/OneDrive/Desktop/Capstone_Model/algae_bloom_dataset\test\algae_bloom_8887.png,0
C:/Users/somal/OneDrive/Desktop/Capstone_Model/algae_bloom_dataset\test\algae_bloom_8888.png,0
C:/Users/somal/OneDrive/Desktop/Capstone_Model/algae_bloom_dataset\test\algae_bloom_8889.png,0
C:/Users/somal/OneDrive/Desktop/Capstone_Model/algae_bloom_dataset\test\algae_bloom_8890.png,0
C:/Users/somal/OneDrive/Desktop/Capstone_Model/algae_bloom_dataset\test\algae_bloom_8891.png,0
C:/Users/somal/OneDrive/Desktop/Capstone_Model/algae_bloom_dataset\test\algae_bloom_8892.png,0
C:/Users/somal/OneDrive/Desktop/Capstone_Model/algae_bloom_dataset\test\algae_bloom_8893.png,1
C:/Users/somal/OneDrive/Desktop/Capstone_Model/algae_bloom_dataset\test\algae_bloom_8894.png,0
C:/Users/somal/OneDrive/Desktop/Capstone_Model/algae_bloom_dataset\test\algae_bloom_8895.png,1
C:/Users/somal/OneDrive/Desktop/Capstone_Model/algae_bloom_dataset\test\algae_bloom_8896.png,0
C:/Users/somal/OneDrive/Desktop/Capstone_Model/algae_bloom_dataset\test\algae_bloom_8897.png,1
C:/Users/somal/OneDrive/Desktop/Capstone_Model/algae_bloom_dataset\test\algae_bloom_8898.png,1
C:/Users/somal/OneDrive/Desktop/Capstone_Model/algae_bloom_dataset\test\algae_bloom_8899.png,0
C:/Users/somal/OneDrive/Desktop/Capstone_Model/algae_bloom_dataset\test\algae_bloom_8900.png,0
C:/Users/somal/OneDrive/Desktop/Capstone_Model/algae_bloom_dataset\test\algae_bloom_8901.png,0
C:/Users/somal/OneDrive/Desktop/Capstone_Model/algae_bloom_dataset\test\algae_bloom_8902.png,0
C:/Users/somal/OneDrive/Desktop/Capstone_Model/algae_bloom_dataset\test\algae_bloom_8903.png,0
C:/Users/somal/OneDrive/Desktop/Capstone_Model/algae_bloom_dataset\test\algae_bloom_8904.png,0
C:/Users/somal/OneDrive/Desktop/Capstone_Model/algae_bloom_dataset\test\algae_bloom_8905.png,1
C:/Users/somal/OneDrive/Desktop/Capstone_Model/algae_bloom_dataset\test\algae_bloom_8906.png,0
C:/Users/somal/OneDrive/Desktop/Capstone_Model/algae_bloom_dataset\test\algae_bloom_8907.png,0
C:/Users/somal/OneDrive/Desktop/Capstone_Model/algae_bloom_dataset\test\algae_bloom_8908.png,0
C:/Users/somal/OneDrive/Desktop/Capstone_Model/algae_bloom_dataset\test\algae_bloom_8909.png,0
C:/Users/somal/OneDrive/Desktop/Capstone_Model/algae_bloom_dataset\test\algae_bloom_8910.png,0
C:/Users/somal/OneDrive/Desktop/Capstone_Model/algae_bloom_dataset\test\algae_bloom_8911.png,0
C:/Users/somal/OneDrive/Desktop/Capstone_Model/algae_bloom_dataset\test\algae_bloom_8912.png,0
C:/Users/somal/OneDrive/Desktop/Capstone_Model/algae_bloom_dataset\test\algae_bloom_8913.png,0
C:/Users/somal/OneDrive/Desktop/Capstone_Model/algae_bloom_dataset\test\algae_bloom_8914.png,0
C:/Users/somal/OneDrive/Desktop/Capstone_Model/algae_bloom_dataset\test\algae_bloom_8915.png,0
C:/Users/somal/OneDrive/Desktop/Capstone_Model/algae_bloom_dataset\test\algae_bloom_8916.png,0
C:/Users/somal/OneDrive/Desktop/Capstone_Model/algae_bloom_dataset\test\algae_bloom_8917.png,1
C:/Users/somal/OneDrive/Desktop/Capstone_Model/algae_bloom_dataset\test\algae_bloom_8918.png,0
C:/Users/somal/OneDrive/Desktop/Capstone_Model/algae_bloom_dataset\test\algae_bloom_8919.png,0
C:/Users/somal/OneDrive/Desktop/Capstone_Model/algae_bloom_dataset\test\algae_bloom_8920.png,0
C:/Users/somal/OneDrive/Desktop/Capstone_Model/algae_bloom_dataset\test\algae_bloom_8921.png,0
C:/Users/somal/OneDrive/Desktop/Capstone_Model/algae_bloom_dataset\test\algae_bloom_8922.png,0
C:/Users/somal/OneDrive/Desktop/Capstone_Model/algae_bloom_dataset\test\algae_bloom_8923.png,1
C:/Users/somal/OneDrive/Desktop/Capstone_Model/algae_bloom_dataset\test\algae_bloom_8924.png,0
C:/Users/somal/OneDrive/Desktop/Capstone_Model/algae_bloom_dataset\test\algae_bloom_8925.png,1
C:/Users/somal/OneDrive/Desktop/Capstone_Model/algae_bloom_dataset\test\algae_bloom_8926.png,1
C:/Users/somal/OneDrive/Desktop/Capstone_Model/algae_bloom_dataset\test\algae_bloom_8927.png,0
C:/Users/somal/OneDrive/Desktop/Capstone_Model/algae_bloom_dataset\test\algae_bloom_8928.png,1
C:/Users/somal/OneDrive/Desktop/Capstone_Model/algae_bloom_dataset\test\algae_bloom_8929.png,1
C:/Users/somal/OneDrive/Desktop/Capstone_Model/algae_bloom_dataset\test\algae_bloom_8930.png,1
C:/Users/somal/OneDrive/Desktop/Capstone_Model/algae_bloom_dataset\test\algae_bloom_8931.png,0
C:/Users/somal/OneDrive/Desktop/Capstone_Model/algae_bloom_dataset\test\algae_bloom_8932.png,1
C:/Users/somal/OneDrive/Desktop/Capstone_Model/algae_bloom_dataset\test\algae_bloom_8933.png,0
C:/Users/somal/OneDrive/Desktop/Capstone_Model/algae_bloom_dataset\test\algae_bloom_8934.png,0
C:/Users/somal/OneDrive/Desktop/Capstone_Model/algae_bloom_dataset\test\algae_bloom_8935.png,0
C:/Users/somal/OneDrive/Desktop/Capstone_Model/algae_bloom_dataset\test\algae_bloom_8936.png,1
C:/Users/somal/OneDrive/Desktop/Capstone_Model/algae_bloom_dataset\test\algae_bloom_8937.png,0
C:/Users/somal/OneDrive/Desktop/Capstone_Model/algae_bloom_dataset\test\algae_bloom_8938.png,0
C:/Users/somal/OneDrive/Desktop/Capstone_Model/algae_bloom_dataset\test\algae_bloom_8939.png,0
C:/Users/somal/OneDrive/Desktop/Capstone_Model/algae_bloom_dataset\test\algae_bloom_8940.png,0
C:/Users/somal/OneDrive/Desktop/Capstone_Model/algae_bloom_dataset\test\algae_bloom_8941.png,0
C:/Users/somal/OneDrive/Desktop/Capstone_Model/algae_bloom_dataset\test\algae_bloom_8942.png,1
C:/Users/somal/OneDrive/Desktop/Capstone_Model/algae_bloom_dataset\test\algae_bloom_8943.png,0
C:/Users/somal/OneDrive/Desktop/Capstone_Model/algae_bloom_dataset\test\algae_bloom_8944.png,0
C:/Users/somal/OneDrive/Desktop/Capstone_Model/algae_bloom_dataset\test\algae_bloom_8945.png,0
C:/Users/somal/OneDrive/Desktop/Capstone_Model/algae_bloom_dataset\test\algae_bloom_8946.png,0
C:/Users/somal/OneDrive/Desktop/Capstone_Model/algae_bloom_dataset\test\algae_bloom_8947.png,0
C:/Users/somal/OneDrive/Desktop/Capstone_Model/algae_bloom_dataset\test\algae_bloom_8948.png,0
C:/Users/somal/OneDrive/Desktop/Capstone_Model/algae_bloom_dataset\test\algae_bloom_8949.png,0
C:/Users/somal/OneDrive/Desktop/Capstone_Model/algae_bloom_dataset\test\algae_bloom_8950.png,1
C:/Users/somal/OneDrive/Desktop/Capstone_Model/algae_bloom_dataset\test\algae_bloom_8951.png,0
C:/Users/somal/OneDrive/Desktop/Capstone_Model/algae_bloom_dataset\test\algae_bloom_8952.png,1
C:/Users/somal/OneDrive/Desktop/Capstone_Model/algae_bloom_dataset\test\algae_bloom_8953.png,0
C:/Users/somal/OneDrive/Desktop/Capstone_Model/algae_bloom_dataset\test\algae_bloom_8954.png,1
C:/Users/somal/OneDrive/Desktop/Capstone_Model/algae_bloom_dataset\test\algae_bloom_8955.png,0
C:/Users/somal/OneDrive/Desktop/Capstone_Model/algae_bloom_dataset\test\algae_bloom_8956.png,0
C:/Users/somal/OneDrive/Desktop/Capstone_Model/algae_bloom_dataset\test\algae_bloom_8957.png,0
C:/Users/somal/OneDrive/Desktop/Capstone_Model/algae_bloom_dataset\test\algae_bloom_8958.png,0
C:/Users/somal/OneDrive/Desktop/Capstone_Model/algae_bloom_dataset\test\algae_bloom_8959.png,0
C:/Users/somal/OneDrive/Desktop/Capstone_Model/algae_bloom_dataset\test\algae_bloom_8960.png,0
C:/Users/somal/OneDrive/Desktop/Capstone_Model/algae_bloom_dataset\test\algae_bloom_8961.png,0
C:/Users/somal/OneDrive/Desktop/Capstone_Model/algae_bloom_dataset\test\algae_bloom_8962.png,1
C:/Users/somal/OneDrive/Desktop/Capstone_Model/algae_bloom_dataset\test\algae_bloom_8963.png,1
C:/Users/somal/OneDrive/Desktop/Capstone_Model/algae_bloom_dataset\test\algae_bloom_8964.png,1
C:/Users/somal/OneDrive/Desktop/Capstone_Model/algae_bloom_dataset\test\algae_bloom_8965.png,0
C:/Users/somal/OneDrive/Desktop/Capstone_Model/algae_bloom_dataset\test\algae_bloom_8966.png,1
C:/Users/somal/OneDrive/Desktop/Capstone_Model/algae_bloom_dataset\test\algae_bloom_8967.png,0
C:/Users/somal/OneDrive/Desktop/Capstone_Model/algae_bloom_dataset\test\algae_bloom_8968.png,0
C:/Users/somal/OneDrive/Desktop/Capstone_Model/algae_bloom_dataset\test\algae_bloom_8969.png,0
C:/Users/somal/OneDrive/Desktop/Capstone_Model/algae_bloom_dataset\test\algae_bloom_8970.png,0
C:/Users/somal/OneDrive/Desktop/Capstone_Model/algae_bloom_dataset\test\algae_bloom_8971.png,1
C:/Users/somal/OneDrive/Desktop/Capstone_Model/algae_bloom_dataset\test\algae_bloom_8972.png,0
C:/Users/somal/OneDrive/Desktop/Capstone_Model/algae_bloom_dataset\test\algae_bloom_8973.png,0
C:/Users/somal/OneDrive/Desktop/Capstone_Model/algae_bloom_dataset\test\algae_bloom_8974.png,1
C:/Users/somal/OneDrive/Desktop/Capstone_Model/algae_bloom_dataset\test\algae_bloom_8975.png,0
C:/Users/somal/OneDrive/Desktop/Capstone_Model/algae_bloom_dataset\test\algae_bloom_8976.png,0
C:/Users/somal/OneDrive/Desktop/Capstone_Model/algae_bloom_dataset\test\algae_bloom_8977.png,1
C:/Users/somal/OneDrive/Desktop/Capstone_Model/algae_bloom_dataset\test\algae_bloom_8978.png,0
C:/Users/somal/OneDrive/Desktop/Capstone_Model/algae_bloom_dataset\test\algae_bloom_8979.png,0
C:/Users/somal/OneDrive/Desktop/Capstone_Model/algae_bloom_dataset\test\algae_bloom_8980.png,1
C:/Users/somal/OneDrive/Desktop/Capstone_Model/algae_bloom_dataset\test\algae_bloom_8981.png,0
C:/Users/somal/OneDrive/Desktop/Capstone_Model/algae_bloom_dataset\test\algae_bloom_8982.png,0
C:/Users/somal/OneDrive/Desktop/Capstone_Model/algae_bloom_dataset\test\algae_bloom_8983.png,1
C:/Users/somal/OneDrive/Desktop/Capstone_Model/algae_bloom_dataset\test\algae_bloom_8984.png,0
C:/Users/somal/OneDrive/Desktop/Capstone_Model/algae_bloom_dataset\test\algae_bloom_8985.png,0
C:/Users/somal/OneDrive/Desktop/Capstone_Model/algae_bloom_dataset\test\algae_bloom_8986.png,0
C:/Users/somal/OneDrive/Desktop/Capstone_Model/algae_bloom_dataset\test\algae_bloom_8987.png,0
C:/Users/somal/OneDrive/Desktop/Capstone_Model/algae_bloom_dataset\test\algae_bloom_8988.png,0
C:/Users/somal/OneDrive/Desktop/Capstone_Model/algae_bloom_dataset\test\algae_bloom_8989.png,0
C:/Users/somal/OneDrive/Desktop/Capstone_Model/algae_bloom_dataset\test\algae_bloom_8990.png,1
C:/Users/somal/OneDrive/Desktop/Capstone_Model/algae_bloom_dataset\test\algae_bloom_8991.png,1
C:/Users/somal/OneDrive/Desktop/Capstone_Model/algae_bloom_dataset\test\algae_bloom_8992.png,0
C:/Users/somal/OneDrive/Desktop/Capstone_Model/algae_bloom_dataset\test\algae_bloom_8993.png,1
C:/Users/somal/OneDrive/Desktop/Capstone_Model/algae_bloom_dataset\test\algae_bloom_8994.png,0
C:/Users/somal/OneDrive/Desktop/Capstone_Model/algae_bloom_dataset\test\algae_bloom_8995.png,0
C:/Users/somal/OneDrive/Desktop/Capstone_Model/algae_bloom_dataset\test\algae_bloom_8996.png,0
C:/Users/somal/OneDrive/Desktop/Capstone_Model/algae_bloom_dataset\test\algae_bloom_8997.png,0
C:/Users/somal/OneDrive/Desktop/Capstone_Model/algae_bloom_dataset\test\algae_bloom_8998.png,1
C:/Users/somal/OneDrive/Desktop/Capstone_Model/algae_bloom_dataset\test\algae_bloom_8999.png,1
C:/Users/somal/OneDrive/Desktop/Capstone_Model/algae_bloom_dataset\val\algae_bloom_9000.png,1
C:/Users/somal/OneDrive/Desktop/Capstone_Model/algae_bloom_dataset\val\algae_bloom_9001.png,0
C:/Users/somal/OneDrive/Desktop/Capstone_Model/algae_bloom_dataset\val\algae_bloom_9002.png,0
C:/Users/somal/OneDrive/Desktop/Capstone_Model/algae_bloom_dataset\val\algae_bloom_9003.png,0
C:/Users/somal/OneDrive/Desktop/Capstone_Model/algae_bloom_dataset\val\algae_bloom_9004.png,0
C:/Users/somal/OneDrive/Desktop/Capstone_Model/algae_bloom_dataset\val\algae_bloom_9005.png,0
C:/Users/somal/OneDrive/Desktop/Capstone_Model/algae_bloom_dataset\val\algae_bloom_9006.png,0
C:/Users/somal/OneDrive/Desktop/Capstone_Model/algae_bloom_dataset\val\algae_bloom_9007.png,0
C:/Users/somal/OneDrive/Desktop/Capstone_Model/algae_bloom_dataset\val\algae_bloom_9008.png,1
C:/Users/somal/OneDrive/Desktop/Capstone_Model/algae_bloom_dataset\val\algae_bloom_9009.png,0
C:/Users/somal/OneDrive/Desktop/Capstone_Model/algae_bloom_dataset\val\algae_bloom_9010.png,1
C:/Users/somal/OneDrive/Desktop/Capstone_Model/algae_bloom_dataset\val\algae_bloom_9011.png,1
C:/Users/somal/OneDrive/Desktop/Capstone_Model/algae_bloom_dataset\val\algae_bloom_9012.png,0
C:/Users/somal/OneDrive/Desktop/Capstone_Model/algae_bloom_dataset\val\algae_bloom_9013.png,0
C:/Users/somal/OneDrive/Desktop/Capstone_Model/algae_bloom_dataset\val\algae_bloom_9014.png,1
C:/Users/somal/OneDrive/Desktop/Capstone_Model/algae_bloom_dataset\val\algae_bloom_9015.png,1
C:/Users/somal/OneDrive/Desktop/Capstone_Model/algae_bloom_dataset\val\algae_bloom_9016.png,0
C:/Users/somal/OneDrive/Desktop/Capstone_Model/algae_bloom_dataset\val\algae_bloom_9017.png,0
C:/Users/somal/OneDrive/Desktop/Capstone_Model/algae_bloom_dataset\val\algae_bloom_9018.png,0
C:/Users/somal/OneDrive/Desktop/Capstone_Model/algae_bloom_dataset\val\algae_bloom_9019.png,1
C:/Users/somal/OneDrive/Desktop/Capstone_Model/algae_bloom_dataset\val\algae_bloom_9020.png,0
C:/Users/somal/OneDrive/Desktop/Capstone_Model/algae_bloom_dataset\val\algae_bloom_9021.png,0
C:/Users/somal/OneDrive/Desktop/Capstone_Model/algae_bloom_dataset\val\algae_bloom_9022.png,0
C:/Users/somal/OneDrive/Desktop/Capstone_Model/algae_bloom_dataset\val\algae_bloom_9023.png,0
C:/Users/somal/OneDrive/Desktop/Capstone_Model/algae_bloom_dataset\val\algae_bloom_9024.png,1
C:/Users/somal/OneDrive/Desktop/Capstone_Model/algae_bloom_dataset\val\algae_bloom_9025.png,0
C:/Users/somal/OneDrive/Desktop/Capstone_Model/algae_bloom_dataset\val\algae_bloom_9026.png,0
C:/Users/somal/OneDrive/Desktop/Capstone_Model/algae_bloom_dataset\val\algae_bloom_9027.png,1
C:/Users/somal/OneDrive/Desktop/Capstone_Model/algae_bloom_dataset\val\algae_bloom_9028.png,1
C:/Users/somal/OneDrive/Desktop/Capstone_Model/algae_bloom_dataset\val\algae_bloom_9029.png,1
C:/Users/somal/OneDrive/Desktop/Capstone_Model/algae_bloom_dataset\val\algae_bloom_9030.png,1
C:/Users/somal/OneDrive/Desktop/Capstone_Model/algae_bloom_dataset\val\algae_bloom_9031.png,0
C:/Users/somal/OneDrive/Desktop/Capstone_Model/algae_bloom_dataset\val\algae_bloom_9032.png,1
C:/Users/somal/OneDrive/Desktop/Capstone_Model/algae_bloom_dataset\val\algae_bloom_9033.png,0
C:/Users/somal/OneDrive/Desktop/Capstone_Model/algae_bloom_dataset\val\algae_bloom_9034.png,1
C:/Users/somal/OneDrive/Desktop/Capstone_Model/algae_bloom_dataset\val\algae_bloom_9035.png,0
C:/Users/somal/OneDrive/Desktop/Capstone_Model/algae_bloom_dataset\val\algae_bloom_9036.png,0
C:/Users/somal/OneDrive/Desktop/Capstone_Model/algae_bloom_dataset\val\algae_bloom_9037.png,0
C:/Users/somal/OneDrive/Desktop/Capstone_Model/algae_bloom_dataset\val\algae_bloom_9038.png,0
C:/Users/somal/OneDrive/Desktop/Capstone_Model/algae_bloom_dataset\val\algae_bloom_9039.png,0
C:/Users/somal/OneDrive/Desktop/Capstone_Model/algae_bloom_dataset\val\algae_bloom_9040.png,1
C:/Users/somal/OneDrive/Desktop/Capstone_Model/algae_bloom_dataset\val\algae_bloom_9041.png,1
C:/Users/somal/OneDrive/Desktop/Capstone_Model/algae_bloom_dataset\val\algae_bloom_9042.png,1
C:/Users/somal/OneDrive/Desktop/Capstone_Model/algae_bloom_dataset\val\algae_bloom_9043.png,0
C:/Users/somal/OneDrive/Desktop/Capstone_Model/algae_bloom_dataset\val\algae_bloom_9044.png,1
C:/Users/somal/OneDrive/Desktop/Capstone_Model/algae_bloom_dataset\val\algae_bloom_9045.png,1
C:/Users/somal/OneDrive/Desktop/Capstone_Model/algae_bloom_dataset\val\algae_bloom_9046.png,1
C:/Users/somal/OneDrive/Desktop/Capstone_Model/algae_bloom_dataset\val\algae_bloom_9047.png,1
C:/Users/somal/OneDrive/Desktop/Capstone_Model/algae_bloom_dataset\val\algae_bloom_9048.png,0
C:/Users/somal/OneDrive/Desktop/Capstone_Model/algae_bloom_dataset\val\algae_bloom_9049.png,0
C:/Users/somal/OneDrive/Desktop/Capstone_Model/algae_bloom_dataset\val\algae_bloom_9050.png,1
C:/Users/somal/OneDrive/Desktop/Capstone_Model/algae_bloom_dataset\val\algae_bloom_9051.png,0
C:/Users/somal/OneDrive/Desktop/Capstone_Model/algae_bloom_dataset\val\algae_bloom_9052.png,1
C:/Users/somal/OneDrive/Desktop/Capstone_Model/algae_bloom_dataset\val\algae_bloom_9053.png,1
C:/Users/somal/OneDrive/Desktop/Capstone_Model/algae_bloom_dataset\val\algae_bloom_9054.png,1
C:/Users/somal/OneDrive/Desktop/Capstone_Model/algae_bloom_dataset\val\algae_bloom_9055.png,1
C:/Users/somal/OneDrive/Desktop/Capstone_Model/algae_bloom_dataset\val\algae_bloom_9056.png,1
C:/Users/somal/OneDrive/Desktop/Capstone_Model/algae_bloom_dataset\val\algae_bloom_9057.png,0
C:/Users/somal/OneDrive/Desktop/Capstone_Model/algae_bloom_dataset\val\algae_bloom_9058.png,1
C:/Users/somal/OneDrive/Desktop/Capstone_Model/algae_bloom_dataset\val\algae_bloom_9059.png,0
C:/Users/somal/OneDrive/Desktop/Capstone_Model/algae_bloom_dataset\val\algae_bloom_9060.png,0
C:/Users/somal/OneDrive/Desktop/Capstone_Model/algae_bloom_dataset\val\algae_bloom_9061.png,1
C:/Users/somal/OneDrive/Desktop/Capstone_Model/algae_bloom_dataset\val\algae_bloom_9062.png,1
C:/Users/somal/OneDrive/Desktop/Capstone_Model/algae_bloom_dataset\val\algae_bloom_9063.png,1
C:/Users/somal/OneDrive/Desktop/Capstone_Model/algae_bloom_dataset\val\algae_bloom_9064.png,1
C:/Users/somal/OneDrive/Desktop/Capstone_Model/algae_bloom_dataset\val\algae_bloom_9065.png,0
C:/Users/somal/OneDrive/Desktop/Capstone_Model/algae_bloom_dataset\val\algae_bloom_9066.png,0
C:/Users/somal/OneDrive/Desktop/Capstone_Model/algae_bloom_dataset\val\algae_bloom_9067.png,0
C:/Users/somal/OneDrive/Desktop/Capstone_Model/algae_bloom_dataset\val\algae_bloom_9068.png,1
C:/Users/somal/OneDrive/Desktop/Capstone_Model/algae_bloom_dataset\val\algae_bloom_9069.png,0
C:/Users/somal/OneDrive/Desktop/Capstone_Model/algae_bloom_dataset\val\algae_bloom_9070.png,0
C:/Users/somal/OneDrive/Desktop/Capstone_Model/algae_bloom_dataset\val\algae_bloom_9071.png,1
C:/Users/somal/OneDrive/Desktop/Capstone_Model/algae_bloom_dataset\val\algae_bloom_9072.png,0
C:/Users/somal/OneDrive/Desktop/Capstone_Model/algae_bloom_dataset\val\algae_bloom_9073.png,0
C:/Users/somal/OneDrive/Desktop/Capstone_Model/algae_bloom_dataset\val\algae_bloom_9074.png,0
C:/Users/somal/OneDrive/Desktop/Capstone_Model/algae_bloom_dataset\val\algae_bloom_9075.png,0
C:/Users/somal/OneDrive/Desktop/Capstone_Model/algae_bloom_dataset\val\algae_bloom_9076.png,1
C:/Users/somal/OneDrive/Desktop/Capstone_Model/algae_bloom_dataset\val\algae_bloom_9077.png,0
C:/Users/somal/OneDrive/Desktop/Capstone_Model/algae_bloom_dataset\val\algae_bloom_9078.png,1
C:/Users/somal/OneDrive/Desktop/Capstone_Model/algae_bloom_dataset\val\algae_bloom_9079.png,0
C:/Users/somal/OneDrive/Desktop/Capstone_Model/algae_bloom_dataset\val\algae_bloom_9080.png,1
C:/Users/somal/OneDrive/Desktop/Capstone_Model/algae_bloom_dataset\val\algae_bloom_9081.png,0
C:/Users/somal/OneDrive/Desktop/Capstone_Model/algae_bloom_dataset\val\algae_bloom_9082.png,0
C:/Users/somal/OneDrive/Desktop/Capstone_Model/algae_bloom_dataset\val\algae_bloom_9083.png,1
C:/Users/somal/OneDrive/Desktop/Capstone_Model/algae_bloom_dataset\val\algae_bloom_9084.png,1
C:/Users/somal/OneDrive/Desktop/Capstone_Model/algae_bloom_dataset\val\algae_bloom_9085.png,1
C:/Users/somal/OneDrive/Desktop/Capstone_Model/algae_bloom_dataset\val\algae_bloom_9086.png,1
C:/Users/somal/OneDrive/Desktop/Capstone_Model/algae_bloom_dataset\val\algae_bloom_9087.png,0
C:/Users/somal/OneDrive/Desktop/Capstone_Model/algae_bloom_dataset\val\algae_bloom_9088.png,0
C:/Users/somal/OneDrive/Desktop/Capstone_Model/algae_bloom_dataset\val\algae_bloom_9089.png,0
C:/Users/somal/OneDrive/Desktop/Capstone_Model/algae_bloom_dataset\val\algae_bloom_9090.png,0
C:/Users/somal/OneDrive/Desktop/Capstone_Model/algae_bloom_dataset\val\algae_bloom_9091.png,0
C:/Users/somal/OneDrive/Desktop/Capstone_Model/algae_bloom_dataset\val\algae_bloom_9092.png,0
C:/Users/somal/OneDrive/Desktop/Capstone_Model/algae_bloom_dataset\val\algae_bloom_9093.png,0
C:/Users/somal/OneDrive/Desktop/Capstone_Model/algae_bloom_dataset\val\algae_bloom_9094.png,1
C:/Users/somal/OneDrive/Desktop/Capstone_Model/algae_bloom_dataset\val\algae_bloom_9095.png,1
C:/Users/somal/OneDrive/Desktop/Capstone_Model/algae_bloom_dataset\val\algae_bloom_9096.png,1
C:/Users/somal/OneDrive/Desktop/Capstone_Model/algae_bloom_dataset\val\algae_bloom_9097.png,1
C:/Users/somal/OneDrive/Desktop/Capstone_Model/algae_bloom_dataset\val\algae_bloom_9098.png,0
C:/Users/somal/OneDrive/Desktop/Capstone_Model/algae_bloom_dataset\val\algae_bloom_9099.png,1
C:/Users/somal/OneDrive/Desktop/Capstone_Model/algae_bloom_dataset\val\algae_bloom_9100.png,0
C:/Users/somal/OneDrive/Desktop/Capstone_Model/algae_bloom_dataset\val\algae_bloom_9101.png,0
C:/Users/somal/OneDrive/Desktop/Capstone_Model/algae_bloom_dataset\val\algae_bloom_9102.png,0
C:/Users/somal/OneDrive/Desktop/Capstone_Model/algae_bloom_dataset\val\algae_bloom_9103.png,1
C:/Users/somal/OneDrive/Desktop/Capstone_Model/algae_bloom_dataset\val\algae_bloom_9104.png,1
C:/Users/somal/OneDrive/Desktop/Capstone_Model/algae_bloom_dataset\val\algae_bloom_9105.png,0
C:/Users/somal/OneDrive/Desktop/Capstone_Model/algae_bloom_dataset\val\algae_bloom_9106.png,0
C:/Users/somal/OneDrive/Desktop/Capstone_Model/algae_bloom_dataset\val\algae_bloom_9107.png,0
C:/Users/somal/OneDrive/Desktop/Capstone_Model/algae_bloom_dataset\val\algae_bloom_9108.png,1
C:/Users/somal/OneDrive/Desktop/Capstone_Model/algae_bloom_dataset\val\algae_bloom_9109.png,0
C:/Users/somal/OneDrive/Desktop/Capstone_Model/algae_bloom_dataset\val\algae_bloom_9110.png,0
C:/Users/somal/OneDrive/Desktop/Capstone_Model/algae_bloom_dataset\val\algae_bloom_9111.png,1
C:/Users/somal/OneDrive/Desktop/Capstone_Model/algae_bloom_dataset\val\algae_bloom_9112.png,1
C:/Users/somal/OneDrive/Desktop/Capstone_Model/algae_bloom_dataset\val\algae_bloom_9113.png,0
C:/Users/somal/OneDrive/Desktop/Capstone_Model/algae_bloom_dataset\val\algae_bloom_9114.png,0
C:/Users/somal/OneDrive/Desktop/Capstone_Model/algae_bloom_dataset\val\algae_bloom_9115.png,0
C:/Users/somal/OneDrive/Desktop/Capstone_Model/algae_bloom_dataset\val\algae_bloom_9116.png,0
C:/Users/somal/OneDrive/Desktop/Capstone_Model/algae_bloom_dataset\val\algae_bloom_9117.png,0
C:/Users/somal/OneDrive/Desktop/Capstone_Model/algae_bloom_dataset\val\algae_bloom_9118.png,0
C:/Users/somal/OneDrive/Desktop/Capstone_Model/algae_bloom_dataset\val\algae_bloom_9119.png,0
C:/Users/somal/OneDrive/Desktop/Capstone_Model/algae_bloom_dataset\val\algae_bloom_9120.png,0
C:/Users/somal/OneDrive/Desktop/Capstone_Model/algae_bloom_dataset\val\algae_bloom_9121.png,0
C:/Users/somal/OneDrive/Desktop/Capstone_Model/algae_bloom_dataset\val\algae_bloom_9122.png,1
C:/Users/somal/OneDrive/Desktop/Capstone_Model/algae_bloom_dataset\val\algae_bloom_9123.png,0
C:/Users/somal/OneDrive/Desktop/Capstone_Model/algae_bloom_dataset\val\algae_bloom_9124.png,1
C:/Users/somal/OneDrive/Desktop/Capstone_Model/algae_bloom_dataset\val\algae_bloom_9125.png,0
C:/Users/somal/OneDrive/Desktop/Capstone_Model/algae_bloom_dataset\val\algae_bloom_9126.png,0
C:/Users/somal/OneDrive/Desktop/Capstone_Model/algae_bloom_dataset\val\algae_bloom_9127.png,0
C:/Users/somal/OneDrive/Desktop/Capstone_Model/algae_bloom_dataset\val\algae_bloom_9128.png,0
C:/Users/somal/OneDrive/Desktop/Capstone_Model/algae_bloom_dataset\val\algae_bloom_9129.png,0
C:/Users/somal/OneDrive/Desktop/Capstone_Model/algae_bloom_dataset\val\algae_bloom_9130.png,0
C:/Users/somal/OneDrive/Desktop/Capstone_Model/algae_bloom_dataset\val\algae_bloom_9131.png,1
C:/Users/somal/OneDrive/Desktop/Capstone_Model/algae_bloom_dataset\val\algae_bloom_9132.png,0
C:/Users/somal/OneDrive/Desktop/Capstone_Model/algae_bloom_dataset\val\algae_bloom_9133.png,0
C:/Users/somal/OneDrive/Desktop/Capstone_Model/algae_bloom_dataset\val\algae_bloom_9134.png,1
C:/Users/somal/OneDrive/Desktop/Capstone_Model/algae_bloom_dataset\val\algae_bloom_9135.png,0
C:/Users/somal/OneDrive/Desktop/Capstone_Model/algae_bloom_dataset\val\algae_bloom_9136.png,1
C:/Users/somal/OneDrive/Desktop/Capstone_Model/algae_bloom_dataset\val\algae_bloom_9137.png,0
C:/Users/somal/OneDrive/Desktop/Capstone_Model/algae_bloom_dataset\val\algae_bloom_9138.png,0
C:/Users/somal/OneDrive/Desktop/Capstone_Model/algae_bloom_dataset\val\algae_bloom_9139.png,1
C:/Users/somal/OneDrive/Desktop/Capstone_Model/algae_bloom_dataset\val\algae_bloom_9140.png,0
C:/Users/somal/OneDrive/Desktop/Capstone_Model/algae_bloom_dataset\val\algae_bloom_9141.png,1
C:/Users/somal/OneDrive/Desktop/Capstone_Model/algae_bloom_dataset\val\algae_bloom_9142.png,0
C:/Users/somal/OneDrive/Desktop/Capstone_Model/algae_bloom_dataset\val\algae_bloom_9143.png,1
C:/Users/somal/OneDrive/Desktop/Capstone_Model/algae_bloom_dataset\val\algae_bloom_9144.png,0
C:/Users/somal/OneDrive/Desktop/Capstone_Model/algae_bloom_dataset\val\algae_bloom_9145.png,0
C:/Users/somal/OneDrive/Desktop/Capstone_Model/algae_bloom_dataset\val\algae_bloom_9146.png,0
C:/Users/somal/OneDrive/Desktop/Capstone_Model/algae_bloom_dataset\val\algae_bloom_9147.png,1
C:/Users/somal/OneDrive/Desktop/Capstone_Model/algae_bloom_dataset\val\algae_bloom_9148.png,0
C:/Users/somal/OneDrive/Desktop/Capstone_Model/algae_bloom_dataset\val\algae_bloom_9149.png,1
C:/Users/somal/OneDrive/Desktop/Capstone_Model/algae_bloom_dataset\val\algae_bloom_9150.png,1
C:/Users/somal/OneDrive/Desktop/Capstone_Model/algae_bloom_dataset\val\algae_bloom_9151.png,1
C:/Users/somal/OneDrive/Desktop/Capstone_Model/algae_bloom_dataset\val\algae_bloom_9152.png,0
C:/Users/somal/OneDrive/Desktop/Capstone_Model/algae_bloom_dataset\val\algae_bloom_9153.png,0
C:/Users/somal/OneDrive/Desktop/Capstone_Model/algae_bloom_dataset\val\algae_bloom_9154.png,0
C:/Users/somal/OneDrive/Desktop/Capstone_Model/algae_bloom_dataset\val\algae_bloom_9155.png,0
C:/Users/somal/OneDrive/Desktop/Capstone_Model/algae_bloom_dataset\val\algae_bloom_9156.png,1
C:/Users/somal/OneDrive/Desktop/Capstone_Model/algae_bloom_dataset\val\algae_bloom_9157.png,1
C:/Users/somal/OneDrive/Desktop/Capstone_Model/algae_bloom_dataset\val\algae_bloom_9158.png,0
C:/Users/somal/OneDrive/Desktop/Capstone_Model/algae_bloom_dataset\val\algae_bloom_9159.png,0
C:/Users/somal/OneDrive/Desktop/Capstone_Model/algae_bloom_dataset\val\algae_bloom_9160.png,0
C:/Users/somal/OneDrive/Desktop/Capstone_Model/algae_bloom_dataset\val\algae_bloom_9161.png,0
C:/Users/somal/OneDrive/Desktop/Capstone_Model/algae_bloom_dataset\val\algae_bloom_9162.png,0
C:/Users/somal/OneDrive/Desktop/Capstone_Model/algae_bloom_dataset\val\algae_bloom_9163.png,0
C:/Users/somal/OneDrive/Desktop/Capstone_Model/algae_bloom_dataset\val\algae_bloom_9164.png,0
C:/Users/somal/OneDrive/Desktop/Capstone_Model/algae_bloom_dataset\val\algae_bloom_9165.png,0
C:/Users/somal/OneDrive/Desktop/Capstone_Model/algae_bloom_dataset\val\algae_bloom_9166.png,0
C:/Users/somal/OneDrive/Desktop/Capstone_Model/algae_bloom_dataset\val\algae_bloom_9167.png,0
C:/Users/somal/OneDrive/Desktop/Capstone_Model/algae_bloom_dataset\val\algae_bloom_9168.png,0
C:/Users/somal/OneDrive/Desktop/Capstone_Model/algae_bloom_dataset\val\algae_bloom_9169.png,1
C:/Users/somal/OneDrive/Desktop/Capstone_Model/algae_bloom_dataset\val\algae_bloom_9170.png,0
C:/Users/somal/OneDrive/Desktop/Capstone_Model/algae_bloom_dataset\val\algae_bloom_9171.png,0
C:/Users/somal/OneDrive/Desktop/Capstone_Model/algae_bloom_dataset\val\algae_bloom_9172.png,0
C:/Users/somal/OneDrive/Desktop/Capstone_Model/algae_bloom_dataset\val\algae_bloom_9173.png,0
C:/Users/somal/OneDrive/Desktop/Capstone_Model/algae_bloom_dataset\val\algae_bloom_9174.png,0
C:/Users/somal/OneDrive/Desktop/Capstone_Model/algae_bloom_dataset\val\algae_bloom_9175.png,0
C:/Users/somal/OneDrive/Desktop/Capstone_Model/algae_bloom_dataset\val\algae_bloom_9176.png,0
C:/Users/somal/OneDrive/Desktop/Capstone_Model/algae_bloom_dataset\val\algae_bloom_9177.png,0
C:/Users/somal/OneDrive/Desktop/Capstone_Model/algae_bloom_dataset\val\algae_bloom_9178.png,0
C:/Users/somal/OneDrive/Desktop/Capstone_Model/algae_bloom_dataset\val\algae_bloom_9179.png,0
C:/Users/somal/OneDrive/Desktop/Capstone_Model/algae_bloom_dataset\val\algae_bloom_9180.png,1
C:/Users/somal/OneDrive/Desktop/Capstone_Model/algae_bloom_dataset\val\algae_bloom_9181.png,0
C:/Users/somal/OneDrive/Desktop/Capstone_Model/algae_bloom_dataset\val\algae_bloom_9182.png,1
C:/Users/somal/OneDrive/Desktop/Capstone_Model/algae_bloom_dataset\val\algae_bloom_9183.png,0
C:/Users/somal/OneDrive/Desktop/Capstone_Model/algae_bloom_dataset\val\algae_bloom_9184.png,0
C:/Users/somal/OneDrive/Desktop/Capstone_Model/algae_bloom_dataset\val\algae_bloom_9185.png,0
C:/Users/somal/OneDrive/Desktop/Capstone_Model/algae_bloom_dataset\val\algae_bloom_9186.png,0
C:/Users/somal/OneDrive/Desktop/Capstone_Model/algae_bloom_dataset\val\algae_bloom_9187.png,1
C:/Users/somal/OneDrive/Desktop/Capstone_Model/algae_bloom_dataset\val\algae_bloom_9188.png,0
C:/Users/somal/OneDrive/Desktop/Capstone_Model/algae_bloom_dataset\val\algae_bloom_9189.png,0
C:/Users/somal/OneDrive/Desktop/Capstone_Model/algae_bloom_dataset\val\algae_bloom_9190.png,0
C:/Users/somal/OneDrive/Desktop/Capstone_Model/algae_bloom_dataset\val\algae_bloom_9191.png,0
C:/Users/somal/OneDrive/Desktop/Capstone_Model/algae_bloom_dataset\val\algae_bloom_9192.png,0
C:/Users/somal/OneDrive/Desktop/Capstone_Model/algae_bloom_dataset\val\algae_bloom_9193.png,1
C:/Users/somal/OneDrive/Desktop/Capstone_Model/algae_bloom_dataset\val\algae_bloom_9194.png,0
C:/Users/somal/OneDrive/Desktop/Capstone_Model/algae_bloom_dataset\val\algae_bloom_9195.png,0
C:/Users/somal/OneDrive/Desktop/Capstone_Model/algae_bloom_dataset\val\algae_bloom_9196.png,0
C:/Users/somal/OneDrive/Desktop/Capstone_Model/algae_bloom_dataset\val\algae_bloom_9197.png,0
C:/Users/somal/OneDrive/Desktop/Capstone_Model/algae_bloom_dataset\val\algae_bloom_9198.png,0
C:/Users/somal/OneDrive/Desktop/Capstone_Model/algae_bloom_dataset\val\algae_bloom_9199.png,0
C:/Users/somal/OneDrive/Desktop/Capstone_Model/algae_bloom_dataset\val\algae_bloom_9200.png,0
C:/Users/somal/OneDrive/Desktop/Capstone_Model/algae_bloom_dataset\val\algae_bloom_9201.png,1
C:/Users/somal/OneDrive/Desktop/Capstone_Model/algae_bloom_dataset\val\algae_bloom_9202.png,0
C:/Users/somal/OneDrive/Desktop/Capstone_Model/algae_bloom_dataset\val\algae_bloom_9203.png,0
C:/Users/somal/OneDrive/Desktop/Capstone_Model/algae_bloom_dataset\val\algae_bloom_9204.png,0
C:/Users/somal/OneDrive/Desktop/Capstone_Model/algae_bloom_dataset\val\algae_bloom_9205.png,0
C:/Users/somal/OneDrive/Desktop/Capstone_Model/algae_bloom_dataset\val\algae_bloom_9206.png,1
C:/Users/somal/OneDrive/Desktop/Capstone_Model/algae_bloom_dataset\val\algae_bloom_9207.png,0
C:/Users/somal/OneDrive/Desktop/Capstone_Model/algae_bloom_dataset\val\algae_bloom_9208.png,1
C:/Users/somal/OneDrive/Desktop/Capstone_Model/algae_bloom_dataset\val\algae_bloom_9209.png,0
C:/Users/somal/OneDrive/Desktop/Capstone_Model/algae_bloom_dataset\val\algae_bloom_9210.png,1
C:/Users/somal/OneDrive/Desktop/Capstone_Model/algae_bloom_dataset\val\algae_bloom_9211.png,0
C:/Users/somal/OneDrive/Desktop/Capstone_Model/algae_bloom_dataset\val\algae_bloom_9212.png,0
C:/Users/somal/OneDrive/Desktop/Capstone_Model/algae_bloom_dataset\val\algae_bloom_9213.png,0
C:/Users/somal/OneDrive/Desktop/Capstone_Model/algae_bloom_dataset\val\algae_bloom_9214.png,1
C:/Users/somal/OneDrive/Desktop/Capstone_Model/algae_bloom_dataset\val\algae_bloom_9215.png,0
C:/Users/somal/OneDrive/Desktop/Capstone_Model/algae_bloom_dataset\val\algae_bloom_9216.png,1
C:/Users/somal/OneDrive/Desktop/Capstone_Model/algae_bloom_dataset\val\algae_bloom_9217.png,0
C:/Users/somal/OneDrive/Desktop/Capstone_Model/algae_bloom_dataset\val\algae_bloom_9218.png,0
C:/Users/somal/OneDrive/Desktop/Capstone_Model/algae_bloom_dataset\val\algae_bloom_9219.png,0
C:/Users/somal/OneDrive/Desktop/Capstone_Model/algae_bloom_dataset\val\algae_bloom_9220.png,0
C:/Users/somal/OneDrive/Desktop/Capstone_Model/algae_bloom_dataset\val\algae_bloom_9221.png,0
C:/Users/somal/OneDrive/Desktop/Capstone_Model/algae_bloom_dataset\val\algae_bloom_9222.png,0
C:/Users/somal/OneDrive/Desktop/Capstone_Model/algae_bloom_dataset\val\algae_bloom_9223.png,0
C:/Users/somal/OneDrive/Desktop/Capstone_Model/algae_bloom_dataset\val\algae_bloom_9224.png,0
C:/Users/somal/OneDrive/Desktop/Capstone_Model/algae_bloom_dataset\val\algae_bloom_9225.png,0
C:/Users/somal/OneDrive/Desktop/Capstone_Model/algae_bloom_dataset\val\algae_bloom_9226.png,0
C:/Users/somal/OneDrive/Desktop/Capstone_Model/algae_bloom_dataset\val\algae_bloom_9227.png,0
C:/Users/somal/OneDrive/Desktop/Capstone_Model/algae_bloom_dataset\val\algae_bloom_9228.png,0
C:/Users/somal/OneDrive/Desktop/Capstone_Model/algae_bloom_dataset\val\algae_bloom_9229.png,0
C:/Users/somal/OneDrive/Desktop/Capstone_Model/algae_bloom_dataset\val\algae_bloom_9230.png,1
C:/Users/somal/OneDrive/Desktop/Capstone_Model/algae_bloom_dataset\val\algae_bloom_9231.png,0
C:/Users/somal/OneDrive/Desktop/Capstone_Model/algae_bloom_dataset\val\algae_bloom_9232.png,0
C:/Users/somal/OneDrive/Desktop/Capstone_Model/algae_bloom_dataset\val\algae_bloom_9233.png,1
C:/Users/somal/OneDrive/Desktop/Capstone_Model/algae_bloom_dataset\val\algae_bloom_9234.png,0
C:/Users/somal/OneDrive/Desktop/Capstone_Model/algae_bloom_dataset\val\algae_bloom_9235.png,1
C:/Users/somal/OneDrive/Desktop/Capstone_Model/algae_bloom_dataset\val\algae_bloom_9236.png,1
C:/Users/somal/OneDrive/Desktop/Capstone_Model/algae_bloom_dataset\val\algae_bloom_9237.png,0
C:/Users/somal/OneDrive/Desktop/Capstone_Model/algae_bloom_dataset\val\algae_bloom_9238.png,0
C:/Users/somal/OneDrive/Desktop/Capstone_Model/algae_bloom_dataset\val\algae_bloom_9239.png,1
C:/Users/somal/OneDrive/Desktop/Capstone_Model/algae_bloom_dataset\val\algae_bloom_9240.png,0
C:/Users/somal/OneDrive/Desktop/Capstone_Model/algae_bloom_dataset\val\algae_bloom_9241.png,0
C:/Users/somal/OneDrive/Desktop/Capstone_Model/algae_bloom_dataset\val\algae_bloom_9242.png,0
C:/Users/somal/OneDrive/Desktop/Capstone_Model/algae_bloom_dataset\val\algae_bloom_9243.png,0
C:/Users/somal/OneDrive/Desktop/Capstone_Model/algae_bloom_dataset\val\algae_bloom_9244.png,0
C:/Users/somal/OneDrive/Desktop/Capstone_Model/algae_bloom_dataset\val\algae_bloom_9245.png,0
C:/Users/somal/OneDrive/Desktop/Capstone_Model/algae_bloom_dataset\val\algae_bloom_9246.png,1
C:/Users/somal/OneDrive/Desktop/Capstone_Model/algae_bloom_dataset\val\algae_bloom_9247.png,1
C:/Users/somal/OneDrive/Desktop/Capstone_Model/algae_bloom_dataset\val\algae_bloom_9248.png,1
C:/Users/somal/OneDrive/Desktop/Capstone_Model/algae_bloom_dataset\val\algae_bloom_9249.png,0
C:/Users/somal/OneDrive/Desktop/Capstone_Model/algae_bloom_dataset\val\algae_bloom_9250.png,1
C:/Users/somal/OneDrive/Desktop/Capstone_Model/algae_bloom_dataset\val\algae_bloom_9251.png,0
C:/Users/somal/OneDrive/Desktop/Capstone_Model/algae_bloom_dataset\val\algae_bloom_9252.png,0
C:/Users/somal/OneDrive/Desktop/Capstone_Model/algae_bloom_dataset\val\algae_bloom_9253.png,1
C:/Users/somal/OneDrive/Desktop/Capstone_Model/algae_bloom_dataset\val\algae_bloom_9254.png,0
C:/Users/somal/OneDrive/Desktop/Capstone_Model/algae_bloom_dataset\val\algae_bloom_9255.png,1
C:/Users/somal/OneDrive/Desktop/Capstone_Model/algae_bloom_dataset\val\algae_bloom_9256.png,0
C:/Users/somal/OneDrive/Desktop/Capstone_Model/algae_bloom_dataset\val\algae_bloom_9257.png,1
C:/Users/somal/OneDrive/Desktop/Capstone_Model/algae_bloom_dataset\val\algae_bloom_9258.png,0
C:/Users/somal/OneDrive/Desktop/Capstone_Model/algae_bloom_dataset\val\algae_bloom_9259.png,1
C:/Users/somal/OneDrive/Desktop/Capstone_Model/algae_bloom_dataset\val\algae_bloom_9260.png,0
C:/Users/somal/OneDrive/Desktop/Capstone_Model/algae_bloom_dataset\val\algae_bloom_9261.png,0
C:/Users/somal/OneDrive/Desktop/Capstone_Model/algae_bloom_dataset\val\algae_bloom_9262.png,1
C:/Users/somal/OneDrive/Desktop/Capstone_Model/algae_bloom_dataset\val\algae_bloom_9263.png,1
C:/Users/somal/OneDrive/Desktop/Capstone_Model/algae_bloom_dataset\val\algae_bloom_9264.png,0
C:/Users/somal/OneDrive/Desktop/Capstone_Model/algae_bloom_dataset\val\algae_bloom_9265.png,1
C:/Users/somal/OneDrive/Desktop/Capstone_Model/algae_bloom_dataset\val\algae_bloom_9266.png,0
C:/Users/somal/OneDrive/Desktop/Capstone_Model/algae_bloom_dataset\val\algae_bloom_9267.png,0
C:/Users/somal/OneDrive/Desktop/Capstone_Model/algae_bloom_dataset\val\algae_bloom_9268.png,0
C:/Users/somal/OneDrive/Desktop/Capstone_Model/algae_bloom_dataset\val\algae_bloom_9269.png,0
C:/Users/somal/OneDrive/Desktop/Capstone_Model/algae_bloom_dataset\val\algae_bloom_9270.png,0
C:/Users/somal/OneDrive/Desktop/Capstone_Model/algae_bloom_dataset\val\algae_bloom_9271.png,0
C:/Users/somal/OneDrive/Desktop/Capstone_Model/algae_bloom_dataset\val\algae_bloom_9272.png,0
C:/Users/somal/OneDrive/Desktop/Capstone_Model/algae_bloom_dataset\val\algae_bloom_9273.png,0
C:/Users/somal/OneDrive/Desktop/Capstone_Model/algae_bloom_dataset\val\algae_bloom_9274.png,1
C:/Users/somal/OneDrive/Desktop/Capstone_Model/algae_bloom_dataset\val\algae_bloom_9275.png,0
C:/Users/somal/OneDrive/Desktop/Capstone_Model/algae_bloom_dataset\val\algae_bloom_9276.png,0
C:/Users/somal/OneDrive/Desktop/Capstone_Model/algae_bloom_dataset\val\algae_bloom_9277.png,0
C:/Users/somal/OneDrive/Desktop/Capstone_Model/algae_bloom_dataset\val\algae_bloom_9278.png,0
C:/Users/somal/OneDrive/Desktop/Capstone_Model/algae_bloom_dataset\val\algae_bloom_9279.png,0
C:/Users/somal/OneDrive/Desktop/Capstone_Model/algae_bloom_dataset\val\algae_bloom_9280.png,0
C:/Users/somal/OneDrive/Desktop/Capstone_Model/algae_bloom_dataset\val\algae_bloom_9281.png,0
C:/Users/somal/OneDrive/Desktop/Capstone_Model/algae_bloom_dataset\val\algae_bloom_9282.png,0
C:/Users/somal/OneDrive/Desktop/Capstone_Model/algae_bloom_dataset\val\algae_bloom_9283.png,0
C:/Users/somal/OneDrive/Desktop/Capstone_Model/algae_bloom_dataset\val\algae_bloom_9284.png,0
C:/Users/somal/OneDrive/Desktop/Capstone_Model/algae_bloom_dataset\val\algae_bloom_9285.png,0
C:/Users/somal/OneDrive/Desktop/Capstone_Model/algae_bloom_dataset\val\algae_bloom_9286.png,1
C:/Users/somal/OneDrive/Desktop/Capstone_Model/algae_bloom_dataset\val\algae_bloom_9287.png,0
C:/Users/somal/OneDrive/Desktop/Capstone_Model/algae_bloom_dataset\val\algae_bloom_9288.png,0
C:/Users/somal/OneDrive/Desktop/Capstone_Model/algae_bloom_dataset\val\algae_bloom_9289.png,0
C:/Users/somal/OneDrive/Desktop/Capstone_Model/algae_bloom_dataset\val\algae_bloom_9290.png,0
C:/Users/somal/OneDrive/Desktop/Capstone_Model/algae_bloom_dataset\val\algae_bloom_9291.png,0
C:/Users/somal/OneDrive/Desktop/Capstone_Model/algae_bloom_dataset\val\algae_bloom_9292.png,1
C:/Users/somal/OneDrive/Desktop/Capstone_Model/algae_bloom_dataset\val\algae_bloom_9293.png,0
C:/Users/somal/OneDrive/Desktop/Capstone_Model/algae_bloom_dataset\val\algae_bloom_9294.png,0
C:/Users/somal/OneDrive/Desktop/Capstone_Model/algae_bloom_dataset\val\algae_bloom_9295.png,0
C:/Users/somal/OneDrive/Desktop/Capstone_Model/algae_bloom_dataset\val\algae_bloom_9296.png,0
C:/Users/somal/OneDrive/Desktop/Capstone_Model/algae_bloom_dataset\val\algae_bloom_9297.png,1
C:/Users/somal/OneDrive/Desktop/Capstone_Model/algae_bloom_dataset\val\algae_bloom_9298.png,0
C:/Users/somal/OneDrive/Desktop/Capstone_Model/algae_bloom_dataset\val\algae_bloom_9299.png,0
C:/Users/somal/OneDrive/Desktop/Capstone_Model/algae_bloom_dataset\val\algae_bloom_9300.png,1
C:/Users/somal/OneDrive/Desktop/Capstone_Model/algae_bloom_dataset\val\algae_bloom_9301.png,0
C:/Users/somal/OneDrive/Desktop/Capstone_Model/algae_bloom_dataset\val\algae_bloom_9302.png,1
C:/Users/somal/OneDrive/Desktop/Capstone_Model/algae_bloom_dataset\val\algae_bloom_9303.png,0
C:/Users/somal/OneDrive/Desktop/Capstone_Model/algae_bloom_dataset\val\algae_bloom_9304.png,0
C:/Users/somal/OneDrive/Desktop/Capstone_Model/algae_bloom_dataset\val\algae_bloom_9305.png,0
C:/Users/somal/OneDrive/Desktop/Capstone_Model/algae_bloom_dataset\val\algae_bloom_9306.png,1
C:/Users/somal/OneDrive/Desktop/Capstone_Model/algae_bloom_dataset\val\algae_bloom_9307.png,0
C:/Users/somal/OneDrive/Desktop/Capstone_Model/algae_bloom_dataset\val\algae_bloom_9308.png,0
C:/Users/somal/OneDrive/Desktop/Capstone_Model/algae_bloom_dataset\val\algae_bloom_9309.png,0
C:/Users/somal/OneDrive/Desktop/Capstone_Model/algae_bloom_dataset\val\algae_bloom_9310.png,0
C:/Users/somal/OneDrive/Desktop/Capstone_Model/algae_bloom_dataset\val\algae_bloom_9311.png,1
C:/Users/somal/OneDrive/Desktop/Capstone_Model/algae_bloom_dataset\val\algae_bloom_9312.png,1
C:/Users/somal/OneDrive/Desktop/Capstone_Model/algae_bloom_dataset\val\algae_bloom_9313.png,0
C:/Users/somal/OneDrive/Desktop/Capstone_Model/algae_bloom_dataset\val\algae_bloom_9314.png,0
C:/Users/somal/OneDrive/Desktop/Capstone_Model/algae_bloom_dataset\val\algae_bloom_9315.png,1
C:/Users/somal/OneDrive/Desktop/Capstone_Model/algae_bloom_dataset\val\algae_bloom_9316.png,0
C:/Users/somal/OneDrive/Desktop/Capstone_Model/algae_bloom_dataset\val\algae_bloom_9317.png,1
C:/Users/somal/OneDrive/Desktop/Capstone_Model/algae_bloom_dataset\val\algae_bloom_9318.png,0
C:/Users/somal/OneDrive/Desktop/Capstone_Model/algae_bloom_dataset\val\algae_bloom_9319.png,0
C:/Users/somal/OneDrive/Desktop/Capstone_Model/algae_bloom_dataset\val\algae_bloom_9320.png,1
C:/Users/somal/OneDrive/Desktop/Capstone_Model/algae_bloom_dataset\val\algae_bloom_9321.png,0
C:/Users/somal/OneDrive/Desktop/Capstone_Model/algae_bloom_dataset\val\algae_bloom_9322.png,0
C:/Users/somal/OneDrive/Desktop/Capstone_Model/algae_bloom_dataset\val\algae_bloom_9323.png,1
C:/Users/somal/OneDrive/Desktop/Capstone_Model/algae_bloom_dataset\val\algae_bloom_9324.png,1
C:/Users/somal/OneDrive/Desktop/Capstone_Model/algae_bloom_dataset\val\algae_bloom_9325.png,0
C:/Users/somal/OneDrive/Desktop/Capstone_Model/algae_bloom_dataset\val\algae_bloom_9326.png,0
C:/Users/somal/OneDrive/Desktop/Capstone_Model/algae_bloom_dataset\val\algae_bloom_9327.png,0
C:/Users/somal/OneDrive/Desktop/Capstone_Model/algae_bloom_dataset\val\algae_bloom_9328.png,1
C:/Users/somal/OneDrive/Desktop/Capstone_Model/algae_bloom_dataset\val\algae_bloom_9329.png,1
C:/Users/somal/OneDrive/Desktop/Capstone_Model/algae_bloom_dataset\val\algae_bloom_9330.png,0
C:/Users/somal/OneDrive/Desktop/Capstone_Model/algae_bloom_dataset\val\algae_bloom_9331.png,0
C:/Users/somal/OneDrive/Desktop/Capstone_Model/algae_bloom_dataset\val\algae_bloom_9332.png,1
C:/Users/somal/OneDrive/Desktop/Capstone_Model/algae_bloom_dataset\val\algae_bloom_9333.png,0
C:/Users/somal/OneDrive/Desktop/Capstone_Model/algae_bloom_dataset\val\algae_bloom_9334.png,0
C:/Users/somal/OneDrive/Desktop/Capstone_Model/algae_bloom_dataset\val\algae_bloom_9335.png,0
C:/Users/somal/OneDrive/Desktop/Capstone_Model/algae_bloom_dataset\val\algae_bloom_9336.png,1
C:/Users/somal/OneDrive/Desktop/Capstone_Model/algae_bloom_dataset\val\algae_bloom_9337.png,1
C:/Users/somal/OneDrive/Desktop/Capstone_Model/algae_bloom_dataset\val\algae_bloom_9338.png,0
C:/Users/somal/OneDrive/Desktop/Capstone_Model/algae_bloom_dataset\val\algae_bloom_9339.png,0
C:/Users/somal/OneDrive/Desktop/Capstone_Model/algae_bloom_dataset\val\algae_bloom_9340.png,0
C:/Users/somal/OneDrive/Desktop/Capstone_Model/algae_bloom_dataset\val\algae_bloom_9341.png,0
C:/Users/somal/OneDrive/Desktop/Capstone_Model/algae_bloom_dataset\val\algae_bloom_9342.png,0
C:/Users/somal/OneDrive/Desktop/Capstone_Model/algae_bloom_dataset\val\algae_bloom_9343.png,0
C:/Users/somal/OneDrive/Desktop/Capstone_Model/algae_bloom_dataset\val\algae_bloom_9344.png,1
C:/Users/somal/OneDrive/Desktop/Capstone_Model/algae_bloom_dataset\val\algae_bloom_9345.png,0
C:/Users/somal/OneDrive/Desktop/Capstone_Model/algae_bloom_dataset\val\algae_bloom_9346.png,0
C:/Users/somal/OneDrive/Desktop/Capstone_Model/algae_bloom_dataset\val\algae_bloom_9347.png,0
C:/Users/somal/OneDrive/Desktop/Capstone_Model/algae_bloom_dataset\val\algae_bloom_9348.png,0
C:/Users/somal/OneDrive/Desktop/Capstone_Model/algae_bloom_dataset\val\algae_bloom_9349.png,1
C:/Users/somal/OneDrive/Desktop/Capstone_Model/algae_bloom_dataset\val\algae_bloom_9350.png,0
C:/Users/somal/OneDrive/Desktop/Capstone_Model/algae_bloom_dataset\val\algae_bloom_9351.png,1
C:/Users/somal/OneDrive/Desktop/Capstone_Model/algae_bloom_dataset\val\algae_bloom_9352.png,0
C:/Users/somal/OneDrive/Desktop/Capstone_Model/algae_bloom_dataset\val\algae_bloom_9353.png,1
C:/Users/somal/OneDrive/Desktop/Capstone_Model/algae_bloom_dataset\val\algae_bloom_9354.png,0
C:/Users/somal/OneDrive/Desktop/Capstone_Model/algae_bloom_dataset\val\algae_bloom_9355.png,0
C:/Users/somal/OneDrive/Desktop/Capstone_Model/algae_bloom_dataset\val\algae_bloom_9356.png,0
C:/Users/somal/OneDrive/Desktop/Capstone_Model/algae_bloom_dataset\val\algae_bloom_9357.png,0
C:/Users/somal/OneDrive/Desktop/Capstone_Model/algae_bloom_dataset\val\algae_bloom_9358.png,1
C:/Users/somal/OneDrive/Desktop/Capstone_Model/algae_bloom_dataset\val\algae_bloom_9359.png,0
C:/Users/somal/OneDrive/Desktop/Capstone_Model/algae_bloom_dataset\val\algae_bloom_9360.png,1
C:/Users/somal/OneDrive/Desktop/Capstone_Model/algae_bloom_dataset\val\algae_bloom_9361.png,1
C:/Users/somal/OneDrive/Desktop/Capstone_Model/algae_bloom_dataset\val\algae_bloom_9362.png,1
C:/Users/somal/OneDrive/Desktop/Capstone_Model/algae_bloom_dataset\val\algae_bloom_9363.png,0
C:/Users/somal/OneDrive/Desktop/Capstone_Model/algae_bloom_dataset\val\algae_bloom_9364.png,0
C:/Users/somal/OneDrive/Desktop/Capstone_Model/algae_bloom_dataset\val\algae_bloom_9365.png,0
C:/Users/somal/OneDrive/Desktop/Capstone_Model/algae_bloom_dataset\val\algae_bloom_9366.png,0
C:/Users/somal/OneDrive/Desktop/Capstone_Model/algae_bloom_dataset\val\algae_bloom_9367.png,0
C:/Users/somal/OneDrive/Desktop/Capstone_Model/algae_bloom_dataset\val\algae_bloom_9368.png,1
C:/Users/somal/OneDrive/Desktop/Capstone_Model/algae_bloom_dataset\val\algae_bloom_9369.png,0
C:/Users/somal/OneDrive/Desktop/Capstone_Model/algae_bloom_dataset\val\algae_bloom_9370.png,1
C:/Users/somal/OneDrive/Desktop/Capstone_Model/algae_bloom_dataset\val\algae_bloom_9371.png,0
C:/Users/somal/OneDrive/Desktop/Capstone_Model/algae_bloom_dataset\val\algae_bloom_9372.png,0
C:/Users/somal/OneDrive/Desktop/Capstone_Model/algae_bloom_dataset\val\algae_bloom_9373.png,0
C:/Users/somal/OneDrive/Desktop/Capstone_Model/algae_bloom_dataset\val\algae_bloom_9374.png,0
C:/Users/somal/OneDrive/Desktop/Capstone_Model/algae_bloom_dataset\val\algae_bloom_9375.png,0
C:/Users/somal/OneDrive/Desktop/Capstone_Model/algae_bloom_dataset\val\algae_bloom_9376.png,0
C:/Users/somal/OneDrive/Desktop/Capstone_Model/algae_bloom_dataset\val\algae_bloom_9377.png,1
C:/Users/somal/OneDrive/Desktop/Capstone_Model/algae_bloom_dataset\val\algae_bloom_9378.png,1
C:/Users/somal/OneDrive/Desktop/Capstone_Model/algae_bloom_dataset\val\algae_bloom_9379.png,1
C:/Users/somal/OneDrive/Desktop/Capstone_Model/algae_bloom_dataset\val\algae_bloom_9380.png,1
C:/Users/somal/OneDrive/Desktop/Capstone_Model/algae_bloom_dataset\val\algae_bloom_9381.png,0
C:/Users/somal/OneDrive/Desktop/Capstone_Model/algae_bloom_dataset\val\algae_bloom_9382.png,1
C:/Users/somal/OneDrive/Desktop/Capstone_Model/algae_bloom_dataset\val\algae_bloom_9383.png,0
C:/Users/somal/OneDrive/Desktop/Capstone_Model/algae_bloom_dataset\val\algae_bloom_9384.png,0
C:/Users/somal/OneDrive/Desktop/Capstone_Model/algae_bloom_dataset\val\algae_bloom_9385.png,0
C:/Users/somal/OneDrive/Desktop/Capstone_Model/algae_bloom_dataset\val\algae_bloom_9386.png,0
C:/Users/somal/OneDrive/Desktop/Capstone_Model/algae_bloom_dataset\val\algae_bloom_9387.png,0
C:/Users/somal/OneDrive/Desktop/Capstone_Model/algae_bloom_dataset\val\algae_bloom_9388.png,0
C:/Users/somal/OneDrive/Desktop/Capstone_Model/algae_bloom_dataset\val\algae_bloom_9389.png,1
C:/Users/somal/OneDrive/Desktop/Capstone_Model/algae_bloom_dataset\val\algae_bloom_9390.png,0
C:/Users/somal/OneDrive/Desktop/Capstone_Model/algae_bloom_dataset\val\algae_bloom_9391.png,0
C:/Users/somal/OneDrive/Desktop/Capstone_Model/algae_bloom_dataset\val\algae_bloom_9392.png,0
C:/Users/somal/OneDrive/Desktop/Capstone_Model/algae_bloom_dataset\val\algae_bloom_9393.png,0
C:/Users/somal/OneDrive/Desktop/Capstone_Model/algae_bloom_dataset\val\algae_bloom_9394.png,0
C:/Users/somal/OneDrive/Desktop/Capstone_Model/algae_bloom_dataset\val\algae_bloom_9395.png,0
C:/Users/somal/OneDrive/Desktop/Capstone_Model/algae_bloom_dataset\val\algae_bloom_9396.png,0
C:/Users/somal/OneDrive/Desktop/Capstone_Model/algae_bloom_dataset\val\algae_bloom_9397.png,1
C:/Users/somal/OneDrive/Desktop/Capstone_Model/algae_bloom_dataset\val\algae_bloom_9398.png,0
C:/Users/somal/OneDrive/Desktop/Capstone_Model/algae_bloom_dataset\val\algae_bloom_9399.png,0
C:/Users/somal/OneDrive/Desktop/Capstone_Model/algae_bloom_dataset\val\algae_bloom_9400.png,0
C:/Users/somal/OneDrive/Desktop/Capstone_Model/algae_bloom_dataset\val\algae_bloom_9401.png,0
C:/Users/somal/OneDrive/Desktop/Capstone_Model/algae_bloom_dataset\val\algae_bloom_9402.png,0
C:/Users/somal/OneDrive/Desktop/Capstone_Model/algae_bloom_dataset\val\algae_bloom_9403.png,0
C:/Users/somal/OneDrive/Desktop/Capstone_Model/algae_bloom_dataset\val\algae_bloom_9404.png,0
C:/Users/somal/OneDrive/Desktop/Capstone_Model/algae_bloom_dataset\val\algae_bloom_9405.png,1
C:/Users/somal/OneDrive/Desktop/Capstone_Model/algae_bloom_dataset\val\algae_bloom_9406.png,0
C:/Users/somal/OneDrive/Desktop/Capstone_Model/algae_bloom_dataset\val\algae_bloom_9407.png,0
C:/Users/somal/OneDrive/Desktop/Capstone_Model/algae_bloom_dataset\val\algae_bloom_9408.png,1
C:/Users/somal/OneDrive/Desktop/Capstone_Model/algae_bloom_dataset\val\algae_bloom_9409.png,1
C:/Users/somal/OneDrive/Desktop/Capstone_Model/algae_bloom_dataset\val\algae_bloom_9410.png,0
C:/Users/somal/OneDrive/Desktop/Capstone_Model/algae_bloom_dataset\val\algae_bloom_9411.png,0
C:/Users/somal/OneDrive/Desktop/Capstone_Model/algae_bloom_dataset\val\algae_bloom_9412.png,0
C:/Users/somal/OneDrive/Desktop/Capstone_Model/algae_bloom_dataset\val\algae_bloom_9413.png,0
C:/Users/somal/OneDrive/Desktop/Capstone_Model/algae_bloom_dataset\val\algae_bloom_9414.png,1
C:/Users/somal/OneDrive/Desktop/Capstone_Model/algae_bloom_dataset\val\algae_bloom_9415.png,1
C:/Users/somal/OneDrive/Desktop/Capstone_Model/algae_bloom_dataset\val\algae_bloom_9416.png,0
C:/Users/somal/OneDrive/Desktop/Capstone_Model/algae_bloom_dataset\val\algae_bloom_9417.png,0
C:/Users/somal/OneDrive/Desktop/Capstone_Model/algae_bloom_dataset\val\algae_bloom_9418.png,0
C:/Users/somal/OneDrive/Desktop/Capstone_Model/algae_bloom_dataset\val\algae_bloom_9419.png,0
C:/Users/somal/OneDrive/Desktop/Capstone_Model/algae_bloom_dataset\val\algae_bloom_9420.png,0
C:/Users/somal/OneDrive/Desktop/Capstone_Model/algae_bloom_dataset\val\algae_bloom_9421.png,0
C:/Users/somal/OneDrive/Desktop/Capstone_Model/algae_bloom_dataset\val\algae_bloom_9422.png,1
C:/Users/somal/OneDrive/Desktop/Capstone_Model/algae_bloom_dataset\val\algae_bloom_9423.png,0
C:/Users/somal/OneDrive/Desktop/Capstone_Model/algae_bloom_dataset\val\algae_bloom_9424.png,0
C:/Users/somal/OneDrive/Desktop/Capstone_Model/algae_bloom_dataset\val\algae_bloom_9425.png,1
C:/Users/somal/OneDrive/Desktop/Capstone_Model/algae_bloom_dataset\val\algae_bloom_9426.png,1
C:/Users/somal/OneDrive/Desktop/Capstone_Model/algae_bloom_dataset\val\algae_bloom_9427.png,0
C:/Users/somal/OneDrive/Desktop/Capstone_Model/algae_bloom_dataset\val\algae_bloom_9428.png,0
C:/Users/somal/OneDrive/Desktop/Capstone_Model/algae_bloom_dataset\val\algae_bloom_9429.png,0
C:/Users/somal/OneDrive/Desktop/Capstone_Model/algae_bloom_dataset\val\algae_bloom_9430.png,1
C:/Users/somal/OneDrive/Desktop/Capstone_Model/algae_bloom_dataset\val\algae_bloom_9431.png,0
C:/Users/somal/OneDrive/Desktop/Capstone_Model/algae_bloom_dataset\val\algae_bloom_9432.png,0
C:/Users/somal/OneDrive/Desktop/Capstone_Model/algae_bloom_dataset\val\algae_bloom_9433.png,1
C:/Users/somal/OneDrive/Desktop/Capstone_Model/algae_bloom_dataset\val\algae_bloom_9434.png,0
C:/Users/somal/OneDrive/Desktop/Capstone_Model/algae_bloom_dataset\val\algae_bloom_9435.png,0
C:/Users/somal/OneDrive/Desktop/Capstone_Model/algae_bloom_dataset\val\algae_bloom_9436.png,0
C:/Users/somal/OneDrive/Desktop/Capstone_Model/algae_bloom_dataset\val\algae_bloom_9437.png,1
C:/Users/somal/OneDrive/Desktop/Capstone_Model/algae_bloom_dataset\val\algae_bloom_9438.png,0
C:/Users/somal/OneDrive/Desktop/Capstone_Model/algae_bloom_dataset\val\algae_bloom_9439.png,0
C:/Users/somal/OneDrive/Desktop/Capstone_Model/algae_bloom_dataset\val\algae_bloom_9440.png,0
C:/Users/somal/OneDrive/Desktop/Capstone_Model/algae_bloom_dataset\val\algae_bloom_9441.png,0
C:/Users/somal/OneDrive/Desktop/Capstone_Model/algae_bloom_dataset\val\algae_bloom_9442.png,0
C:/Users/somal/OneDrive/Desktop/Capstone_Model/algae_bloom_dataset\val\algae_bloom_9443.png,0
C:/Users/somal/OneDrive/Desktop/Capstone_Model/algae_bloom_dataset\val\algae_bloom_9444.png,0
C:/Users/somal/OneDrive/Desktop/Capstone_Model/algae_bloom_dataset\val\algae_bloom_9445.png,0
C:/Users/somal/OneDrive/Desktop/Capstone_Model/algae_bloom_dataset\val\algae_bloom_9446.png,0
C:/Users/somal/OneDrive/Desktop/Capstone_Model/algae_bloom_dataset\val\algae_bloom_9447.png,0
C:/Users/somal/OneDrive/Desktop/Capstone_Model/algae_bloom_dataset\val\algae_bloom_9448.png,0
C:/Users/somal/OneDrive/Desktop/Capstone_Model/algae_bloom_dataset\val\algae_bloom_9449.png,0
C:/Users/somal/OneDrive/Desktop/Capstone_Model/algae_bloom_dataset\val\algae_bloom_9450.png,0
C:/Users/somal/OneDrive/Desktop/Capstone_Model/algae_bloom_dataset\val\algae_bloom_9451.png,0
C:/Users/somal/OneDrive/Desktop/Capstone_Model/algae_bloom_dataset\val\algae_bloom_9452.png,1
C:/Users/somal/OneDrive/Desktop/Capstone_Model/algae_bloom_dataset\val\algae_bloom_9453.png,1
C:/Users/somal/OneDrive/Desktop/Capstone_Model/algae_bloom_dataset\val\algae_bloom_9454.png,0
C:/Users/somal/OneDrive/Desktop/Capstone_Model/algae_bloom_dataset\val\algae_bloom_9455.png,0
C:/Users/somal/OneDrive/Desktop/Capstone_Model/algae_bloom_dataset\val\algae_bloom_9456.png,1
C:/Users/somal/OneDrive/Desktop/Capstone_Model/algae_bloom_dataset\val\algae_bloom_9457.png,0
C:/Users/somal/OneDrive/Desktop/Capstone_Model/algae_bloom_dataset\val\algae_bloom_9458.png,0
C:/Users/somal/OneDrive/Desktop/Capstone_Model/algae_bloom_dataset\val\algae_bloom_9459.png,0
C:/Users/somal/OneDrive/Desktop/Capstone_Model/algae_bloom_dataset\val\algae_bloom_9460.png,0
C:/Users/somal/OneDrive/Desktop/Capstone_Model/algae_bloom_dataset\val\algae_bloom_9461.png,0
C:/Users/somal/OneDrive/Desktop/Capstone_Model/algae_bloom_dataset\val\algae_bloom_9462.png,0
C:/Users/somal/OneDrive/Desktop/Capstone_Model/algae_bloom_dataset\val\algae_bloom_9463.png,0
C:/Users/somal/OneDrive/Desktop/Capstone_Model/algae_bloom_dataset\val\algae_bloom_9464.png,1
C:/Users/somal/OneDrive/Desktop/Capstone_Model/algae_bloom_dataset\val\algae_bloom_9465.png,1
C:/Users/somal/OneDrive/Desktop/Capstone_Model/algae_bloom_dataset\val\algae_bloom_9466.png,0
C:/Users/somal/OneDrive/Desktop/Capstone_Model/algae_bloom_dataset\val\algae_bloom_9467.png,0
C:/Users/somal/OneDrive/Desktop/Capstone_Model/algae_bloom_dataset\val\algae_bloom_9468.png,0
C:/Users/somal/OneDrive/Desktop/Capstone_Model/algae_bloom_dataset\val\algae_bloom_9469.png,0
C:/Users/somal/OneDrive/Desktop/Capstone_Model/algae_bloom_dataset\val\algae_bloom_9470.png,0
C:/Users/somal/OneDrive/Desktop/Capstone_Model/algae_bloom_dataset\val\algae_bloom_9471.png,1
C:/Users/somal/OneDrive/Desktop/Capstone_Model/algae_bloom_dataset\val\algae_bloom_9472.png,0
C:/Users/somal/OneDrive/Desktop/Capstone_Model/algae_bloom_dataset\val\algae_bloom_9473.png,0
C:/Users/somal/OneDrive/Desktop/Capstone_Model/algae_bloom_dataset\val\algae_bloom_9474.png,0
C:/Users/somal/OneDrive/Desktop/Capstone_Model/algae_bloom_dataset\val\algae_bloom_9475.png,0
C:/Users/somal/OneDrive/Desktop/Capstone_Model/algae_bloom_dataset\val\algae_bloom_9476.png,0
C:/Users/somal/OneDrive/Desktop/Capstone_Model/algae_bloom_dataset\val\algae_bloom_9477.png,0
C:/Users/somal/OneDrive/Desktop/Capstone_Model/algae_bloom_dataset\val\algae_bloom_9478.png,0
C:/Users/somal/OneDrive/Desktop/Capstone_Model/algae_bloom_dataset\val\algae_bloom_9479.png,1
C:/Users/somal/OneDrive/Desktop/Capstone_Model/algae_bloom_dataset\val\algae_bloom_9480.png,1
C:/Users/somal/OneDrive/Desktop/Capstone_Model/algae_bloom_dataset\val\algae_bloom_9481.png,1
C:/Users/somal/OneDrive/Desktop/Capstone_Model/algae_bloom_dataset\val\algae_bloom_9482.png,1
C:/Users/somal/OneDrive/Desktop/Capstone_Model/algae_bloom_dataset\val\algae_bloom_9483.png,0
C:/Users/somal/OneDrive/Desktop/Capstone_Model/algae_bloom_dataset\val\algae_bloom_9484.png,1
C:/Users/somal/OneDrive/Desktop/Capstone_Model/algae_bloom_dataset\val\algae_bloom_9485.png,0
C:/Users/somal/OneDrive/Desktop/Capstone_Model/algae_bloom_dataset\val\algae_bloom_9486.png,0
C:/Users/somal/OneDrive/Desktop/Capstone_Model/algae_bloom_dataset\val\algae_bloom_9487.png,1
C:/Users/somal/OneDrive/Desktop/Capstone_Model/algae_bloom_dataset\val\algae_bloom_9488.png,1
C:/Users/somal/OneDrive/Desktop/Capstone_Model/algae_bloom_dataset\val\algae_bloom_9489.png,0
C:/Users/somal/OneDrive/Desktop/Capstone_Model/algae_bloom_dataset\val\algae_bloom_9490.png,0
C:/Users/somal/OneDrive/Desktop/Capstone_Model/algae_bloom_dataset\val\algae_bloom_9491.png,1
C:/Users/somal/OneDrive/Desktop/Capstone_Model/algae_bloom_dataset\val\algae_bloom_9492.png,0
C:/Users/somal/OneDrive/Desktop/Capstone_Model/algae_bloom_dataset\val\algae_bloom_9493.png,1
C:/Users/somal/OneDrive/Desktop/Capstone_Model/algae_bloom_dataset\val\algae_bloom_9494.png,0
C:/Users/somal/OneDrive/Desktop/Capstone_Model/algae_bloom_dataset\val\algae_bloom_9495.png,0
C:/Users/somal/OneDrive/Desktop/Capstone_Model/algae_bloom_dataset\val\algae_bloom_9496.png,0
C:/Users/somal/OneDrive/Desktop/Capstone_Model/algae_bloom_dataset\val\algae_bloom_9497.png,1
C:/Users/somal/OneDrive/Desktop/Capstone_Model/algae_bloom_dataset\val\algae_bloom_9498.png,0
C:/Users/somal/OneDrive/Desktop/Capstone_Model/algae_bloom_dataset\val\algae_bloom_9499.png,0
C:/Users/somal/OneDrive/Desktop/Capstone_Model/algae_bloom_dataset\val\algae_bloom_9500.png,1
C:/Users/somal/OneDrive/Desktop/Capstone_Model/algae_bloom_dataset\val\algae_bloom_9501.png,0
C:/Users/somal/OneDrive/Desktop/Capstone_Model/algae_bloom_dataset\val\algae_bloom_9502.png,1
C:/Users/somal/OneDrive/Desktop/Capstone_Model/algae_bloom_dataset\val\algae_bloom_9503.png,1
C:/Users/somal/OneDrive/Desktop/Capstone_Model/algae_bloom_dataset\val\algae_bloom_9504.png,1
C:/Users/somal/OneDrive/Desktop/Capstone_Model/algae_bloom_dataset\val\algae_bloom_9505.png,0
C:/Users/somal/OneDrive/Desktop/Capstone_Model/algae_bloom_dataset\val\algae_bloom_9506.png,0
C:/Users/somal/OneDrive/Desktop/Capstone_Model/algae_bloom_dataset\val\algae_bloom_9507.png,1
C:/Users/somal/OneDrive/Desktop/Capstone_Model/algae_bloom_dataset\val\algae_bloom_9508.png,0
C:/Users/somal/OneDrive/Desktop/Capstone_Model/algae_bloom_dataset\val\algae_bloom_9509.png,1
C:/Users/somal/OneDrive/Desktop/Capstone_Model/algae_bloom_dataset\val\algae_bloom_9510.png,1
C:/Users/somal/OneDrive/Desktop/Capstone_Model/algae_bloom_dataset\val\algae_bloom_9511.png,0
C:/Users/somal/OneDrive/Desktop/Capstone_Model/algae_bloom_dataset\val\algae_bloom_9512.png,0
C:/Users/somal/OneDrive/Desktop/Capstone_Model/algae_bloom_dataset\val\algae_bloom_9513.png,0
C:/Users/somal/OneDrive/Desktop/Capstone_Model/algae_bloom_dataset\val\algae_bloom_9514.png,0
C:/Users/somal/OneDrive/Desktop/Capstone_Model/algae_bloom_dataset\val\algae_bloom_9515.png,1
C:/Users/somal/OneDrive/Desktop/Capstone_Model/algae_bloom_dataset\val\algae_bloom_9516.png,0
C:/Users/somal/OneDrive/Desktop/Capstone_Model/algae_bloom_dataset\val\algae_bloom_9517.png,1
C:/Users/somal/OneDrive/Desktop/Capstone_Model/algae_bloom_dataset\val\algae_bloom_9518.png,0
C:/Users/somal/OneDrive/Desktop/Capstone_Model/algae_bloom_dataset\val\algae_bloom_9519.png,0
C:/Users/somal/OneDrive/Desktop/Capstone_Model/algae_bloom_dataset\val\algae_bloom_9520.png,1
C:/Users/somal/OneDrive/Desktop/Capstone_Model/algae_bloom_dataset\val\algae_bloom_9521.png,1
C:/Users/somal/OneDrive/Desktop/Capstone_Model/algae_bloom_dataset\val\algae_bloom_9522.png,0
C:/Users/somal/OneDrive/Desktop/Capstone_Model/algae_bloom_dataset\val\algae_bloom_9523.png,0
C:/Users/somal/OneDrive/Desktop/Capstone_Model/algae_bloom_dataset\val\algae_bloom_9524.png,0
C:/Users/somal/OneDrive/Desktop/Capstone_Model/algae_bloom_dataset\val\algae_bloom_9525.png,0
C:/Users/somal/OneDrive/Desktop/Capstone_Model/algae_bloom_dataset\val\algae_bloom_9526.png,0
C:/Users/somal/OneDrive/Desktop/Capstone_Model/algae_bloom_dataset\val\algae_bloom_9527.png,0
C:/Users/somal/OneDrive/Desktop/Capstone_Model/algae_bloom_dataset\val\algae_bloom_9528.png,0
C:/Users/somal/OneDrive/Desktop/Capstone_Model/algae_bloom_dataset\val\algae_bloom_9529.png,0
C:/Users/somal/OneDrive/Desktop/Capstone_Model/algae_bloom_dataset\val\algae_bloom_9530.png,1
C:/Users/somal/OneDrive/Desktop/Capstone_Model/algae_bloom_dataset\val\algae_bloom_9531.png,0
C:/Users/somal/OneDrive/Desktop/Capstone_Model/algae_bloom_dataset\val\algae_bloom_9532.png,0
C:/Users/somal/OneDrive/Desktop/Capstone_Model/algae_bloom_dataset\val\algae_bloom_9533.png,0
C:/Users/somal/OneDrive/Desktop/Capstone_Model/algae_bloom_dataset\val\algae_bloom_9534.png,1
C:/Users/somal/OneDrive/Desktop/Capstone_Model/algae_bloom_dataset\val\algae_bloom_9535.png,0
C:/Users/somal/OneDrive/Desktop/Capstone_Model/algae_bloom_dataset\val\algae_bloom_9536.png,0
C:/Users/somal/OneDrive/Desktop/Capstone_Model/algae_bloom_dataset\val\algae_bloom_9537.png,1
C:/Users/somal/OneDrive/Desktop/Capstone_Model/algae_bloom_dataset\val\algae_bloom_9538.png,0
C:/Users/somal/OneDrive/Desktop/Capstone_Model/algae_bloom_dataset\val\algae_bloom_9539.png,0
C:/Users/somal/OneDrive/Desktop/Capstone_Model/algae_bloom_dataset\val\algae_bloom_9540.png,1
C:/Users/somal/OneDrive/Desktop/Capstone_Model/algae_bloom_dataset\val\algae_bloom_9541.png,0
C:/Users/somal/OneDrive/Desktop/Capstone_Model/algae_bloom_dataset\val\algae_bloom_9542.png,0
C:/Users/somal/OneDrive/Desktop/Capstone_Model/algae_bloom_dataset\val\algae_bloom_9543.png,0
C:/Users/somal/OneDrive/Desktop/Capstone_Model/algae_bloom_dataset\val\algae_bloom_9544.png,0
C:/Users/somal/OneDrive/Desktop/Capstone_Model/algae_bloom_dataset\val\algae_bloom_9545.png,0
C:/Users/somal/OneDrive/Desktop/Capstone_Model/algae_bloom_dataset\val\algae_bloom_9546.png,0
C:/Users/somal/OneDrive/Desktop/Capstone_Model/algae_bloom_dataset\val\algae_bloom_9547.png,0
C:/Users/somal/OneDrive/Desktop/Capstone_Model/algae_bloom_dataset\val\algae_bloom_9548.png,0
C:/Users/somal/OneDrive/Desktop/Capstone_Model/algae_bloom_dataset\val\algae_bloom_9549.png,0
C:/Users/somal/OneDrive/Desktop/Capstone_Model/algae_bloom_dataset\val\algae_bloom_9550.png,1
C:/Users/somal/OneDrive/Desktop/Capstone_Model/algae_bloom_dataset\val\algae_bloom_9551.png,0
C:/Users/somal/OneDrive/Desktop/Capstone_Model/algae_bloom_dataset\val\algae_bloom_9552.png,1
C:/Users/somal/OneDrive/Desktop/Capstone_Model/algae_bloom_dataset\val\algae_bloom_9553.png,0
C:/Users/somal/OneDrive/Desktop/Capstone_Model/algae_bloom_dataset\val\algae_bloom_9554.png,0
C:/Users/somal/OneDrive/Desktop/Capstone_Model/algae_bloom_dataset\val\algae_bloom_9555.png,1
C:/Users/somal/OneDrive/Desktop/Capstone_Model/algae_bloom_dataset\val\algae_bloom_9556.png,0
C:/Users/somal/OneDrive/Desktop/Capstone_Model/algae_bloom_dataset\val\algae_bloom_9557.png,0
C:/Users/somal/OneDrive/Desktop/Capstone_Model/algae_bloom_dataset\val\algae_bloom_9558.png,1
C:/Users/somal/OneDrive/Desktop/Capstone_Model/algae_bloom_dataset\val\algae_bloom_9559.png,0
C:/Users/somal/OneDrive/Desktop/Capstone_Model/algae_bloom_dataset\val\algae_bloom_9560.png,1
C:/Users/somal/OneDrive/Desktop/Capstone_Model/algae_bloom_dataset\val\algae_bloom_9561.png,0
C:/Users/somal/OneDrive/Desktop/Capstone_Model/algae_bloom_dataset\val\algae_bloom_9562.png,0
C:/Users/somal/OneDrive/Desktop/Capstone_Model/algae_bloom_dataset\val\algae_bloom_9563.png,0
C:/Users/somal/OneDrive/Desktop/Capstone_Model/algae_bloom_dataset\val\algae_bloom_9564.png,0
C:/Users/somal/OneDrive/Desktop/Capstone_Model/algae_bloom_dataset\val\algae_bloom_9565.png,0
C:/Users/somal/OneDrive/Desktop/Capstone_Model/algae_bloom_dataset\val\algae_bloom_9566.png,1
C:/Users/somal/OneDrive/Desktop/Capstone_Model/algae_bloom_dataset\val\algae_bloom_9567.png,0
C:/Users/somal/OneDrive/Desktop/Capstone_Model/algae_bloom_dataset\val\algae_bloom_9568.png,0
C:/Users/somal/OneDrive/Desktop/Capstone_Model/algae_bloom_dataset\val\algae_bloom_9569.png,0
C:/Users/somal/OneDrive/Desktop/Capstone_Model/algae_bloom_dataset\val\algae_bloom_9570.png,1
C:/Users/somal/OneDrive/Desktop/Capstone_Model/algae_bloom_dataset\val\algae_bloom_9571.png,1
C:/Users/somal/OneDrive/Desktop/Capstone_Model/algae_bloom_dataset\val\algae_bloom_9572.png,0
C:/Users/somal/OneDrive/Desktop/Capstone_Model/algae_bloom_dataset\val\algae_bloom_9573.png,0
C:/Users/somal/OneDrive/Desktop/Capstone_Model/algae_bloom_dataset\val\algae_bloom_9574.png,0
C:/Users/somal/OneDrive/Desktop/Capstone_Model/algae_bloom_dataset\val\algae_bloom_9575.png,1
C:/Users/somal/OneDrive/Desktop/Capstone_Model/algae_bloom_dataset\val\algae_bloom_9576.png,1
C:/Users/somal/OneDrive/Desktop/Capstone_Model/algae_bloom_dataset\val\algae_bloom_9577.png,0
C:/Users/somal/OneDrive/Desktop/Capstone_Model/algae_bloom_dataset\val\algae_bloom_9578.png,1
C:/Users/somal/OneDrive/Desktop/Capstone_Model/algae_bloom_dataset\val\algae_bloom_9579.png,0
C:/Users/somal/OneDrive/Desktop/Capstone_Model/algae_bloom_dataset\val\algae_bloom_9580.png,0
C:/Users/somal/OneDrive/Desktop/Capstone_Model/algae_bloom_dataset\val\algae_bloom_9581.png,0
C:/Users/somal/OneDrive/Desktop/Capstone_Model/algae_bloom_dataset\val\algae_bloom_9582.png,1
C:/Users/somal/OneDrive/Desktop/Capstone_Model/algae_bloom_dataset\val\algae_bloom_9583.png,1
C:/Users/somal/OneDrive/Desktop/Capstone_Model/algae_bloom_dataset\val\algae_bloom_9584.png,0
C:/Users/somal/OneDrive/Desktop/Capstone_Model/algae_bloom_dataset\val\algae_bloom_9585.png,0
C:/Users/somal/OneDrive/Desktop/Capstone_Model/algae_bloom_dataset\val\algae_bloom_9586.png,1
C:/Users/somal/OneDrive/Desktop/Capstone_Model/algae_bloom_dataset\val\algae_bloom_9587.png,0
C:/Users/somal/OneDrive/Desktop/Capstone_Model/algae_bloom_dataset\val\algae_bloom_9588.png,0
C:/Users/somal/OneDrive/Desktop/Capstone_Model/algae_bloom_dataset\val\algae_bloom_9589.png,0
C:/Users/somal/OneDrive/Desktop/Capstone_Model/algae_bloom_dataset\val\algae_bloom_9590.png,1
C:/Users/somal/OneDrive/Desktop/Capstone_Model/algae_bloom_dataset\val\algae_bloom_9591.png,0
C:/Users/somal/OneDrive/Desktop/Capstone_Model/algae_bloom_dataset\val\algae_bloom_9592.png,0
C:/Users/somal/OneDrive/Desktop/Capstone_Model/algae_bloom_dataset\val\algae_bloom_9593.png,1
C:/Users/somal/OneDrive/Desktop/Capstone_Model/algae_bloom_dataset\val\algae_bloom_9594.png,1
C:/Users/somal/OneDrive/Desktop/Capstone_Model/algae_bloom_dataset\val\algae_bloom_9595.png,0
C:/Users/somal/OneDrive/Desktop/Capstone_Model/algae_bloom_dataset\val\algae_bloom_9596.png,0
C:/Users/somal/OneDrive/Desktop/Capstone_Model/algae_bloom_dataset\val\algae_bloom_9597.png,0
C:/Users/somal/OneDrive/Desktop/Capstone_Model/algae_bloom_dataset\val\algae_bloom_9598.png,0
C:/Users/somal/OneDrive/Desktop/Capstone_Model/algae_bloom_dataset\val\algae_bloom_9599.png,0
C:/Users/somal/OneDrive/Desktop/Capstone_Model/algae_bloom_dataset\val\algae_bloom_9600.png,0
C:/Users/somal/OneDrive/Desktop/Capstone_Model/algae_bloom_dataset\val\algae_bloom_9601.png,1
C:/Users/somal/OneDrive/Desktop/Capstone_Model/algae_bloom_dataset\val\algae_bloom_9602.png,0
C:/Users/somal/OneDrive/Desktop/Capstone_Model/algae_bloom_dataset\val\algae_bloom_9603.png,1
C:/Users/somal/OneDrive/Desktop/Capstone_Model/algae_bloom_dataset\val\algae_bloom_9604.png,0
C:/Users/somal/OneDrive/Desktop/Capstone_Model/algae_bloom_dataset\val\algae_bloom_9605.png,0
C:/Users/somal/OneDrive/Desktop/Capstone_Model/algae_bloom_dataset\val\algae_bloom_9606.png,0
C:/Users/somal/OneDrive/Desktop/Capstone_Model/algae_bloom_dataset\val\algae_bloom_9607.png,0
C:/Users/somal/OneDrive/Desktop/Capstone_Model/algae_bloom_dataset\val\algae_bloom_9608.png,0
C:/Users/somal/OneDrive/Desktop/Capstone_Model/algae_bloom_dataset\val\algae_bloom_9609.png,0
C:/Users/somal/OneDrive/Desktop/Capstone_Model/algae_bloom_dataset\val\algae_bloom_9610.png,0
C:/Users/somal/OneDrive/Desktop/Capstone_Model/algae_bloom_dataset\val\algae_bloom_9611.png,0
C:/Users/somal/OneDrive/Desktop/Capstone_Model/algae_bloom_dataset\val\algae_bloom_9612.png,0
C:/Users/somal/OneDrive/Desktop/Capstone_Model/algae_bloom_dataset\val\algae_bloom_9613.png,0
C:/Users/somal/OneDrive/Desktop/Capstone_Model/algae_bloom_dataset\val\algae_bloom_9614.png,1
C:/Users/somal/OneDrive/Desktop/Capstone_Model/algae_bloom_dataset\val\algae_bloom_9615.png,1
C:/Users/somal/OneDrive/Desktop/Capstone_Model/algae_bloom_dataset\val\algae_bloom_9616.png,0
C:/Users/somal/OneDrive/Desktop/Capstone_Model/algae_bloom_dataset\val\algae_bloom_9617.png,0
C:/Users/somal/OneDrive/Desktop/Capstone_Model/algae_bloom_dataset\val\algae_bloom_9618.png,0
C:/Users/somal/OneDrive/Desktop/Capstone_Model/algae_bloom_dataset\val\algae_bloom_9619.png,1
C:/Users/somal/OneDrive/Desktop/Capstone_Model/algae_bloom_dataset\val\algae_bloom_9620.png,0
C:/Users/somal/OneDrive/Desktop/Capstone_Model/algae_bloom_dataset\val\algae_bloom_9621.png,0
C:/Users/somal/OneDrive/Desktop/Capstone_Model/algae_bloom_dataset\val\algae_bloom_9622.png,1
C:/Users/somal/OneDrive/Desktop/Capstone_Model/algae_bloom_dataset\val\algae_bloom_9623.png,1
C:/Users/somal/OneDrive/Desktop/Capstone_Model/algae_bloom_dataset\val\algae_bloom_9624.png,1
C:/Users/somal/OneDrive/Desktop/Capstone_Model/algae_bloom_dataset\val\algae_bloom_9625.png,1
C:/Users/somal/OneDrive/Desktop/Capstone_Model/algae_bloom_dataset\val\algae_bloom_9626.png,0
C:/Users/somal/OneDrive/Desktop/Capstone_Model/algae_bloom_dataset\val\algae_bloom_9627.png,0
C:/Users/somal/OneDrive/Desktop/Capstone_Model/algae_bloom_dataset\val\algae_bloom_9628.png,0
C:/Users/somal/OneDrive/Desktop/Capstone_Model/algae_bloom_dataset\val\algae_bloom_9629.png,0
C:/Users/somal/OneDrive/Desktop/Capstone_Model/algae_bloom_dataset\val\algae_bloom_9630.png,1
C:/Users/somal/OneDrive/Desktop/Capstone_Model/algae_bloom_dataset\val\algae_bloom_9631.png,0
C:/Users/somal/OneDrive/Desktop/Capstone_Model/algae_bloom_dataset\val\algae_bloom_9632.png,0
C:/Users/somal/OneDrive/Desktop/Capstone_Model/algae_bloom_dataset\val\algae_bloom_9633.png,1
C:/Users/somal/OneDrive/Desktop/Capstone_Model/algae_bloom_dataset\val\algae_bloom_9634.png,1
C:/Users/somal/OneDrive/Desktop/Capstone_Model/algae_bloom_dataset\val\algae_bloom_9635.png,0
C:/Users/somal/OneDrive/Desktop/Capstone_Model/algae_bloom_dataset\val\algae_bloom_9636.png,0
C:/Users/somal/OneDrive/Desktop/Capstone_Model/algae_bloom_dataset\val\algae_bloom_9637.png,0
C:/Users/somal/OneDrive/Desktop/Capstone_Model/algae_bloom_dataset\val\algae_bloom_9638.png,0
C:/Users/somal/OneDrive/Desktop/Capstone_Model/algae_bloom_dataset\val\algae_bloom_9639.png,1
C:/Users/somal/OneDrive/Desktop/Capstone_Model/algae_bloom_dataset\val\algae_bloom_9640.png,1
C:/Users/somal/OneDrive/Desktop/Capstone_Model/algae_bloom_dataset\val\algae_bloom_9641.png,0
C:/Users/somal/OneDrive/Desktop/Capstone_Model/algae_bloom_dataset\val\algae_bloom_9642.png,0
C:/Users/somal/OneDrive/Desktop/Capstone_Model/algae_bloom_dataset\val\algae_bloom_9643.png,0
C:/Users/somal/OneDrive/Desktop/Capstone_Model/algae_bloom_dataset\val\algae_bloom_9644.png,0
C:/Users/somal/OneDrive/Desktop/Capstone_Model/algae_bloom_dataset\val\algae_bloom_9645.png,0
C:/Users/somal/OneDrive/Desktop/Capstone_Model/algae_bloom_dataset\val\algae_bloom_9646.png,0
C:/Users/somal/OneDrive/Desktop/Capstone_Model/algae_bloom_dataset\val\algae_bloom_9647.png,0
C:/Users/somal/OneDrive/Desktop/Capstone_Model/algae_bloom_dataset\val\algae_bloom_9648.png,0
C:/Users/somal/OneDrive/Desktop/Capstone_Model/algae_bloom_dataset\val\algae_bloom_9649.png,0
C:/Users/somal/OneDrive/Desktop/Capstone_Model/algae_bloom_dataset\val\algae_bloom_9650.png,0
C:/Users/somal/OneDrive/Desktop/Capstone_Model/algae_bloom_dataset\val\algae_bloom_9651.png,0
C:/Users/somal/OneDrive/Desktop/Capstone_Model/algae_bloom_dataset\val\algae_bloom_9652.png,1
C:/Users/somal/OneDrive/Desktop/Capstone_Model/algae_bloom_dataset\val\algae_bloom_9653.png,0
C:/Users/somal/OneDrive/Desktop/Capstone_Model/algae_bloom_dataset\val\algae_bloom_9654.png,0
C:/Users/somal/OneDrive/Desktop/Capstone_Model/algae_bloom_dataset\val\algae_bloom_9655.png,1
C:/Users/somal/OneDrive/Desktop/Capstone_Model/algae_bloom_dataset\val\algae_bloom_9656.png,1
C:/Users/somal/OneDrive/Desktop/Capstone_Model/algae_bloom_dataset\val\algae_bloom_9657.png,1
C:/Users/somal/OneDrive/Desktop/Capstone_Model/algae_bloom_dataset\val\algae_bloom_9658.png,0
C:/Users/somal/OneDrive/Desktop/Capstone_Model/algae_bloom_dataset\val\algae_bloom_9659.png,0
C:/Users/somal/OneDrive/Desktop/Capstone_Model/algae_bloom_dataset\val\algae_bloom_9660.png,0
C:/Users/somal/OneDrive/Desktop/Capstone_Model/algae_bloom_dataset\val\algae_bloom_9661.png,0
C:/Users/somal/OneDrive/Desktop/Capstone_Model/algae_bloom_dataset\val\algae_bloom_9662.png,1
C:/Users/somal/OneDrive/Desktop/Capstone_Model/algae_bloom_dataset\val\algae_bloom_9663.png,1
C:/Users/somal/OneDrive/Desktop/Capstone_Model/algae_bloom_dataset\val\algae_bloom_9664.png,0
C:/Users/somal/OneDrive/Desktop/Capstone_Model/algae_bloom_dataset\val\algae_bloom_9665.png,0
C:/Users/somal/OneDrive/Desktop/Capstone_Model/algae_bloom_dataset\val\algae_bloom_9666.png,0
C:/Users/somal/OneDrive/Desktop/Capstone_Model/algae_bloom_dataset\val\algae_bloom_9667.png,0
C:/Users/somal/OneDrive/Desktop/Capstone_Model/algae_bloom_dataset\val\algae_bloom_9668.png,0
C:/Users/somal/OneDrive/Desktop/Capstone_Model/algae_bloom_dataset\val\algae_bloom_9669.png,0
C:/Users/somal/OneDrive/Desktop/Capstone_Model/algae_bloom_dataset\val\algae_bloom_9670.png,1
C:/Users/somal/OneDrive/Desktop/Capstone_Model/algae_bloom_dataset\val\algae_bloom_9671.png,0
C:/Users/somal/OneDrive/Desktop/Capstone_Model/algae_bloom_dataset\val\algae_bloom_9672.png,0
C:/Users/somal/OneDrive/Desktop/Capstone_Model/algae_bloom_dataset\val\algae_bloom_9673.png,0
C:/Users/somal/OneDrive/Desktop/Capstone_Model/algae_bloom_dataset\val\algae_bloom_9674.png,0
C:/Users/somal/OneDrive/Desktop/Capstone_Model/algae_bloom_dataset\val\algae_bloom_9675.png,0
C:/Users/somal/OneDrive/Desktop/Capstone_Model/algae_bloom_dataset\val\algae_bloom_9676.png,0
C:/Users/somal/OneDrive/Desktop/Capstone_Model/algae_bloom_dataset\val\algae_bloom_9677.png,1
C:/Users/somal/OneDrive/Desktop/Capstone_Model/algae_bloom_dataset\val\algae_bloom_9678.png,1
C:/Users/somal/OneDrive/Desktop/Capstone_Model/algae_bloom_dataset\val\algae_bloom_9679.png,0
C:/Users/somal/OneDrive/Desktop/Capstone_Model/algae_bloom_dataset\val\algae_bloom_9680.png,0
C:/Users/somal/OneDrive/Desktop/Capstone_Model/algae_bloom_dataset\val\algae_bloom_9681.png,0
C:/Users/somal/OneDrive/Desktop/Capstone_Model/algae_bloom_dataset\val\algae_bloom_9682.png,1
C:/Users/somal/OneDrive/Desktop/Capstone_Model/algae_bloom_dataset\val\algae_bloom_9683.png,0
C:/Users/somal/OneDrive/Desktop/Capstone_Model/algae_bloom_dataset\val\algae_bloom_9684.png,0
C:/Users/somal/OneDrive/Desktop/Capstone_Model/algae_bloom_dataset\val\algae_bloom_9685.png,0
C:/Users/somal/OneDrive/Desktop/Capstone_Model/algae_bloom_dataset\val\algae_bloom_9686.png,0
C:/Users/somal/OneDrive/Desktop/Capstone_Model/algae_bloom_dataset\val\algae_bloom_9687.png,1
C:/Users/somal/OneDrive/Desktop/Capstone_Model/algae_bloom_dataset\val\algae_bloom_9688.png,0
C:/Users/somal/OneDrive/Desktop/Capstone_Model/algae_bloom_dataset\val\algae_bloom_9689.png,0
C:/Users/somal/OneDrive/Desktop/Capstone_Model/algae_bloom_dataset\val\algae_bloom_9690.png,0
C:/Users/somal/OneDrive/Desktop/Capstone_Model/algae_bloom_dataset\val\algae_bloom_9691.png,1
C:/Users/somal/OneDrive/Desktop/Capstone_Model/algae_bloom_dataset\val\algae_bloom_9692.png,1
C:/Users/somal/OneDrive/Desktop/Capstone_Model/algae_bloom_dataset\val\algae_bloom_9693.png,0
C:/Users/somal/OneDrive/Desktop/Capstone_Model/algae_bloom_dataset\val\algae_bloom_9694.png,0
C:/Users/somal/OneDrive/Desktop/Capstone_Model/algae_bloom_dataset\val\algae_bloom_9695.png,1
C:/Users/somal/OneDrive/Desktop/Capstone_Model/algae_bloom_dataset\val\algae_bloom_9696.png,0
C:/Users/somal/OneDrive/Desktop/Capstone_Model/algae_bloom_dataset\val\algae_bloom_9697.png,1
C:/Users/somal/OneDrive/Desktop/Capstone_Model/algae_bloom_dataset\val\algae_bloom_9698.png,0
C:/Users/somal/OneDrive/Desktop/Capstone_Model/algae_bloom_dataset\val\algae_bloom_9699.png,1
C:/Users/somal/OneDrive/Desktop/Capstone_Model/algae_bloom_dataset\val\algae_bloom_9700.png,0
C:/Users/somal/OneDrive/Desktop/Capstone_Model/algae_bloom_dataset\val\algae_bloom_9701.png,0
C:/Users/somal/OneDrive/Desktop/Capstone_Model/algae_bloom_dataset\val\algae_bloom_9702.png,0
C:/Users/somal/OneDrive/Desktop/Capstone_Model/algae_bloom_dataset\val\algae_bloom_9703.png,0
C:/Users/somal/OneDrive/Desktop/Capstone_Model/algae_bloom_dataset\val\algae_bloom_9704.png,1
C:/Users/somal/OneDrive/Desktop/Capstone_Model/algae_bloom_dataset\val\algae_bloom_9705.png,0
C:/Users/somal/OneDrive/Desktop/Capstone_Model/algae_bloom_dataset\val\algae_bloom_9706.png,0
C:/Users/somal/OneDrive/Desktop/Capstone_Model/algae_bloom_dataset\val\algae_bloom_9707.png,1
C:/Users/somal/OneDrive/Desktop/Capstone_Model/algae_bloom_dataset\val\algae_bloom_9708.png,0
C:/Users/somal/OneDrive/Desktop/Capstone_Model/algae_bloom_dataset\val\algae_bloom_9709.png,0
C:/Users/somal/OneDrive/Desktop/Capstone_Model/algae_bloom_dataset\val\algae_bloom_9710.png,0
C:/Users/somal/OneDrive/Desktop/Capstone_Model/algae_bloom_dataset\val\algae_bloom_9711.png,0
C:/Users/somal/OneDrive/Desktop/Capstone_Model/algae_bloom_dataset\val\algae_bloom_9712.png,0
C:/Users/somal/OneDrive/Desktop/Capstone_Model/algae_bloom_dataset\val\algae_bloom_9713.png,0
C:/Users/somal/OneDrive/Desktop/Capstone_Model/algae_bloom_dataset\val\algae_bloom_9714.png,1
C:/Users/somal/OneDrive/Desktop/Capstone_Model/algae_bloom_dataset\val\algae_bloom_9715.png,0
C:/Users/somal/OneDrive/Desktop/Capstone_Model/algae_bloom_dataset\val\algae_bloom_9716.png,0
C:/Users/somal/OneDrive/Desktop/Capstone_Model/algae_bloom_dataset\val\algae_bloom_9717.png,0
C:/Users/somal/OneDrive/Desktop/Capstone_Model/algae_bloom_dataset\val\algae_bloom_9718.png,0
C:/Users/somal/OneDrive/Desktop/Capstone_Model/algae_bloom_dataset\val\algae_bloom_9719.png,1
C:/Users/somal/OneDrive/Desktop/Capstone_Model/algae_bloom_dataset\val\algae_bloom_9720.png,1
C:/Users/somal/OneDrive/Desktop/Capstone_Model/algae_bloom_dataset\val\algae_bloom_9721.png,0
C:/Users/somal/OneDrive/Desktop/Capstone_Model/algae_bloom_dataset\val\algae_bloom_9722.png,0
C:/Users/somal/OneDrive/Desktop/Capstone_Model/algae_bloom_dataset\val\algae_bloom_9723.png,0
C:/Users/somal/OneDrive/Desktop/Capstone_Model/algae_bloom_dataset\val\algae_bloom_9724.png,0
C:/Users/somal/OneDrive/Desktop/Capstone_Model/algae_bloom_dataset\val\algae_bloom_9725.png,1
C:/Users/somal/OneDrive/Desktop/Capstone_Model/algae_bloom_dataset\val\algae_bloom_9726.png,0
C:/Users/somal/OneDrive/Desktop/Capstone_Model/algae_bloom_dataset\val\algae_bloom_9727.png,0
C:/Users/somal/OneDrive/Desktop/Capstone_Model/algae_bloom_dataset\val\algae_bloom_9728.png,1
C:/Users/somal/OneDrive/Desktop/Capstone_Model/algae_bloom_dataset\val\algae_bloom_9729.png,1
C:/Users/somal/OneDrive/Desktop/Capstone_Model/algae_bloom_dataset\val\algae_bloom_9730.png,0
C:/Users/somal/OneDrive/Desktop/Capstone_Model/algae_bloom_dataset\val\algae_bloom_9731.png,0
C:/Users/somal/OneDrive/Desktop/Capstone_Model/algae_bloom_dataset\val\algae_bloom_9732.png,1
C:/Users/somal/OneDrive/Desktop/Capstone_Model/algae_bloom_dataset\val\algae_bloom_9733.png,0
C:/Users/somal/OneDrive/Desktop/Capstone_Model/algae_bloom_dataset\val\algae_bloom_9734.png,0
C:/Users/somal/OneDrive/Desktop/Capstone_Model/algae_bloom_dataset\val\algae_bloom_9735.png,0
C:/Users/somal/OneDrive/Desktop/Capstone_Model/algae_bloom_dataset\val\algae_bloom_9736.png,1
C:/Users/somal/OneDrive/Desktop/Capstone_Model/algae_bloom_dataset\val\algae_bloom_9737.png,0
C:/Users/somal/OneDrive/Desktop/Capstone_Model/algae_bloom_dataset\val\algae_bloom_9738.png,0
C:/Users/somal/OneDrive/Desktop/Capstone_Model/algae_bloom_dataset\val\algae_bloom_9739.png,0
C:/Users/somal/OneDrive/Desktop/Capstone_Model/algae_bloom_dataset\val\algae_bloom_9740.png,1
C:/Users/somal/OneDrive/Desktop/Capstone_Model/algae_bloom_dataset\val\algae_bloom_9741.png,0
C:/Users/somal/OneDrive/Desktop/Capstone_Model/algae_bloom_dataset\val\algae_bloom_9742.png,0
C:/Users/somal/OneDrive/Desktop/Capstone_Model/algae_bloom_dataset\val\algae_bloom_9743.png,0
C:/Users/somal/OneDrive/Desktop/Capstone_Model/algae_bloom_dataset\val\algae_bloom_9744.png,0
C:/Users/somal/OneDrive/Desktop/Capstone_Model/algae_bloom_dataset\val\algae_bloom_9745.png,0
C:/Users/somal/OneDrive/Desktop/Capstone_Model/algae_bloom_dataset\val\algae_bloom_9746.png,0
C:/Users/somal/OneDrive/Desktop/Capstone_Model/algae_bloom_dataset\val\algae_bloom_9747.png,0
C:/Users/somal/OneDrive/Desktop/Capstone_Model/algae_bloom_dataset\val\algae_bloom_9748.png,1
C:/Users/somal/OneDrive/Desktop/Capstone_Model/algae_bloom_dataset\val\algae_bloom_9749.png,0
C:/Users/somal/OneDrive/Desktop/Capstone_Model/algae_bloom_dataset\val\algae_bloom_9750.png,1
C:/Users/somal/OneDrive/Desktop/Capstone_Model/algae_bloom_dataset\val\algae_bloom_9751.png,0
C:/Users/somal/OneDrive/Desktop/Capstone_Model/algae_bloom_dataset\val\algae_bloom_9752.png,0
C:/Users/somal/OneDrive/Desktop/Capstone_Model/algae_bloom_dataset\val\algae_bloom_9753.png,1
C:/Users/somal/OneDrive/Desktop/Capstone_Model/algae_bloom_dataset\val\algae_bloom_9754.png,0
C:/Users/somal/OneDrive/Desktop/Capstone_Model/algae_bloom_dataset\val\algae_bloom_9755.png,0
C:/Users/somal/OneDrive/Desktop/Capstone_Model/algae_bloom_dataset\val\algae_bloom_9756.png,0
C:/Users/somal/OneDrive/Desktop/Capstone_Model/algae_bloom_dataset\val\algae_bloom_9757.png,0
C:/Users/somal/OneDrive/Desktop/Capstone_Model/algae_bloom_dataset\val\algae_bloom_9758.png,0
C:/Users/somal/OneDrive/Desktop/Capstone_Model/algae_bloom_dataset\val\algae_bloom_9759.png,0
C:/Users/somal/OneDrive/Desktop/Capstone_Model/algae_bloom_dataset\val\algae_bloom_9760.png,0
C:/Users/somal/OneDrive/Desktop/Capstone_Model/algae_bloom_dataset\val\algae_bloom_9761.png,0
C:/Users/somal/OneDrive/Desktop/Capstone_Model/algae_bloom_dataset\val\algae_bloom_9762.png,0
C:/Users/somal/OneDrive/Desktop/Capstone_Model/algae_bloom_dataset\val\algae_bloom_9763.png,0
C:/Users/somal/OneDrive/Desktop/Capstone_Model/algae_bloom_dataset\val\algae_bloom_9764.png,0
C:/Users/somal/OneDrive/Desktop/Capstone_Model/algae_bloom_dataset\val\algae_bloom_9765.png,1
C:/Users/somal/OneDrive/Desktop/Capstone_Model/algae_bloom_dataset\val\algae_bloom_9766.png,0
C:/Users/somal/OneDrive/Desktop/Capstone_Model/algae_bloom_dataset\val\algae_bloom_9767.png,1
C:/Users/somal/OneDrive/Desktop/Capstone_Model/algae_bloom_dataset\val\algae_bloom_9768.png,0
C:/Users/somal/OneDrive/Desktop/Capstone_Model/algae_bloom_dataset\val\algae_bloom_9769.png,0
C:/Users/somal/OneDrive/Desktop/Capstone_Model/algae_bloom_dataset\val\algae_bloom_9770.png,1
C:/Users/somal/OneDrive/Desktop/Capstone_Model/algae_bloom_dataset\val\algae_bloom_9771.png,0
C:/Users/somal/OneDrive/Desktop/Capstone_Model/algae_bloom_dataset\val\algae_bloom_9772.png,1
C:/Users/somal/OneDrive/Desktop/Capstone_Model/algae_bloom_dataset\val\algae_bloom_9773.png,1
C:/Users/somal/OneDrive/Desktop/Capstone_Model/algae_bloom_dataset\val\algae_bloom_9774.png,1
C:/Users/somal/OneDrive/Desktop/Capstone_Model/algae_bloom_dataset\val\algae_bloom_9775.png,0
C:/Users/somal/OneDrive/Desktop/Capstone_Model/algae_bloom_dataset\val\algae_bloom_9776.png,0
C:/Users/somal/OneDrive/Desktop/Capstone_Model/algae_bloom_dataset\val\algae_bloom_9777.png,1
C:/Users/somal/OneDrive/Desktop/Capstone_Model/algae_bloom_dataset\val\algae_bloom_9778.png,0
C:/Users/somal/OneDrive/Desktop/Capstone_Model/algae_bloom_dataset\val\algae_bloom_9779.png,0
C:/Users/somal/OneDrive/Desktop/Capstone_Model/algae_bloom_dataset\val\algae_bloom_9780.png,1
C:/Users/somal/OneDrive/Desktop/Capstone_Model/algae_bloom_dataset\val\algae_bloom_9781.png,0
C:/Users/somal/OneDrive/Desktop/Capstone_Model/algae_bloom_dataset\val\algae_bloom_9782.png,0
C:/Users/somal/OneDrive/Desktop/Capstone_Model/algae_bloom_dataset\val\algae_bloom_9783.png,0
C:/Users/somal/OneDrive/Desktop/Capstone_Model/algae_bloom_dataset\val\algae_bloom_9784.png,1
C:/Users/somal/OneDrive/Desktop/Capstone_Model/algae_bloom_dataset\val\algae_bloom_9785.png,1
C:/Users/somal/OneDrive/Desktop/Capstone_Model/algae_bloom_dataset\val\algae_bloom_9786.png,0
C:/Users/somal/OneDrive/Desktop/Capstone_Model/algae_bloom_dataset\val\algae_bloom_9787.png,1
C:/Users/somal/OneDrive/Desktop/Capstone_Model/algae_bloom_dataset\val\algae_bloom_9788.png,0
C:/Users/somal/OneDrive/Desktop/Capstone_Model/algae_bloom_dataset\val\algae_bloom_9789.png,0
C:/Users/somal/OneDrive/Desktop/Capstone_Model/algae_bloom_dataset\val\algae_bloom_9790.png,1
C:/Users/somal/OneDrive/Desktop/Capstone_Model/algae_bloom_dataset\val\algae_bloom_9791.png,0
C:/Users/somal/OneDrive/Desktop/Capstone_Model/algae_bloom_dataset\val\algae_bloom_9792.png,0
C:/Users/somal/OneDrive/Desktop/Capstone_Model/algae_bloom_dataset\val\algae_bloom_9793.png,0
C:/Users/somal/OneDrive/Desktop/Capstone_Model/algae_bloom_dataset\val\algae_bloom_9794.png,0
C:/Users/somal/OneDrive/Desktop/Capstone_Model/algae_bloom_dataset\val\algae_bloom_9795.png,1
C:/Users/somal/OneDrive/Desktop/Capstone_Model/algae_bloom_dataset\val\algae_bloom_9796.png,0
C:/Users/somal/OneDrive/Desktop/Capstone_Model/algae_bloom_dataset\val\algae_bloom_9797.png,0
C:/Users/somal/OneDrive/Desktop/Capstone_Model/algae_bloom_dataset\val\algae_bloom_9798.png,0
C:/Users/somal/OneDrive/Desktop/Capstone_Model/algae_bloom_dataset\val\algae_bloom_9799.png,1
C:/Users/somal/OneDrive/Desktop/Capstone_Model/algae_bloom_dataset\val\algae_bloom_9800.png,0
C:/Users/somal/OneDrive/Desktop/Capstone_Model/algae_bloom_dataset\val\algae_bloom_9801.png,0
C:/Users/somal/OneDrive/Desktop/Capstone_Model/algae_bloom_dataset\val\algae_bloom_9802.png,0
C:/Users/somal/OneDrive/Desktop/Capstone_Model/algae_bloom_dataset\val\algae_bloom_9803.png,0
C:/Users/somal/OneDrive/Desktop/Capstone_Model/algae_bloom_dataset\val\algae_bloom_9804.png,1
C:/Users/somal/OneDrive/Desktop/Capstone_Model/algae_bloom_dataset\val\algae_bloom_9805.png,1
C:/Users/somal/OneDrive/Desktop/Capstone_Model/algae_bloom_dataset\val\algae_bloom_9806.png,0
C:/Users/somal/OneDrive/Desktop/Capstone_Model/algae_bloom_dataset\val\algae_bloom_9807.png,0
C:/Users/somal/OneDrive/Desktop/Capstone_Model/algae_bloom_dataset\val\algae_bloom_9808.png,0
C:/Users/somal/OneDrive/Desktop/Capstone_Model/algae_bloom_dataset\val\algae_bloom_9809.png,0
C:/Users/somal/OneDrive/Desktop/Capstone_Model/algae_bloom_dataset\val\algae_bloom_9810.png,1
C:/Users/somal/OneDrive/Desktop/Capstone_Model/algae_bloom_dataset\val\algae_bloom_9811.png,0
C:/Users/somal/OneDrive/Desktop/Capstone_Model/algae_bloom_dataset\val\algae_bloom_9812.png,1
C:/Users/somal/OneDrive/Desktop/Capstone_Model/algae_bloom_dataset\val\algae_bloom_9813.png,0
C:/Users/somal/OneDrive/Desktop/Capstone_Model/algae_bloom_dataset\val\algae_bloom_9814.png,0
C:/Users/somal/OneDrive/Desktop/Capstone_Model/algae_bloom_dataset\val\algae_bloom_9815.png,1
C:/Users/somal/OneDrive/Desktop/Capstone_Model/algae_bloom_dataset\val\algae_bloom_9816.png,0
C:/Users/somal/OneDrive/Desktop/Capstone_Model/algae_bloom_dataset\val\algae_bloom_9817.png,0
C:/Users/somal/OneDrive/Desktop/Capstone_Model/algae_bloom_dataset\val\algae_bloom_9818.png,0
C:/Users/somal/OneDrive/Desktop/Capstone_Model/algae_bloom_dataset\val\algae_bloom_9819.png,0
C:/Users/somal/OneDrive/Desktop/Capstone_Model/algae_bloom_dataset\val\algae_bloom_9820.png,0
C:/Users/somal/OneDrive/Desktop/Capstone_Model/algae_bloom_dataset\val\algae_bloom_9821.png,0
C:/Users/somal/OneDrive/Desktop/Capstone_Model/algae_bloom_dataset\val\algae_bloom_9822.png,1
C:/Users/somal/OneDrive/Desktop/Capstone_Model/algae_bloom_dataset\val\algae_bloom_9823.png,0
C:/Users/somal/OneDrive/Desktop/Capstone_Model/algae_bloom_dataset\val\algae_bloom_9824.png,0
C:/Users/somal/OneDrive/Desktop/Capstone_Model/algae_bloom_dataset\val\algae_bloom_9825.png,0
C:/Users/somal/OneDrive/Desktop/Capstone_Model/algae_bloom_dataset\val\algae_bloom_9826.png,0
C:/Users/somal/OneDrive/Desktop/Capstone_Model/algae_bloom_dataset\val\algae_bloom_9827.png,0
C:/Users/somal/OneDrive/Desktop/Capstone_Model/algae_bloom_dataset\val\algae_bloom_9828.png,0
C:/Users/somal/OneDrive/Desktop/Capstone_Model/algae_bloom_dataset\val\algae_bloom_9829.png,1
C:/Users/somal/OneDrive/Desktop/Capstone_Model/algae_bloom_dataset\val\algae_bloom_9830.png,1
C:/Users/somal/OneDrive/Desktop/Capstone_Model/algae_bloom_dataset\val\algae_bloom_9831.png,0
C:/Users/somal/OneDrive/Desktop/Capstone_Model/algae_bloom_dataset\val\algae_bloom_9832.png,1
C:/Users/somal/OneDrive/Desktop/Capstone_Model/algae_bloom_dataset\val\algae_bloom_9833.png,0
C:/Users/somal/OneDrive/Desktop/Capstone_Model/algae_bloom_dataset\val\algae_bloom_9834.png,0
C:/Users/somal/OneDrive/Desktop/Capstone_Model/algae_bloom_dataset\val\algae_bloom_9835.png,0
C:/Users/somal/OneDrive/Desktop/Capstone_Model/algae_bloom_dataset\val\algae_bloom_9836.png,1
C:/Users/somal/OneDrive/Desktop/Capstone_Model/algae_bloom_dataset\val\algae_bloom_9837.png,0
C:/Users/somal/OneDrive/Desktop/Capstone_Model/algae_bloom_dataset\val\algae_bloom_9838.png,0
C:/Users/somal/OneDrive/Desktop/Capstone_Model/algae_bloom_dataset\val\algae_bloom_9839.png,0
C:/Users/somal/OneDrive/Desktop/Capstone_Model/algae_bloom_dataset\val\algae_bloom_9840.png,0
C:/Users/somal/OneDrive/Desktop/Capstone_Model/algae_bloom_dataset\val\algae_bloom_9841.png,0
C:/Users/somal/OneDrive/Desktop/Capstone_Model/algae_bloom_dataset\val\algae_bloom_9842.png,0
C:/Users/somal/OneDrive/Desktop/Capstone_Model/algae_bloom_dataset\val\algae_bloom_9843.png,0
C:/Users/somal/OneDrive/Desktop/Capstone_Model/algae_bloom_dataset\val\algae_bloom_9844.png,0
C:/Users/somal/OneDrive/Desktop/Capstone_Model/algae_bloom_dataset\val\algae_bloom_9845.png,0
C:/Users/somal/OneDrive/Desktop/Capstone_Model/algae_bloom_dataset\val\algae_bloom_9846.png,1
C:/Users/somal/OneDrive/Desktop/Capstone_Model/algae_bloom_dataset\val\algae_bloom_9847.png,0
C:/Users/somal/OneDrive/Desktop/Capstone_Model/algae_bloom_dataset\val\algae_bloom_9848.png,0
C:/Users/somal/OneDrive/Desktop/Capstone_Model/algae_bloom_dataset\val\algae_bloom_9849.png,0
C:/Users/somal/OneDrive/Desktop/Capstone_Model/algae_bloom_dataset\val\algae_bloom_9850.png,0
C:/Users/somal/OneDrive/Desktop/Capstone_Model/algae_bloom_dataset\val\algae_bloom_9851.png,0
C:/Users/somal/OneDrive/Desktop/Capstone_Model/algae_bloom_dataset\val\algae_bloom_9852.png,0
C:/Users/somal/OneDrive/Desktop/Capstone_Model/algae_bloom_dataset\val\algae_bloom_9853.png,0
C:/Users/somal/OneDrive/Desktop/Capstone_Model/algae_bloom_dataset\val\algae_bloom_9854.png,0
C:/Users/somal/OneDrive/Desktop/Capstone_Model/algae_bloom_dataset\val\algae_bloom_9855.png,0
C:/Users/somal/OneDrive/Desktop/Capstone_Model/algae_bloom_dataset\val\algae_bloom_9856.png,0
C:/Users/somal/OneDrive/Desktop/Capstone_Model/algae_bloom_dataset\val\algae_bloom_9857.png,0
C:/Users/somal/OneDrive/Desktop/Capstone_Model/algae_bloom_dataset\val\algae_bloom_9858.png,0
C:/Users/somal/OneDrive/Desktop/Capstone_Model/algae_bloom_dataset\val\algae_bloom_9859.png,0
C:/Users/somal/OneDrive/Desktop/Capstone_Model/algae_bloom_dataset\val\algae_bloom_9860.png,0
C:/Users/somal/OneDrive/Desktop/Capstone_Model/algae_bloom_dataset\val\algae_bloom_9861.png,0
C:/Users/somal/OneDrive/Desktop/Capstone_Model/algae_bloom_dataset\val\algae_bloom_9862.png,0
C:/Users/somal/OneDrive/Desktop/Capstone_Model/algae_bloom_dataset\val\algae_bloom_9863.png,0
C:/Users/somal/OneDrive/Desktop/Capstone_Model/algae_bloom_dataset\val\algae_bloom_9864.png,0
C:/Users/somal/OneDrive/Desktop/Capstone_Model/algae_bloom_dataset\val\algae_bloom_9865.png,0
C:/Users/somal/OneDrive/Desktop/Capstone_Model/algae_bloom_dataset\val\algae_bloom_9866.png,0
C:/Users/somal/OneDrive/Desktop/Capstone_Model/algae_bloom_dataset\val\algae_bloom_9867.png,1
C:/Users/somal/OneDrive/Desktop/Capstone_Model/algae_bloom_dataset\val\algae_bloom_9868.png,0
C:/Users/somal/OneDrive/Desktop/Capstone_Model/algae_bloom_dataset\val\algae_bloom_9869.png,0
C:/Users/somal/OneDrive/Desktop/Capstone_Model/algae_bloom_dataset\val\algae_bloom_9870.png,0
C:/Users/somal/OneDrive/Desktop/Capstone_Model/algae_bloom_dataset\val\algae_bloom_9871.png,0
C:/Users/somal/OneDrive/Desktop/Capstone_Model/algae_bloom_dataset\val\algae_bloom_9872.png,0
C:/Users/somal/OneDrive/Desktop/Capstone_Model/algae_bloom_dataset\val\algae_bloom_9873.png,0
C:/Users/somal/OneDrive/Desktop/Capstone_Model/algae_bloom_dataset\val\algae_bloom_9874.png,0
C:/Users/somal/OneDrive/Desktop/Capstone_Model/algae_bloom_dataset\val\algae_bloom_9875.png,1
C:/Users/somal/OneDrive/Desktop/Capstone_Model/algae_bloom_dataset\val\algae_bloom_9876.png,0
C:/Users/somal/OneDrive/Desktop/Capstone_Model/algae_bloom_dataset\val\algae_bloom_9877.png,1
C:/Users/somal/OneDrive/Desktop/Capstone_Model/algae_bloom_dataset\val\algae_bloom_9878.png,0
C:/Users/somal/OneDrive/Desktop/Capstone_Model/algae_bloom_dataset\val\algae_bloom_9879.png,1
C:/Users/somal/OneDrive/Desktop/Capstone_Model/algae_bloom_dataset\val\algae_bloom_9880.png,0
C:/Users/somal/OneDrive/Desktop/Capstone_Model/algae_bloom_dataset\val\algae_bloom_9881.png,0
C:/Users/somal/OneDrive/Desktop/Capstone_Model/algae_bloom_dataset\val\algae_bloom_9882.png,0
C:/Users/somal/OneDrive/Desktop/Capstone_Model/algae_bloom_dataset\val\algae_bloom_9883.png,0
C:/Users/somal/OneDrive/Desktop/Capstone_Model/algae_bloom_dataset\val\algae_bloom_9884.png,1
C:/Users/somal/OneDrive/Desktop/Capstone_Model/algae_bloom_dataset\val\algae_bloom_9885.png,0
C:/Users/somal/OneDrive/Desktop/Capstone_Model/algae_bloom_dataset\val\algae_bloom_9886.png,0
C:/Users/somal/OneDrive/Desktop/Capstone_Model/algae_bloom_dataset\val\algae_bloom_9887.png,1
C:/Users/somal/OneDrive/Desktop/Capstone_Model/algae_bloom_dataset\val\algae_bloom_9888.png,0
C:/Users/somal/OneDrive/Desktop/Capstone_Model/algae_bloom_dataset\val\algae_bloom_9889.png,0
C:/Users/somal/OneDrive/Desktop/Capstone_Model/algae_bloom_dataset\val\algae_bloom_9890.png,1
C:/Users/somal/OneDrive/Desktop/Capstone_Model/algae_bloom_dataset\val\algae_bloom_9891.png,0
C:/Users/somal/OneDrive/Desktop/Capstone_Model/algae_bloom_dataset\val\algae_bloom_9892.png,0
C:/Users/somal/OneDrive/Desktop/Capstone_Model/algae_bloom_dataset\val\algae_bloom_9893.png,0
C:/Users/somal/OneDrive/Desktop/Capstone_Model/algae_bloom_dataset\val\algae_bloom_9894.png,0
C:/Users/somal/OneDrive/Desktop/Capstone_Model/algae_bloom_dataset\val\algae_bloom_9895.png,1
C:/Users/somal/OneDrive/Desktop/Capstone_Model/algae_bloom_dataset\val\algae_bloom_9896.png,0
C:/Users/somal/OneDrive/Desktop/Capstone_Model/algae_bloom_dataset\val\algae_bloom_9897.png,0
C:/Users/somal/OneDrive/Desktop/Capstone_Model/algae_bloom_dataset\val\algae_bloom_9898.png,0
C:/Users/somal/OneDrive/Desktop/Capstone_Model/algae_bloom_dataset\val\algae_bloom_9899.png,0
C:/Users/somal/OneDrive/Desktop/Capstone_Model/algae_bloom_dataset\val\algae_bloom_9900.png,1
C:/Users/somal/OneDrive/Desktop/Capstone_Model/algae_bloom_dataset\val\algae_bloom_9901.png,1
C:/Users/somal/OneDrive/Desktop/Capstone_Model/algae_bloom_dataset\val\algae_bloom_9902.png,0
C:/Users/somal/OneDrive/Desktop/Capstone_Model/algae_bloom_dataset\val\algae_bloom_9903.png,1
C:/Users/somal/OneDrive/Desktop/Capstone_Model/algae_bloom_dataset\val\algae_bloom_9904.png,0
C:/Users/somal/OneDrive/Desktop/Capstone_Model/algae_bloom_dataset\val\algae_bloom_9905.png,0
C:/Users/somal/OneDrive/Desktop/Capstone_Model/algae_bloom_dataset\val\algae_bloom_9906.png,0
C:/Users/somal/OneDrive/Desktop/Capstone_Model/algae_bloom_dataset\val\algae_bloom_9907.png,0
C:/Users/somal/OneDrive/Desktop/Capstone_Model/algae_bloom_dataset\val\algae_bloom_9908.png,1
C:/Users/somal/OneDrive/Desktop/Capstone_Model/algae_bloom_dataset\val\algae_bloom_9909.png,0
C:/Users/somal/OneDrive/Desktop/Capstone_Model/algae_bloom_dataset\val\algae_bloom_9910.png,0
C:/Users/somal/OneDrive/Desktop/Capstone_Model/algae_bloom_dataset\val\algae_bloom_9911.png,1
C:/Users/somal/OneDrive/Desktop/Capstone_Model/algae_bloom_dataset\val\algae_bloom_9912.png,1
C:/Users/somal/OneDrive/Desktop/Capstone_Model/algae_bloom_dataset\val\algae_bloom_9913.png,0
C:/Users/somal/OneDrive/Desktop/Capstone_Model/algae_bloom_dataset\val\algae_bloom_9914.png,1
C:/Users/somal/OneDrive/Desktop/Capstone_Model/algae_bloom_dataset\val\algae_bloom_9915.png,1
C:/Users/somal/OneDrive/Desktop/Capstone_Model/algae_bloom_dataset\val\algae_bloom_9916.png,0
C:/Users/somal/OneDrive/Desktop/Capstone_Model/algae_bloom_dataset\val\algae_bloom_9917.png,0
C:/Users/somal/OneDrive/Desktop/Capstone_Model/algae_bloom_dataset\val\algae_bloom_9918.png,0
C:/Users/somal/OneDrive/Desktop/Capstone_Model/algae_bloom_dataset\val\algae_bloom_9919.png,0
C:/Users/somal/OneDrive/Desktop/Capstone_Model/algae_bloom_dataset\val\algae_bloom_9920.png,0
C:/Users/somal/OneDrive/Desktop/Capstone_Model/algae_bloom_dataset\val\algae_bloom_9921.png,1
C:/Users/somal/OneDrive/Desktop/Capstone_Model/algae_bloom_dataset\val\algae_bloom_9922.png,0
C:/Users/somal/OneDrive/Desktop/Capstone_Model/algae_bloom_dataset\val\algae_bloom_9923.png,1
C:/Users/somal/OneDrive/Desktop/Capstone_Model/algae_bloom_dataset\val\algae_bloom_9924.png,0
C:/Users/somal/OneDrive/Desktop/Capstone_Model/algae_bloom_dataset\val\algae_bloom_9925.png,0
C:/Users/somal/OneDrive/Desktop/Capstone_Model/algae_bloom_dataset\val\algae_bloom_9926.png,0
C:/Users/somal/OneDrive/Desktop/Capstone_Model/algae_bloom_dataset\val\algae_bloom_9927.png,0
C:/Users/somal/OneDrive/Desktop/Capstone_Model/algae_bloom_dataset\val\algae_bloom_9928.png,1
C:/Users/somal/OneDrive/Desktop/Capstone_Model/algae_bloom_dataset\val\algae_bloom_9929.png,1
C:/Users/somal/OneDrive/Desktop/Capstone_Model/algae_bloom_dataset\val\algae_bloom_9930.png,0
C:/Users/somal/OneDrive/Desktop/Capstone_Model/algae_bloom_dataset\val\algae_bloom_9931.png,0
C:/Users/somal/OneDrive/Desktop/Capstone_Model/algae_bloom_dataset\val\algae_bloom_9932.png,1
C:/Users/somal/OneDrive/Desktop/Capstone_Model/algae_bloom_dataset\val\algae_bloom_9933.png,0
C:/Users/somal/OneDrive/Desktop/Capstone_Model/algae_bloom_dataset\val\algae_bloom_9934.png,0
C:/Users/somal/OneDrive/Desktop/Capstone_Model/algae_bloom_dataset\val\algae_bloom_9935.png,1
C:/Users/somal/OneDrive/Desktop/Capstone_Model/algae_bloom_dataset\val\algae_bloom_9936.png,0
C:/Users/somal/OneDrive/Desktop/Capstone_Model/algae_bloom_dataset\val\algae_bloom_9937.png,1
C:/Users/somal/OneDrive/Desktop/Capstone_Model/algae_bloom_dataset\val\algae_bloom_9938.png,1
C:/Users/somal/OneDrive/Desktop/Capstone_Model/algae_bloom_dataset\val\algae_bloom_9939.png,0
C:/Users/somal/OneDrive/Desktop/Capstone_Model/algae_bloom_dataset\val\algae_bloom_9940.png,1
C:/Users/somal/OneDrive/Desktop/Capstone_Model/algae_bloom_dataset\val\algae_bloom_9941.png,0
C:/Users/somal/OneDrive/Desktop/Capstone_Model/algae_bloom_dataset\val\algae_bloom_9942.png,0
C:/Users/somal/OneDrive/Desktop/Capstone_Model/algae_bloom_dataset\val\algae_bloom_9943.png,0
C:/Users/somal/OneDrive/Desktop/Capstone_Model/algae_bloom_dataset\val\algae_bloom_9944.png,0
C:/Users/somal/OneDrive/Desktop/Capstone_Model/algae_bloom_dataset\val\algae_bloom_9945.png,0
C:/Users/somal/OneDrive/Desktop/Capstone_Model/algae_bloom_dataset\val\algae_bloom_9946.png,0
C:/Users/somal/OneDrive/Desktop/Capstone_Model/algae_bloom_dataset\val\algae_bloom_9947.png,0
C:/Users/somal/OneDrive/Desktop/Capstone_Model/algae_bloom_dataset\val\algae_bloom_9948.png,0
C:/Users/somal/OneDrive/Desktop/Capstone_Model/algae_bloom_dataset\val\algae_bloom_9949.png,1
C:/Users/somal/OneDrive/Desktop/Capstone_Model/algae_bloom_dataset\val\algae_bloom_9950.png,1
C:/Users/somal/OneDrive/Desktop/Capstone_Model/algae_bloom_dataset\val\algae_bloom_9951.png,0
C:/Users/somal/OneDrive/Desktop/Capstone_Model/algae_bloom_dataset\val\algae_bloom_9952.png,0
C:/Users/somal/OneDrive/Desktop/Capstone_Model/algae_bloom_dataset\val\algae_bloom_9953.png,0
C:/Users/somal/OneDrive/Desktop/Capstone_Model/algae_bloom_dataset\val\algae_bloom_9954.png,1
C:/Users/somal/OneDrive/Desktop/Capstone_Model/algae_bloom_dataset\val\algae_bloom_9955.png,0
C:/Users/somal/OneDrive/Desktop/Capstone_Model/algae_bloom_dataset\val\algae_bloom_9956.png,1
C:/Users/somal/OneDrive/Desktop/Capstone_Model/algae_bloom_dataset\val\algae_bloom_9957.png,0
C:/Users/somal/OneDrive/Desktop/Capstone_Model/algae_bloom_dataset\val\algae_bloom_9958.png,0
C:/Users/somal/OneDrive/Desktop/Capstone_Model/algae_bloom_dataset\val\algae_bloom_9959.png,0
C:/Users/somal/OneDrive/Desktop/Capstone_Model/algae_bloom_dataset\val\algae_bloom_9960.png,1
C:/Users/somal/OneDrive/Desktop/Capstone_Model/algae_bloom_dataset\val\algae_bloom_9961.png,1
C:/Users/somal/OneDrive/Desktop/Capstone_Model/algae_bloom_dataset\val\algae_bloom_9962.png,1
C:/Users/somal/OneDrive/Desktop/Capstone_Model/algae_bloom_dataset\val\algae_bloom_9963.png,0
C:/Users/somal/OneDrive/Desktop/Capstone_Model/algae_bloom_dataset\val\algae_bloom_9964.png,0
C:/Users/somal/OneDrive/Desktop/Capstone_Model/algae_bloom_dataset\val\algae_bloom_9965.png,0
C:/Users/somal/OneDrive/Desktop/Capstone_Model/algae_bloom_dataset\val\algae_bloom_9966.png,0
C:/Users/somal/OneDrive/Desktop/Capstone_Model/algae_bloom_dataset\val\algae_bloom_9967.png,0
C:/Users/somal/OneDrive/Desktop/Capstone_Model/algae_bloom_dataset\val\algae_bloom_9968.png,1
C:/Users/somal/OneDrive/Desktop/Capstone_Model/algae_bloom_dataset\val\algae_bloom_9969.png,0
C:/Users/somal/OneDrive/Desktop/Capstone_Model/algae_bloom_dataset\val\algae_bloom_9970.png,0
C:/Users/somal/OneDrive/Desktop/Capstone_Model/algae_bloom_dataset\val\algae_bloom_9971.png,1
C:/Users/somal/OneDrive/Desktop/Capstone_Model/algae_bloom_dataset\val\algae_bloom_9972.png,0
C:/Users/somal/OneDrive/Desktop/Capstone_Model/algae_bloom_dataset\val\algae_bloom_9973.png,0
C:/Users/somal/OneDrive/Desktop/Capstone_Model/algae_bloom_dataset\val\algae_bloom_9974.png,1
C:/Users/somal/OneDrive/Desktop/Capstone_Model/algae_bloom_dataset\val\algae_bloom_9975.png,1
C:/Users/somal/OneDrive/Desktop/Capstone_Model/algae_bloom_dataset\val\algae_bloom_9976.png,0
C:/Users/somal/OneDrive/Desktop/Capstone_Model/algae_bloom_dataset\val\algae_bloom_9977.png,0
C:/Users/somal/OneDrive/Desktop/Capstone_Model/algae_bloom_dataset\val\algae_bloom_9978.png,1
C:/Users/somal/OneDrive/Desktop/Capstone_Model/algae_bloom_dataset\val\algae_bloom_9979.png,0
C:/Users/somal/OneDrive/Desktop/Capstone_Model/algae_bloom_dataset\val\algae_bloom_9980.png,1
C:/Users/somal/OneDrive/Desktop/Capstone_Model/algae_bloom_dataset\val\algae_bloom_9981.png,1
C:/Users/somal/OneDrive/Desktop/Capstone_Model/algae_bloom_dataset\val\algae_bloom_9982.png,0
C:/Users/somal/OneDrive/Desktop/Capstone_Model/algae_bloom_dataset\val\algae_bloom_9983.png,0
C:/Users/somal/OneDrive/Desktop/Capstone_Model/algae_bloom_dataset\val\algae_bloom_9984.png,1
C:/Users/somal/OneDrive/Desktop/Capstone_Model/algae_bloom_dataset\val\algae_bloom_9985.png,1
C:/Users/somal/OneDrive/Desktop/Capstone_Model/algae_bloom_dataset\val\algae_bloom_9986.png,0
C:/Users/somal/OneDrive/Desktop/Capstone_Model/algae_bloom_dataset\val\algae_bloom_9987.png,0
C:/Users/somal/OneDrive/Desktop/Capstone_Model/algae_bloom_dataset\val\algae_bloom_9988.png,1
C:/Users/somal/OneDrive/Desktop/Capstone_Model/algae_bloom_dataset\val\algae_bloom_9989.png,1
C:/Users/somal/OneDrive/Desktop/Capstone_Model/algae_bloom_dataset\val\algae_bloom_9990.png,0
C:/Users/somal/OneDrive/Desktop/Capstone_Model/algae_bloom_dataset\val\algae_bloom_9991.png,1
C:/Users/somal/OneDrive/Desktop/Capstone_Model/algae_bloom_dataset\val\algae_bloom_9992.png,0
C:/Users/somal/OneDrive/Desktop/Capstone_Model/algae_bloom_dataset\val\algae_bloom_9993.png,0
C:/Users/somal/OneDrive/Desktop/Capstone_Model/algae_bloom_dataset\val\algae_bloom_9994.png,0
C:/Users/somal/OneDrive/Desktop/Capstone_Model/algae_bloom_dataset\val\algae_bloom_9995.png,0
C:/Users/somal/OneDrive/Desktop/Capstone_Model/algae_bloom_dataset\val\algae_bloom_9996.png,0
C:/Users/somal/OneDrive/Desktop/Capstone_Model/algae_bloom_dataset\val\algae_bloom_9997.png,0
C:/Users/somal/OneDrive/Desktop/Capstone_Model/algae_bloom_dataset\val\algae_bloom_9998.png,0
C:/Users/somal/OneDrive/Desktop/Capstone_Model/algae_bloom_dataset\val\algae_bloom_9999.png,0
